-- MySQL dump 10.15  Distrib 10.0.17-MariaDB, for Linux (x86_64)
--
-- Host: localhost    Database: agility
-- ------------------------------------------------------
-- Server version	10.0.17-MariaDB

/*!40101 SET @OLD_CHARACTER_SET_CLIENT=@@CHARACTER_SET_CLIENT */;
/*!40101 SET @OLD_CHARACTER_SET_RESULTS=@@CHARACTER_SET_RESULTS */;
/*!40101 SET @OLD_COLLATION_CONNECTION=@@COLLATION_CONNECTION */;
/*!40101 SET NAMES utf8 */;
/*!40103 SET @OLD_TIME_ZONE=@@TIME_ZONE */;
/*!40103 SET TIME_ZONE='+00:00' */;
/*!40014 SET @OLD_UNIQUE_CHECKS=@@UNIQUE_CHECKS, UNIQUE_CHECKS=0 */;
/*!40014 SET @OLD_FOREIGN_KEY_CHECKS=@@FOREIGN_KEY_CHECKS, FOREIGN_KEY_CHECKS=0 */;
/*!40101 SET @OLD_SQL_MODE=@@SQL_MODE, SQL_MODE='NO_AUTO_VALUE_ON_ZERO' */;
/*!40111 SET @OLD_SQL_NOTES=@@SQL_NOTES, SQL_NOTES=0 */;

--
-- Table structure for table `categorias_perro`
--

DROP TABLE IF EXISTS `categorias_perro`;
/*!40101 SET @saved_cs_client     = @@character_set_client */;
/*!40101 SET character_set_client = utf8 */;
CREATE TABLE `categorias_perro` (
  `Categoria` varchar(1) NOT NULL DEFAULT '-',
  `Observaciones` varchar(255) DEFAULT NULL,
  PRIMARY KEY (`Categoria`)
) ENGINE=InnoDB DEFAULT CHARSET=utf8;
/*!40101 SET character_set_client = @saved_cs_client */;

--
-- Dumping data for table `categorias_perro`
--

LOCK TABLES `categorias_perro` WRITE;
/*!40000 ALTER TABLE `categorias_perro` DISABLE KEYS */;
INSERT INTO `categorias_perro` VALUES 
('-','Sin especificar'),
('L','Large - Standard - 60'),
('M','Medium - Midi - 50'),
('S','Small - Mini - 40'),
('T','Tiny - Toy - 30');
/*!40000 ALTER TABLE `categorias_perro` ENABLE KEYS */;
UNLOCK TABLES;

--
-- Table structure for table `clubes`
--

DROP TABLE IF EXISTS `clubes`;
/*!40101 SET @saved_cs_client     = @@character_set_client */;
/*!40101 SET character_set_client = utf8 */;
CREATE TABLE `clubes` (
  `ID` int(4) NOT NULL AUTO_INCREMENT,
  `Nombre` varchar(255) NOT NULL DEFAULT '',
  `NombreLargo` varchar(255) NOT NULL DEFAULT '""',
  `Direccion1` varchar(255) DEFAULT NULL,
  `Direccion2` varchar(255) DEFAULT NULL,
  `Provincia` varchar(32) NOT NULL DEFAULT '-- Sin asignar --',
  `Pais` varchar(32) NOT NULL DEFAULT 'España',
  `Contacto1` varchar(255) DEFAULT NULL,
  `Contacto2` varchar(255) DEFAULT NULL,
  `Contacto3` varchar(255) DEFAULT NULL,
  `GPS` varchar(255) DEFAULT NULL,
  `Web` varchar(255) DEFAULT NULL,
  `Email` varchar(255) DEFAULT NULL,
  `Facebook` varchar(255) DEFAULT NULL,
  `Google` varchar(255) DEFAULT NULL,
  `Twitter` varchar(255) DEFAULT NULL,
  `Logo` varchar(255) DEFAULT 'rsce.png',
  `Federations` int(4) NOT NULL DEFAULT '1',
  `Observaciones` varchar(255) DEFAULT NULL,
  `Baja` tinyint(1) NOT NULL DEFAULT '0',
  PRIMARY KEY (`ID`),
  KEY `Clubes_Nombre` (`Nombre`),
  KEY `Clubes_Provincia` (`Provincia`),
  CONSTRAINT `Clubes_ibfk_1` FOREIGN KEY (`Provincia`) REFERENCES `provincias` (`Provincia`) ON UPDATE CASCADE
) ENGINE=InnoDB AUTO_INCREMENT=109 DEFAULT CHARSET=utf8;
/*!40101 SET character_set_client = @saved_cs_client */;

--
-- Dumping data for table `clubes`
--

LOCK TABLES `clubes` WRITE;
/*!40000 ALTER TABLE `clubes` DISABLE KEYS */;
INSERT INTO `clubes` VALUES 
(1,'-- Sin asignar --','\"\"','','','-- Sin asignar --','España','','','','','','','','','','rsce.png',7,'NO BORRAR ESTA ENTRADA. SE USARA PARA AQUELLOS GUIAS QUE NO TENGAN CLUB ASIGNADO',0),
(2,'AA Y CIA','\"\"','28609 Sevilla La Nueva (Madrid)','','Madrid','España','+ 34 619 29 03 98','','','','','arribas.anabel@gmail.com','','','','aaycia.png',3,'',0),
(3,'ACADE','\"\"','Salvadas, 41, 2º C','15705 Santiago de Compostela','Coruña, A','España','+ 34 620 29 58 31','+ 34 881 93 95 5','','','http://www.asociacionacade.com/','asociacioncansdeportistas@gmail.com','','','','acade.png',3,'',0),
(4,'Agilcan','\"\"','Paseo de los Olivos 10','28330 San Martin de la Vega','Madrid','España','634 417 893','918 946 096','659 146 878','','http://www.agilcan.es/','info@agilcan.es','','','','agilcan.png',7,'',0),
(5,'Alhambra','\"\"','Urano, 24','18200 Maracena (Granada)','Granada','España',' + 34 958 42 12 85 ','','','','','agilityalhambra@hotmail.com','','','','alhambra.png',1,'',0),
(6,'Askizu','\"\"','Caserio Benta - Barrio Askizu','20808 Getaria (Guipúzcoa)','Gipuzkoa/Guipúzcoa','España','+ 34 656 76 60 65','','','','http://www.agilityaskizu.com/','antonio@agilityaskizu.com','','','','askizu.png',3,'',0),
(7,'Badalona','\"\"','Camí del Xiprers, s/n','08916 Badalona (Barcelona)','Barcelona','España',' + 34 93 597 23 53 ',' + 34 676 48 99 40 ','','','http://www.agilitybadalona.con/','info@agilitybadalona.com','','','','badalona.png',1,'',0),
(8,'Baix Llobregat','\"\"','Enric Borras, 10','08820 El Prat de Llobregat (Barcelona)','Barcelona','España','+34 695 79 42 74','','','','http://www.agilitybaixllobregat.com/','agilitybaixllobregat@hotmail.com','','','','baix_llobregat.png',1,'',0),
(9,'Campo de Gibraltar','\"\"','Arbol de la Paz, 4','11205 Algeciras (Cádiz)','Cádiz','España',' + 34 647 80 32 64 ','','','','','villa-zahara@hotmail.com','','','','campo_de_gibraltar.png',3,'',0),
(10,'Camu','\"\"','Párraco Pedro Lozano, 26','30007 Zarandona (Murcia)','Murcia','España','+ 34 636 25 19 39','','','','','clubagilitymurcia@hotmail.com','','','','camu.png',1,'',0),
(11,'Can Natura','\"\"','Peñella Baja, 1','33310 Cabranes (Asturias)','Asturias','España','+ 34 696 86 08 63','','','','http://www.cannatura.net/','cannatura@hotmail.com','','','','cannatura.png',3,'',0),
(12,'Canedupo','\"\"','Serra de Ancares, 18','27004 Lugo','Lugo','España','636 507 468.','','','','','lugo@canedupo.com','','','','canedupo.png',1,'',0),
(13,'Canic','\"\"','Sant Pere, 10','08392 Llavaneres (Barcelona)','Barcelona','España','+ 34 93 792 76 55','','','','http://www.agilitycanic.cat/','info@agilitycanic.cat','','','','canic.png',1,'',0),
(14,'Canino Algecireño','\"\"','Los Naranjos, 8','11380 Tarifa (Cádiz)','Cádiz','España',' + 34 663 55 86 42 ','','','','','arquikm@gmail.com','','','','canino_algecireno.png',3,'',0),
(15,'Castellón','\"\"','Mar Cantábrico, 2, 1º C','12100 Grao de Castellón (Castellón)','Castellón/Castelló','España','+ 34 964 28 61 52','+ 34 625 82 25 35','','','http://www.agilitycastellon.es/','agilitycastellon@gmx.es','','','','castellon.png',1,'',0),
(16,'Cinco Huesos','\"\"','Paseo de los Pozos, Km. 1,2','28813 Torres de la Alameda','Madrid','España','+ 34 91 832 83 00 ','+ 34 691 77 75 24 ','','','http://www.cincohuesos.com/','cincohuesos@gmail.com','','','','cinco_huesos.png',1,'Antiguo club \"Apata\"',0),
(17,'Ciudad de Antequera','\"\"','','','Málaga','España','','','','','','losparejos@hotmail.com','','','','ciudad_de_antequera.png',2,'Baja 28-enero-2014 en RSCE',1),
(18,'Ciutat Comtal','\"\"','Escultor Llimona, 38-40, Entr. 2ª','08031 Barcelona','Barcelona','España',' + 34 645 85 10 06 ','','','','http://www.agilitybarcelona.com/','info@agilitybarcelona.com','','','','ciutat_comtal.png',1,'',0),
(19,'Ciutat de Valencia','\"\"','Sequia de Calvera, 33, Bajo','46910 Sedaví (Valencia)','Valencia/Valéncia','España','','','','','http://www.bichopeludo.com/ciutat_de_valencia.html','ciutatdevalencia@bichopeludo.com','','','','ciutat_de_valencia.png',1,'',0),
(20,'Clotet','\"\"','Apdo. de correos 517','12500 Vinaroz (Castellón)','Castellón/Castelló','España','+ 34 687 52 38 11','','','','http://www.degarrof.com/','declotet@hotmail.com','','','','clotet.png',1,'',0),
(21,'Cornella','\"\"','Mn. Andreu, 13-19','08940 Cornellà de Llobregat (Barcelona)','Barcelona','España','+ 34 638 98 75 91','','','','http://www.agilitycornella.com/','info@agilitycornella.com','','','','cornella.png',1,'',0),
(22,'Correcan','\"\"',' Lóndrés, 58, 1º D','28850 Torrejón de Ardoz (Madrid)','Madrid','España','+ 34 668 86 76 81','','','','http://www.correcan.es/','info@correcan.es','','','','correcan.png',1,'',0),
(23,'Costa Azahar','\"\"','Camino Caminas, 223 - Apdo. de correos 717','12080 Castellón','Castellón/Castelló','España','+ 34 964 76 60 83','','','','http://www.mediterraniacentrocanino.com/','info@mediterraniacentrocanino.com','','','','costa_azahar.png',3,'',0),
(24,'Costa Blanca','\"\"','C/ Baltasar Gracián Nº3, Urb. Montecid','03670 Monforte del Cid ','Alicante/Alacant','España',NULL,NULL,NULL,NULL,'http://www.agilitycostablanca.com/','agility@agilitycostablanca.com',NULL,NULL,NULL,'costa_blanca.png',1,NULL,0),
(25,'Cousadecans','\"\"','Lugar de Foxo, s/n - San Vicente de Vigo','15175 Carral (La Coruña)','Coruña, A','España','+ 34 652 83 28 34','+ 34 620 67 61 40','','','','cousadecans@gmail.com','','','','cousadecans.png',1,'',0),
(26,'Cuatro Patas','\"\"','Club social Urb/ El Socorro','Carmona','Sevilla','España','630 52 72 42 (Isaac) ','615 45 58 78 (Rafa)','','N 37.43865 - W 5.79858','','agiltiy4patas@hotmail.com','','','','cuatro_patas.png',1,'',1),
(27,'Cubas','\"\"','Paseo de los Cipreses s/n','Cubas de la Sagra','Madrid','España','918143395','619 56 43 49','','','http://clubagilitycubas.es/','clubagilitycubas@terra.com','','','','cubas.png',3,'',0),
(28,'Deporcan','\"\"','Jazmín, 16, Entreplanta','28033 Madrid','Madrid','España','629 843 681',' + 34 91 302 44 35','','40.32132, -3.41895','http://www.clubagilityboadilla.org/','agility.deporcan@gmail.com','','','','deporcan.png',3,'Antiguo \"Club Boadilla\"',0),
(29,'Depordog','\"\"','Avd del Mueble s/n','11130 Chiclana','Cádiz','España','652 73 45 17','','','','http://www.clubagilitydepordog.es/','ildegolo@hotmail.com','','','','depordog.png',3,'',0),
(30,'Educan','\"\"','Mester de Juglaría, 20','28978 Cubas de la Sagra (Madrid)','Madrid','España','617 469 312','+ 34 676 67 76 38','','','http://www.madrid.educan.es/','agility.madrid@educan.es','','','','educan.png',1,'',0),
(31,'El Hechizo del Border C.','\"\"','Ctra. Monserrat, Km. 7\'5, nº 26','46900 Torrent ','Valencia/Valéncia','España','+ 34 96 156 56 75',NULL,NULL,NULL,'http://www.elhechizo.com/','elhechizobc@gmail.com',NULL,NULL,NULL,'el_hechizo_del_border_collie.png',1,NULL,0),
(32,'El Nogueral','\"\"','Cami del Camp, 23','03460 Beneixama','Alicante/Alacant','España','+ 34 695 45 23 69',NULL,NULL,NULL,'http://www.clubagility.es/','info@clubagility.es',NULL,NULL,NULL,'el_nogueral.png',1,NULL,0),
(33,'El Tramusser Benifaio','\"\"','Polígono 16 - Cami Prefasic','46450 Benifaió (Valencia)','Valencia/Valéncia','España','+ 34 678 57 47 86','','','','http://www.escuelacaninavalencia.com/','madamagility@hotmail.com','','','','el_tramusser_benifaio.png',3,'',0),
(34,'Els Dimonis de Bascara','\"\"','Apartado de correos 241','17600 Figueres (Gerona)','Girona/Gerona','España',' + 34 657 20 44 81','','','','http://www.dimonisdebascara.cat/','dimonisdebascara@hotmail.es','','','','els_dimonis_de_bascara.png',1,'',0),
(35,'Eslón','\"\"','Carretera de Carranque s/n','Serranillos del Valle','Madrid','España','657 209 274','','','','http://www.agilityeslon.com','info@agilityeslon.com','','','','eslon.png',3,'',0),
(36,'Euskadi','\"\"','Club de Agility Euskadi. Beike Bidea, 2, 2º Dcha','48950 Asua - Erandio (Vizcaya)','Bizkaia/Vizcaya','España','619 423 720 - Pedro Martinez','','','',' www.agilityeuskadi.com','info@agilityeuskadi.com','','','','euskadi.png',1,'',0),
(37,'Hoop Agility','\"\"','Alberto Conti, 8, 7º C','28935 Móstoles (Madrid)','Madrid','España','+ 34 635 65 78 42','','','','http://www.agilityclub.es/','info@agilityclub.es','','','','hoop.png',1,'',0),
(38,'Illa Blanca','\"\"','Washington, 18, 2º','07820 San Antonio de Portmany (Ibiza)','Balears, Illes','España','+ 34 672 32 39 22',NULL,NULL,NULL,'http://www.agilityillablanca.com/','info@agilityillablanca.com',NULL,NULL,NULL,'illa_blanca.png',1,NULL,0),
(39,'Indog Maria de Huerva','\"\"','Calle Orfeón 13  Nave A','50410  Cuarte de Huerva','Zaragoza','España','','','','','http://www.agilityindog.com/','info@agilityindog.com','','','','indog.png',3,'',0),
(40,'Junior','\"\"','Calle de la Fuente, nº 8','16162-Villar del Horno','Cuenca','España','626389032','','','','http://www.agilityjunior.es/','agilityjunior@gmail.com','','','','junior.png',1,'Baja Enero 2015',1),
(41,'Kai Argi','\"\"','Oiartzun, 6, Entlo. B','20110 Pasaia San Pedro (Guipúzcoa)','Gipuzkoa/Guipúzcoa','España','+ 34 656 71 51 31','','','','http://www.kaiargi.com','kaiargi@kaiargi.com','','','','kai_argi.png',1,'',0),
(42,'L\'Almozara','\"\"','Camino de Pinseque, 147-A','50190 Garrapinillos (Zaragoza)','Zaragoza','España',' + 34 637 54 15 86','','','','','','','','','almozara.png',1,'',0),
(43,'L\'Horta Nord','\"\"','Vora Vía, 2','46132 Almassera (Valencia)','Valencia/Valéncia','España','+ 34 651 30 41 47','','','','http://clubagilitylhortanord.blogspot.com.es/','','https://www.facebook.com/agility.lhortanordvalencia','','','horta_nord.png',1,'',0),
(44,'La Daga','\"\"','25230 Mollerussa (Lérida)','','Lleida/Lérida','España',' + 34 660 72 04 90 ','','','','http://www.clubagilityladaga.blogspot.com/','niisia84@hotmail.com','','','','la_daga.png',1,'',0),
(45,'La Dama','\"\"','Partida de las Casicas, 5','03330 Crevillente (Alicante) – España','Alicante/Alacant','España',' +34 622 109 409','','',' 38° 10′ 44″ N – 0° 48′ 30″ W”','http://www.agilityladama.com/ladama/','agilityladama@gmail.com','','','','la_dama.png',3,'',0),
(46,'La Manada','\"\"','Partida Calvet, 37, Bajo','46120 Alboraia (Valencia)','Valencia/Valéncia','España','+ 34 659 89 78 40 (Vicent)','','','39° 29\' 47.55\'\' N - 0° 20\' 37.1\'\' W','http://www.la-manada.org/agility/','info@la-manada.org','','','','la_manada.png',1,'',0),
(47,'La Palma','\"\"','Paraje Los Pérez de Arriba','30593 La Palma - Cartagena (Murcia)','Murcia','España',' + 34 669 23 31 83','','','','http://www.agilitycartagena.com/','agilitycartagena@gmail.com','','','','la_palma.png',1,'',0),
(48,'La Princesa','\"\"','Ocaña, 104, Bajo','28047 Madrid','Madrid','España','+ 34 91 465 50 05 ','','','+40° 19\' 35,41\", -3° 50\' 50,61\" ','http://www.agilitylaprincesa.es/','agilitylaprincesa@gmail.com','','','','la_princesa.png',1,'',0),
(49,'La Ribera','\"\"','Plaza España, 11','50638 Cabañas de Ebro (Zaragoza)','Zaragoza','España',' + 34 976 75 86 33',' + 34 649 58 65 98 ','','','http://www.agilitylaribera.es/','agilitylaribera@hotmail.com','','','','la_ribera.png',1,'',0),
(50,'La Selva','\"\"','Carretera Vella de Riudarenes, s/n','17430 Santa Coloma de Farners (Gerona)','Girona/Gerona','España','+ 34 606 77 64 65',' + 34 629 36 37 39','','','http://www.asscaninalaselva.com/','agility@asscaninalaselva.com','','','','la_selva.png',1,'',0),
(51,'Lealcan','\"\"','José Luis Sampedro, 14, 2º D','28529 Rivas Vaciamadrid (Madrid)','Madrid','España',': + 34 646 44 45 55','','','','http://www.lealcan.com/','info@lealcan.com','','','','lealcan.png',3,'',0),
(52,'Maresme','\"\"','Santiago Rusiñol, 90','08340 Vilassar de Mar (Barcelona)','Barcelona','España',' + 34 93 759 70 54 ','','','','','agilitymaresme@telefonica.net','','','','maresme.png',1,'',0),
(53,'Marvi','\"\"','40 Pins, 36 - Urb. Roca II','08430 La Roca del Valles (Barcelona)','Barcelona','España','+ 34 93 842 21 05 ','','','','','Marvistel@hotmail.com','','','','marvi.png',1,'',0),
(54,'Mediterráneo','\"\"','Senda Estrecha, 14','30011 Murcia','Murcia','España','+ 34 968 25 77 83','+ 34 677 40 98 57','','','','','','','','mediterraneo.png',1,'',0),
(55,'Mi Perro 10','\"\"','Andalucía, 25','28750 San Agustín de Guadalix (Madrid)','Madrid','España','+ 34 651 91 41 46','','','','http://www.miperro10.com/','info@miperro10.com','','','','mi_perro_10.png',7,'',0),
(56,'Miramar','\"\"','Carrer del Llorer, 3','08789 La Torre de Claramunt (Barcelona)','Barcelona','España','+ 34 679 27 27 91 ','','','','','jmtorres323@gmail.com','','','','miramar.png',1,'',0),
(57,'Negreira','\"\"','Avda. Recinto Ferial, 2, 4º A','36540 Silleda (Pontevedra)','Pontevedra','España','+ 34 629 50 71 76','','','','','','','','','negreira.png',3,'',0),
(58,'Neo Reus','\"\"','Mª Aurelia Campany, 4, 6º, 2º','43204 Reus (Tarragona)','Tarragona','España','+ 34 616 44 62 41','','','','','agilityneo@hotmail.com','','','','neo_reus.png',1,'',0),
(59,'Palaciego','\"\"','Roble, 7','41720 Los Palacios y Villafranca (Sevilla)','Sevilla','España','+ 34 619 12 73 25 ','','','','http://www.actiweb.es/palaciego/','','https://www.facebook.com/pages/Club-Deportivo-Agility-Palaciego/192778427478835','','','palaciego.png',3,'',0),
(60,'Agility Cantabria','\"\"','Barrio Las Torcas 93A chalet 5','39618 Pontejos','Cantabria','España','+ 34 625 65 67 96 ','','','','http://www.agilitycantabria.com/','agilitycantabria@gmail.com','','','','parbayon.png',1,'',0),
(61,'Parque del Alamillo','\"\"','Antonio Machín, 9, 1º Izda.','41009 Sevilla','Sevilla','España',' + 34 655 76 46 03','+ 34 95 443 45 77 ','','','http://www.clubagilityalamillo.com/','clubagilityalamillo@hotmail.com','','','','parque_del_alamillo.png',1,'',0),
(62,'Pataplán','\"\"',' N-320a carretera de Valencia Km.134.','','Cuenca','España',' Juan José González (Presidente del Club) - tfn: 639776502','	 Javier Martínez (Tesorero y Webmaster) - tfn: 605914763','','N40.033819,W2.11415','http://www.agilitypataplan.es/','info@agilitypataplan.es','','','','pataplan.png',3,'',0),
(63,'Patas','\"\"','Ameixoada, 28C','36954 Moaña (Pontevedra)','Pontevedra','España','+ 34 986 31 10 13','+ 34 659 01 36 68 ','','','http://patas.blogaliza.org/','agilitypatas@hotmail.com','','','','patas.png',1,'',0),
(64,'Paterna','\"\"','Cid Campeador, 12-13','46980 Paterna (Valencia)','Valencia/Valéncia','España','+ 34 677 72 27 30','','','','http://www.agilitypaterna.com/','info@agilitypaterna.com','','','','paterna.png',1,'',0),
(65,'Pican','\"\"','Marqués de Dos Aguas, 39, p. 8','46220 Picassent (Valencia)','Valencia/Valéncia','España','+ 34 687 70 69 90','','','','','clubagilitypican@gmail.com','','','','pican.png',1,'',0),
(66,'Pura Vida','\"\"','Almendro, 3, Bl. 2, 1º C','28710 El Molar (Madrid)','Madrid','España',' + 34 680 19 08 42','','','','http://www.mascotaspuravida.es/','agility@mascotaspuravida.es','','','','pura_vida.png',1,'',0),
(67,'Santa Quiteria','\"\"','08410 Vilanova del Valles (Barcelona)','','Barcelona','España','+ 34 651 89 21 07','','','','http://www.agilitysantaquiteria.es/','info@agilitysantaquiteria.es','','','','santa_quiteria.png',1,'',0),
(68,'Star Can','\"\"','Avda. del Vincle, 28','03560 Campello (Alicante)','Alicante/Alacant','España','+ 34 96 563 01 60','(Ana Alonso) anastarcan@hotmail.com','','W 0º 33´ 03\" N 38º 22´31\"','http://www.starcan.es/','nsoler@starcan.es','','','','star_can.png',1,'',0),
(69,'Talavera','\"\"','Cervera - Local 39','45600 Talavera de la Reina (Toledo)','Toledo','España','+ 34 610 01 79 75 ','','','','','reinaboxtalavera@hotmail.com','','','','talavera.png',1,'',0),
(70,'Tandem','\"\"','Carretera M413 km 8,5 de Arroyomolinos a Moraleja de Enmedio','Madrid.','Madrid','España','687 964891','627 964845','','','','informacion@agilitytandem.es','','','','tandem.png',3,'',0),
(71,'Tercans','\"\"','Reibon, 192-A  -  Meira','36955 Moaña (Pontevedra)','Pontevedra','España',' + 34 617 34 07 63 ','','','','','tercans@gmail.com','','','','tercans.png',3,'',0),
(72,'Torrevieja','\"\"','Moriones, 43, 3º E','03182 Torrevieja (Alicante)','Alicante/Alacant','España','+ 34 635 41 30 31','','','','','info.agilitytorrevieja@gmail.com','','','','torrevieja.png',3,'',0),
(73,'Toskahua','\"\"','Cmno Santa Pau, 233 Garrapinillos-ZARAGOZA','','Zaragoza','España','Tel.- 976-780583 movil.-666-436111','','','','http://perso.wanadoo.es/vjuan/agility.htm','grupotoskahua@eresmas.com','','','','toskaua.png',1,'',0),
(74,'Valles Club Cani','\"\"','08140 Caldes de Montbui (Barcelona)','','Barcelona','España',' telèfon:    619 28 68 82 ','','',' N 41º 37\' 07\'\'    E 2º 10\' 31.7\'\'','','info@vallesgrupcani.org','','','','valles_club_cani.png',1,'',0),
(75,'Vallgorguina','\"\"','Vila Carina Ctra. C-61, Km. 15,5','08471 Vallgorguina (Barcelona)','Barcelona','España','+ 34 93 867 93 18 ','+ 34 600 00 54 99 ','','','','agilityvallgorguina@centrecani.cat','','','','vallgorguina.png',1,'',0),
(76,'Vila-Real','\"\"','Padre Lluis María Llop, 54, 1º B','12540 Vila-real (Castellón)','Castellón/Castelló','España','+ 34 964 52 40 09','','','','http://www.agilityvila-real.es/','agilityvilareal@gmail.com','','','','vila_real.png',1,'',0),
(77,'Vilcan','\"\"','Nou, 20','46270 Villanueva de Castellón (Valencia)','Valencia/Valéncia','España','+ 34 96 245 31 81','','','','','','','','','vilcan.png',1,'',0),
(78,'Villena','\"\"','Plaza El Rollo, 5','03400 Villena (Alicante)','Alicante/Alacant','España','+ 34 636 42 67 13','','','','http://clubagilityvillena.blogspot.com.es/','','','','','villena.png',1,'',0),
(79,'W.E.L.P.E.','\"\"','Polideportivo Municipal La Canaleja','Alcorcón','Madrid','España','+ 34 91 619 52 79','','','','http://www.grupowelpe.com','gwelpe@teleline.es','https://www.facebook.com/groups/484854411592829/','','@gwelpe','welpe.png',3,'',0),
(80,'Xanastur','\"\"',' Baleares, 39, 3º D','33208 Gijón (Asturias)','Asturias','España','+ 34 607 11 90 56','','','','http://www.xanastur.org/','xanasturcentrocanino@gmail.com','','','','xanastur.png',1,'',0),
(81,'Zampican','\"\"','Río Navía, 2','12006 Castellón','Castellón/Castelló','España','+ 34 629 07 06 75','','','','http://www.agilityzampican.es/','','','','','zampican.png',1,'',0),
(82,'Buscans','\"\"','07810 Cala de San Vicente (Ibiza)','','Balears, Illes','España',' + 34 661 02 12 6','+34 637 13 62 73','','','','buscans@hotmail.com','','','','buscans.png',1,'',0),
(83,'Eivissa','\"\"','Elx, s/n, B. 1, nº 4','07820 Sant Agusti - Sant Josep (Ibiza)','Balears, Illes','España','+ 34 971 34 58 28','+34 609 35 40 00','','','http://www.agilityeivissa.com/','info@agilityeivissa.com','','','','eivissa.png',1,'',0),
(84,'Insular','\"\"','Pablo Picasso','07820 San Antonio (Baleares)','Balears, Illes','España','+34 655 76 10 94','','','','http://www.agilityinsular.com/','agilityinsular@gmail.com','','','','insular.png',1,'',0),
(85,'Teocan','\"\"','Rarís, s/n','15883 Teo (La Coruña)','Coruña, A','España','+ 34 627 93 72 81','','','','','adteocan@gmail.com','','','','teocan.png',1,'',0),
(86,'Los Angeles de San Antón','\"\"','Camino del Tiro Pichón, 1','11500 El Puerto de Santa María','Cádiz','España','+ 34 667 48 61 06','+ 34 617 41 06 52','','','','cdagilityladsa@hotmail.com','','','','ladsa.png',1,'',0),
(87,'A-0','\"\"','Cº de los Santos, s/n - Avda. de la Vega, s/n','28500 Arganda del Rey','Madrid','España','+ 34 626 43 68 18','+ 34 646 79 51 55','','','','','','','','a_cero.png',3,'',0),
(88,'A. D. A. Pozuelo','\"\"','Felipe de la Guerra, 7','28224 Pozuelo de Alarcón','Madrid','España','','','','','','','','','','pozuelo.png',3,'',0),
(89,'El Campet de Pobla Llarga','\"\"','Partida Codona, Pol. 1 parc. 78','46670 La Poble Llarga','Valencia/Valéncia','España','669 088 200','606 428 438 ','','','','agilityelcampet@gmail.com','','','','campet.png',1,'',0),
(90,'La Huella','\"\"','Miguel Servet 80','46540 El Puig de Santa Maria','Valencia/Valéncia','España','','','','','','agilitylahuella@hotmail.com','','','','rsce.png',1,'',0),
(91,'Almussafes','\"\"','Camí Burriaga s/n (Parque Rural de Almussafes)','46440 Almussafes','Valencia/Valéncia','España','','','','','','','','','','almussafes.png',1,'',0),
(92,'Tinerfe','\"\"','Los Adernos s/n','38441 Santo Domingo - La Guancha','Santa Cruz de Te','España','','','','','','','','','','tenerife.png',1,'',0),
(93,'Tolouse Veto Agility','\"\"','','','-- Sin asignar --','España','','','','','','','','','','rsce.png',1,'',0),
(94,'Avila','\"\"','Camino de Avila, 4','05289 San Esteban de los Patos','Ávila','España','619 36 47 21','','','','','agilityavila@gmail.com','https://www.facebook.com/profile.php?id=100008197471949','','','avila.png',7,'',0),
(95,'Can Roja','\"\"','Ctra. C-1415a, Km. 31,400 Can Ramoneda','08181 Senmenat','Barcelona','España','93 864 36 71','656 35 97 95','','','http://www.canroja.com/','canroja@canroja.com','','','','canroja.png',1,'',0),
(96,'Trisquel','\"\"','Ferralgo s/n','33450 - Piedras Blancas (Castrillón)','Asturias','España','+34 606 40 68 00','','','43º33\'22,68\'\' N - 5º57\'30,66\'\' W','http://www.asturbox.es','info@asturbox.es','https://www.facebook.com/trisquel.adiestramientocanino?fref=ts','','','trisquel.png',3,'',0),
(97,'Kronos','\"\"','Carretera Reus','Ruidoms kmt 2.7','Tarragona','España','','','','','','agilitykronos@gmail.com','','','','kronos.png',1,'',0),
(98,'Alto Aragón','\"\"','Barbastro','','Huesca','España','','','','','','clubagilityaltoaragon@gmail.com','','','','alto_aragn.png',2,'',0),
(99,'Principado','\"\"','Hipica Porceyo','Porceyo, Gijón','Asturias','España','630958559','664365264','','','http://www.agilityprincipado.com/','info@agilityprincipado.com','','','','principado.png',2,'',0),
(100,'Petercan','\"\"','','','Madrid','España','','','','','','','','','','petercan.png',6,'',0),
(101,'Agility Pinto','\"\"','','','Madrid','España','','','','','','','','','','agility_pinto.png',6,'',0),
(102,'Agility Valladolid','\"\"','','','Valladolid','España','','','','','','','','','','agility_valladolid.png',6,'',0),
(103,'Formadog','\"\"','','','Madrid','España','','','','','','','','','','formadog.png',6,'',0),
(104,'Narub','\"\"','','','Madrid','España','','','','','','','','','','narub.png',6,'',0),
(105,'Black&White','\"\"','','','Madrid','España','','','','','','','','','','blackwhite.png',6,'',0),
(106,'Real Sociedad Canina Española','\"\"','','','Madrid','España','','','','','','','','','','rsce.png',1,'',0),
(107,'Real Federación Española de Caza','\"\"','','','Madrid','España','','','','','','','','','','rfec.png',2,'',0),
(108,'Unión de Clubes de Agility','\"\"','','','Madrid','España','','','','','','','','','','uca.png',4,'',0);
/*!40000 ALTER TABLE `clubes` ENABLE KEYS */;
UNLOCK TABLES;

--
-- Table structure for table `equipos`
--

DROP TABLE IF EXISTS `equipos`;
/*!40101 SET @saved_cs_client     = @@character_set_client */;
/*!40101 SET character_set_client = utf8 */;
CREATE TABLE `equipos` (
  `ID` int(4) NOT NULL AUTO_INCREMENT,
  `Prueba` int(4) NOT NULL DEFAULT '1',
  `Jornada` int(4) NOT NULL,
  `Orden` int(4) NOT NULL DEFAULT '1',
  `Categorias` varchar(16) NOT NULL DEFAULT '-LMST',
  `Nombre` varchar(255) NOT NULL,
  `Observaciones` varchar(255) DEFAULT NULL,
  `Miembros` text NOT NULL,
  `DefaultTeam` tinyint(1) NOT NULL DEFAULT '0',
  PRIMARY KEY (`ID`),
  UNIQUE KEY `Equipos_JornadaNombre` (`Jornada`,`Nombre`),
  KEY `Equipos_Prueba` (`Prueba`),
  KEY `Equipos_Jornada` (`Jornada`),
  CONSTRAINT `Equipos_ibfk_1` FOREIGN KEY (`Prueba`) REFERENCES `pruebas` (`ID`) ON DELETE CASCADE ON UPDATE CASCADE,
  CONSTRAINT `Equipos_ibfk_2` FOREIGN KEY (`Jornada`) REFERENCES `jornadas` (`ID`) ON DELETE CASCADE ON UPDATE CASCADE
) ENGINE=InnoDB AUTO_INCREMENT=94 DEFAULT CHARSET=utf8;
/*!40101 SET character_set_client = @saved_cs_client */;

--
-- Dumping data for table `equipos`
--

LOCK TABLES `equipos` WRITE;
/*!40000 ALTER TABLE `equipos` DISABLE KEYS */;
INSERT INTO `equipos` VALUES 
(1,1,1,1,'-LMST','-- Sin asignar --','NO BORRAR: PRUEBA 1 JORNADA 1 - Equipo por defecto','BEGIN,END',1),
(2,1,2,1,'-LMST','-- Sin asignar --','NO BORRAR: PRUEBA 1 JORNADA 2 - Equipo por defecto','BEGIN,END',1),
(3,1,3,1,'-LMST','-- Sin asignar --','NO BORRAR: PRUEBA 1 JORNADA 3 - Equipo por defecto','BEGIN,END',1),
(4,1,4,1,'-LMST','-- Sin asignar --','NO BORRAR: PRUEBA 1 JORNADA 4 - Equipo por defecto','BEGIN,END',1),
(5,1,5,1,'-LMST','-- Sin asignar --','NO BORRAR: PRUEBA 1 JORNADA 5 - Equipo por defecto','BEGIN,END',1),
(6,1,6,1,'-LMST','-- Sin asignar --','NO BORRAR: PRUEBA 1 JORNADA 6 - Equipo por defecto','BEGIN,END',1),
(7,1,7,1,'-LMST','-- Sin asignar --','NO BORRAR: PRUEBA 1 JORNADA 7 - Equipo por defecto','BEGIN,END',1),
(8,1,8,1,'-LMST','-- Sin asignar --','NO BORRAR: PRUEBA 1 JORNADA 8 - Equipo por defecto','BEGIN,END',1),
(9,2,9,0,'-LMST','-- Sin asignar --','NO BORRAR: PRUEBA 2 JORNADA 9 - Default Team','BEGIN,633,556,391,END',1),
(10,2,10,1,'-LMST','-- Sin asignar --','NO BORRAR: PRUEBA 2 JORNADA 10 - Default Team','BEGIN,633,644,585,389,66,9,417,589,8,414,45,692,350,351,609,84,52,156,397,413,556,390,391,END',1),
(11,2,11,1,'-LMST','-- Sin asignar --','NO BORRAR: PRUEBA 2 JORNADA 11 - Default Team','BEGIN,633,644,585,389,66,9,417,589,8,414,45,692,350,351,609,84,52,156,397,413,556,390,391,END',1),
(12,2,12,1,'-LMST','-- Sin asignar --','NO BORRAR: PRUEBA 2 JORNADA 12 - Default Team','BEGIN,END',1),
(13,2,13,1,'-LMST','-- Sin asignar --','NO BORRAR: PRUEBA 2 JORNADA 13 - Default Team','BEGIN,END',1),
(14,2,14,1,'-LMST','-- Sin asignar --','NO BORRAR: PRUEBA 2 JORNADA 14 - Default Team','BEGIN,END',1),
(15,2,15,1,'-LMST','-- Sin asignar --','NO BORRAR: PRUEBA 2 JORNADA 15 - Default Team','BEGIN,END',1),
(16,2,16,1,'-LMST','-- Sin asignar --','NO BORRAR: PRUEBA 2 JORNADA 16 - Default Team','BEGIN,END',1),
(17,2,9,2,'L','Equipo 1','','BEGIN,644,585,66,390,END',0),
(18,2,9,3,'L','Equipo 2','','BEGIN,8,589,414,397,END',0),
(19,2,9,4,'MS','Pequeñajos','','BEGIN,692,350,351,413,END',0),
(20,2,9,6,'L','Crak\'s team','','BEGIN,417,9,389,45,END',0),
(21,2,9,5,'L','Eslonians','','BEGIN,609,84,52,156,END',0),
(62,8,57,1,'-LMST','-- Sin asignar --','NO BORRAR: PRUEBA 8 JORNADA 57 - Default Team','BEGIN,1017,1016,1018,1033,1034,1035,1050,1026,1024,1025,1042,1043,1039,1053,1022,1023,1006,1008,1007,1031,1003,1002,1048,1047,1063,997,1041,1013,1004,1001,999,1021,1038,1005,1012,1030,1046,1000,1037,1011,1010,1060,1061,1062,1040,1058,1036,1009,1027,1028,1045,1044,1055,1054,1015,1032,1049,1067,1066,1014,1020,1019,1059,1056,1057,1029,1064,1065,1052,1051,END',1),
(63,8,58,1,'-LMST','-- Sin asignar --','NO BORRAR: PRUEBA 8 JORNADA 58 - Default Team','BEGIN,END',1),
(64,8,59,1,'-LMST','-- Sin asignar --','NO BORRAR: PRUEBA 8 JORNADA 59 - Default Team','BEGIN,END',1),
(65,8,60,1,'-LMST','-- Sin asignar --','NO BORRAR: PRUEBA 8 JORNADA 60 - Default Team','BEGIN,END',1),
(66,8,61,1,'-LMST','-- Sin asignar --','NO BORRAR: PRUEBA 8 JORNADA 61 - Default Team','BEGIN,END',1),
(67,8,62,1,'-LMST','-- Sin asignar --','NO BORRAR: PRUEBA 8 JORNADA 62 - Default Team','BEGIN,END',1),
(68,8,63,1,'-LMST','-- Sin asignar --','NO BORRAR: PRUEBA 8 JORNADA 63 - Default Team','BEGIN,END',1),
(69,8,64,1,'-LMST','-- Sin asignar --','NO BORRAR: PRUEBA 8 JORNADA 64 - Default Team','BEGIN,END',1),
(70,9,65,1,'-LMST','-- Sin asignar --','NO BORRAR: PRUEBA 9 JORNADA 65 - Default Team','BEGIN,1078,1076,1077,1085,1083,1080,1081,1084,1073,1075,1074,1079,END',1),
(71,9,66,1,'-LMST','-- Sin asignar --','NO BORRAR: PRUEBA 9 JORNADA 66 - Default Team','BEGIN,1078,1076,1077,1085,1083,1080,1081,1084,1073,1075,1074,1079,END',1),
(72,9,67,1,'-LMST','-- Sin asignar --','NO BORRAR: PRUEBA 9 JORNADA 67 - Default Team','BEGIN,END',1),
(73,9,68,1,'-LMST','-- Sin asignar --','NO BORRAR: PRUEBA 9 JORNADA 68 - Default Team','BEGIN,END',1),
(74,9,69,1,'-LMST','-- Sin asignar --','NO BORRAR: PRUEBA 9 JORNADA 69 - Default Team','BEGIN,END',1),
(75,9,70,1,'-LMST','-- Sin asignar --','NO BORRAR: PRUEBA 9 JORNADA 70 - Default Team','BEGIN,END',1),
(76,9,71,1,'-LMST','-- Sin asignar --','NO BORRAR: PRUEBA 9 JORNADA 71 - Default Team','BEGIN,END',1),
(77,9,72,1,'-LMST','-- Sin asignar --','NO BORRAR: PRUEBA 9 JORNADA 72 - Default Team','BEGIN,END',1),
(78,10,73,1,'-LMST','-- Sin asignar --','NO BORRAR: PRUEBA 10 JORNADA 73 - Default Team','BEGIN,1052,1086,1064,1065,1087,1061,1062,1010,1037,1040,1051,1029,1034,1025,1035,1042,1088,1030,1067,1020,1089,1027,1036,1054,1055,1028,1045,1009,1092,1090,1091,1100,1098,1096,1094,1097,1093,1095,1099,END',1),
(79,10,74,1,'-LMST','-- Sin asignar --','NO BORRAR: PRUEBA 10 JORNADA 74 - Default Team','BEGIN,END',1),
(80,10,75,1,'-LMST','-- Sin asignar --','NO BORRAR: PRUEBA 10 JORNADA 75 - Default Team','BEGIN,END',1),
(81,10,76,1,'-LMST','-- Sin asignar --','NO BORRAR: PRUEBA 10 JORNADA 76 - Default Team','BEGIN,END',1),
(82,10,77,1,'-LMST','-- Sin asignar --','NO BORRAR: PRUEBA 10 JORNADA 77 - Default Team','BEGIN,END',1),
(83,10,78,1,'-LMST','-- Sin asignar --','NO BORRAR: PRUEBA 10 JORNADA 78 - Default Team','BEGIN,END',1),
(84,10,79,1,'-LMST','-- Sin asignar --','NO BORRAR: PRUEBA 10 JORNADA 79 - Default Team','BEGIN,END',1),
(85,10,80,1,'-LMST','-- Sin asignar --','NO BORRAR: PRUEBA 10 JORNADA 80 - Default Team','BEGIN,END',1),
(86,11,81,1,'-LMST','-- Sin asignar --','NO BORRAR: PRUEBA 11 JORNADA 81 - Default Team','BEGIN,633,272,440,584,410,524,370,361,379,25,256,1102,785,1103,654,293,247,262,501,483,651,43,498,363,309,73,302,743,244,1104,647,648,27,85,607,350,496,447,493,499,401,57,423,1108,1109,1110,626,32,405,8,3,78,314,397,714,23,118,348,1111,601,517,62,279,505,407,642,386,408,301,312,342,602,492,292,10,576,40,100,461,969,316,389,560,369,629,355,618,1107,101,1072,34,565,561,588,573,384,377,577,995,442,98,147,111,488,502,1106,299,659,13,28,2,704,1112,723,391,148,END',1),
(87,11,82,1,'-LMST','-- Sin asignar --','NO BORRAR: PRUEBA 11 JORNADA 82 - Default Team','BEGIN,633,272,440,584,410,524,370,361,379,25,256,1102,785,1103,654,293,247,262,501,483,651,43,498,363,309,73,302,743,244,1104,647,648,27,85,607,350,496,447,493,499,401,57,423,1108,1109,1110,626,32,405,8,3,78,314,397,714,23,118,348,1111,601,517,62,279,505,407,642,386,408,301,312,342,602,492,292,10,576,40,100,461,969,316,71,1107,595,330,413,95,34,1101,167,1105,577,995,442,98,147,111,488,502,1106,299,659,13,28,2,704,723,391,148,END',1),
(88,11,83,1,'-LMST','-- Sin asignar --','NO BORRAR: PRUEBA 11 JORNADA 83 - Default Team','BEGIN,END',1),
(89,11,84,1,'-LMST','-- Sin asignar --','NO BORRAR: PRUEBA 11 JORNADA 84 - Default Team','BEGIN,END',1),
(90,11,85,1,'-LMST','-- Sin asignar --','NO BORRAR: PRUEBA 11 JORNADA 85 - Default Team','BEGIN,END',1),
(91,11,86,1,'-LMST','-- Sin asignar --','NO BORRAR: PRUEBA 11 JORNADA 86 - Default Team','BEGIN,END',1),
(92,11,87,1,'-LMST','-- Sin asignar --','NO BORRAR: PRUEBA 11 JORNADA 87 - Default Team','BEGIN,END',1),
(93,11,88,1,'-LMST','-- Sin asignar --','NO BORRAR: PRUEBA 11 JORNADA 88 - Default Team','BEGIN,END',1);
/*!40000 ALTER TABLE `equipos` ENABLE KEYS */;
UNLOCK TABLES;

--
-- Table structure for table `eventos`
--

DROP TABLE IF EXISTS `eventos`;
/*!40101 SET @saved_cs_client     = @@character_set_client */;
/*!40101 SET character_set_client = utf8 */;
CREATE TABLE `eventos` (
  `ID` int(4) NOT NULL AUTO_INCREMENT,
  `Session` int(4) NOT NULL,
  `Source` varchar(255) NOT NULL,
  `Type` varchar(255) NOT NULL,
  `Timestamp` timestamp NOT NULL DEFAULT CURRENT_TIMESTAMP,
  `Data` text NOT NULL,
  PRIMARY KEY (`ID`),
  KEY `Eventos_Session` (`Session`),
  CONSTRAINT `Eventos_ibfk_1` FOREIGN KEY (`Session`) REFERENCES `sesiones` (`ID`) ON DELETE CASCADE ON UPDATE CASCADE
) ENGINE=InnoDB AUTO_INCREMENT=304 DEFAULT CHARSET=utf8;
/*!40101 SET character_set_client = @saved_cs_client */;

--
-- Dumping data for table `eventos`
--

LOCK TABLES `eventos` WRITE;
/*!40000 ALTER TABLE `eventos` DISABLE KEYS */;
INSERT INTO `eventos` VALUES 
(36,2,'tablet_2','init','1970-01-01 00:00:02','{\"ID\":0,\"Session\":2,\"TimeStamp\":\"2015-05-06 12:32:04\",\"Type\":\"init\",\"Source\":\"tablet_2\",\"Pru\":2,\"Jor\":9,\"Mng\":0,\"Tnd\":0,\"Dog\":0,\"Drs\":0,\"Hot\":0,\"Flt\":-1,\"Toc\":-1,\"Reh\":-1,\"NPr\":-1,\"Eli\":-1,\"Tim\":-1,\"Value\":0}'),
(37,2,'tablet_function (a){var b,c,d,e=this[0];{if(arguments.length)return d=m.isFunction(a),this.each(function(c){var e;1===this.nodeType&&(e=d?a.call(this,c,m(this).val()):a,null==e?e=\\\"\\\":\\\"number\\\"==typeof e?e+=\\\"\\\":m.isArray(e)&&(e=m.map(e,function(a){retur','open','2015-05-06 10:32:09','{\"ID\":2,\"Session\":2,\"TimeStamp\":1430908329225,\"Type\":\"open\",\"Source\":\"tablet_function (a){var b,c,d,e=this[0];{if(arguments.length)return d=m.isFunction(a),this.each(function(c){var e;1===this.nodeType&&(e=d?a.call(this,c,m(this).val()):a,null==e?e=\\\\\\\"\\\\\\\":\\\\\\\"number\\\\\\\"==typeof e?e+=\\\\\\\"\\\\\\\":m.isArray(e)&&(e=m.map(e,function(a){return null==a?\\\\\\\"\\\\\\\":a+\\\\\\\"\\\\\\\"})),b=m.valHooks[this.type]||m.valHooks[this.nodeName.toLowerCase()],b&&\\\\\\\"set\\\\\\\"in b&&void 0!==b.set(this,e,\\\\\\\"value\\\\\\\")||(this.value=e))});if(e)return b=m.valHooks[e.type]||m.valHooks[e.nodeName.toLowerCase()],b&&\\\\\\\"get\\\\\\\"in b&&void 0!==(c=b.get(e,\\\\\\\"value\\\\\\\"))?c:(c=e.value,\\\\\\\"string\\\\\\\"==typeof c?c.replace(lc,\\\\\\\"\\\\\\\"):null==c?\\\\\\\"\\\\\\\":c)}}\",\"Pru\":2,\"Jor\":9,\"Mng\":1,\"Tnd\":153,\"Dog\":0,\"Drs\":0,\"Hot\":0,\"Flt\":-1,\"Toc\":-1,\"Reh\":-1,\"NPr\":-1,\"Eli\":-1,\"Tim\":-1,\"Value\":-1}'),
(38,2,'tablet_function (a){var b,c,d,e=this[0];{if(arguments.length)return d=m.isFunction(a),this.each(function(c){var e;1===this.nodeType&&(e=d?a.call(this,c,m(this).val()):a,null==e?e=\\\"\\\":\\\"number\\\"==typeof e?e+=\\\"\\\":m.isArray(e)&&(e=m.map(e,function(a){retur','open','2015-05-06 10:32:12','{\"ID\":2,\"Session\":2,\"TimeStamp\":1430908332579,\"Type\":\"open\",\"Source\":\"tablet_function (a){var b,c,d,e=this[0];{if(arguments.length)return d=m.isFunction(a),this.each(function(c){var e;1===this.nodeType&&(e=d?a.call(this,c,m(this).val()):a,null==e?e=\\\\\\\"\\\\\\\":\\\\\\\"number\\\\\\\"==typeof e?e+=\\\\\\\"\\\\\\\":m.isArray(e)&&(e=m.map(e,function(a){return null==a?\\\\\\\"\\\\\\\":a+\\\\\\\"\\\\\\\"})),b=m.valHooks[this.type]||m.valHooks[this.nodeName.toLowerCase()],b&&\\\\\\\"set\\\\\\\"in b&&void 0!==b.set(this,e,\\\\\\\"value\\\\\\\")||(this.value=e))});if(e)return b=m.valHooks[e.type]||m.valHooks[e.nodeName.toLowerCase()],b&&\\\\\\\"get\\\\\\\"in b&&void 0!==(c=b.get(e,\\\\\\\"value\\\\\\\"))?c:(c=e.value,\\\\\\\"string\\\\\\\"==typeof c?c.replace(lc,\\\\\\\"\\\\\\\"):null==c?\\\\\\\"\\\\\\\":c)}}\",\"Pru\":2,\"Jor\":9,\"Mng\":2,\"Tnd\":156,\"Dog\":0,\"Drs\":0,\"Hot\":0,\"Flt\":-1,\"Toc\":-1,\"Reh\":-1,\"NPr\":-1,\"Eli\":-1,\"Tim\":-1,\"Value\":-1}'),
(40,2,'tablet_2','init','1970-01-01 00:00:02','{\"ID\":0,\"Session\":2,\"TimeStamp\":\"2015-05-06 13:11:37\",\"Type\":\"init\",\"Source\":\"tablet_2\",\"Pru\":2,\"Jor\":9,\"Mng\":0,\"Tnd\":0,\"Dog\":0,\"Drs\":0,\"Hot\":0,\"Flt\":-1,\"Toc\":-1,\"Reh\":-1,\"NPr\":-1,\"Eli\":-1,\"Tim\":-1,\"Value\":0}'),
(42,2,'tablet_2','init','1970-01-01 00:00:02','{\"ID\":0,\"Session\":2,\"TimeStamp\":\"2015-05-06 13:19:47\",\"Type\":\"init\",\"Source\":\"tablet_2\",\"Pru\":2,\"Jor\":9,\"Mng\":0,\"Tnd\":0,\"Dog\":0,\"Drs\":0,\"Hot\":0,\"Flt\":-1,\"Toc\":-1,\"Reh\":-1,\"NPr\":-1,\"Eli\":-1,\"Tim\":-1,\"Value\":0}'),
(43,2,'tablet_function (a){var b,c,d,e=this[0];{if(arguments.length)return d=m.isFunction(a),this.each(function(c){var e;1===this.nodeType&&(e=d?a.call(this,c,m(this).val()):a,null==e?e=\\\"\\\":\\\"number\\\"==typeof e?e+=\\\"\\\":m.isArray(e)&&(e=m.map(e,function(a){retur','open','2015-05-06 11:19:53','{\"ID\":2,\"Session\":2,\"TimeStamp\":1430911193268,\"Type\":\"open\",\"Source\":\"tablet_function (a){var b,c,d,e=this[0];{if(arguments.length)return d=m.isFunction(a),this.each(function(c){var e;1===this.nodeType&&(e=d?a.call(this,c,m(this).val()):a,null==e?e=\\\\\\\"\\\\\\\":\\\\\\\"number\\\\\\\"==typeof e?e+=\\\\\\\"\\\\\\\":m.isArray(e)&&(e=m.map(e,function(a){return null==a?\\\\\\\"\\\\\\\":a+\\\\\\\"\\\\\\\"})),b=m.valHooks[this.type]||m.valHooks[this.nodeName.toLowerCase()],b&&\\\\\\\"set\\\\\\\"in b&&void 0!==b.set(this,e,\\\\\\\"value\\\\\\\")||(this.value=e))});if(e)return b=m.valHooks[e.type]||m.valHooks[e.nodeName.toLowerCase()],b&&\\\\\\\"get\\\\\\\"in b&&void 0!==(c=b.get(e,\\\\\\\"value\\\\\\\"))?c:(c=e.value,\\\\\\\"string\\\\\\\"==typeof c?c.replace(lc,\\\\\\\"\\\\\\\"):null==c?\\\\\\\"\\\\\\\":c)}}\",\"Pru\":2,\"Jor\":9,\"Mng\":0,\"Tnd\":915,\"Dog\":0,\"Drs\":0,\"Hot\":0,\"Flt\":-1,\"Toc\":-1,\"Reh\":-1,\"NPr\":-1,\"Eli\":-1,\"Tim\":-1,\"Value\":-1}'),
(44,2,'tablet_function (a){var b,c,d,e=this[0];{if(arguments.length)return d=m.isFunction(a),this.each(function(c){var e;1===this.nodeType&&(e=d?a.call(this,c,m(this).val()):a,null==e?e=\\\"\\\":\\\"number\\\"==typeof e?e+=\\\"\\\":m.isArray(e)&&(e=m.map(e,function(a){retur','open','2015-05-06 11:19:54','{\"ID\":2,\"Session\":2,\"TimeStamp\":1430911194556,\"Type\":\"open\",\"Source\":\"tablet_function (a){var b,c,d,e=this[0];{if(arguments.length)return d=m.isFunction(a),this.each(function(c){var e;1===this.nodeType&&(e=d?a.call(this,c,m(this).val()):a,null==e?e=\\\\\\\"\\\\\\\":\\\\\\\"number\\\\\\\"==typeof e?e+=\\\\\\\"\\\\\\\":m.isArray(e)&&(e=m.map(e,function(a){return null==a?\\\\\\\"\\\\\\\":a+\\\\\\\"\\\\\\\"})),b=m.valHooks[this.type]||m.valHooks[this.nodeName.toLowerCase()],b&&\\\\\\\"set\\\\\\\"in b&&void 0!==b.set(this,e,\\\\\\\"value\\\\\\\")||(this.value=e))});if(e)return b=m.valHooks[e.type]||m.valHooks[e.nodeName.toLowerCase()],b&&\\\\\\\"get\\\\\\\"in b&&void 0!==(c=b.get(e,\\\\\\\"value\\\\\\\"))?c:(c=e.value,\\\\\\\"string\\\\\\\"==typeof c?c.replace(lc,\\\\\\\"\\\\\\\"):null==c?\\\\\\\"\\\\\\\":c)}}\",\"Pru\":2,\"Jor\":9,\"Mng\":0,\"Tnd\":917,\"Dog\":0,\"Drs\":0,\"Hot\":0,\"Flt\":-1,\"Toc\":-1,\"Reh\":-1,\"NPr\":-1,\"Eli\":-1,\"Tim\":-1,\"Value\":-1}'),
(45,2,'tablet_function (a){var b,c,d,e=this[0];{if(arguments.length)return d=m.isFunction(a),this.each(function(c){var e;1===this.nodeType&&(e=d?a.call(this,c,m(this).val()):a,null==e?e=\\\"\\\":\\\"number\\\"==typeof e?e+=\\\"\\\":m.isArray(e)&&(e=m.map(e,function(a){retur','open','2015-05-06 11:19:56','{\"ID\":2,\"Session\":2,\"TimeStamp\":1430911196642,\"Type\":\"open\",\"Source\":\"tablet_function (a){var b,c,d,e=this[0];{if(arguments.length)return d=m.isFunction(a),this.each(function(c){var e;1===this.nodeType&&(e=d?a.call(this,c,m(this).val()):a,null==e?e=\\\\\\\"\\\\\\\":\\\\\\\"number\\\\\\\"==typeof e?e+=\\\\\\\"\\\\\\\":m.isArray(e)&&(e=m.map(e,function(a){return null==a?\\\\\\\"\\\\\\\":a+\\\\\\\"\\\\\\\"})),b=m.valHooks[this.type]||m.valHooks[this.nodeName.toLowerCase()],b&&\\\\\\\"set\\\\\\\"in b&&void 0!==b.set(this,e,\\\\\\\"value\\\\\\\")||(this.value=e))});if(e)return b=m.valHooks[e.type]||m.valHooks[e.nodeName.toLowerCase()],b&&\\\\\\\"get\\\\\\\"in b&&void 0!==(c=b.get(e,\\\\\\\"value\\\\\\\"))?c:(c=e.value,\\\\\\\"string\\\\\\\"==typeof c?c.replace(lc,\\\\\\\"\\\\\\\"):null==c?\\\\\\\"\\\\\\\":c)}}\",\"Pru\":2,\"Jor\":9,\"Mng\":1,\"Tnd\":153,\"Dog\":0,\"Drs\":0,\"Hot\":0,\"Flt\":-1,\"Toc\":-1,\"Reh\":-1,\"NPr\":-1,\"Eli\":-1,\"Tim\":-1,\"Value\":-1}'),
(46,2,'tablet_function (a){var b,c,d,e=this[0];{if(arguments.length)return d=m.isFunction(a),this.each(function(c){var e;1===this.nodeType&&(e=d?a.call(this,c,m(this).val()):a,null==e?e=\\\"\\\":\\\"number\\\"==typeof e?e+=\\\"\\\":m.isArray(e)&&(e=m.map(e,function(a){retur','open','2015-05-06 11:21:47','{\"ID\":2,\"Session\":2,\"TimeStamp\":1430911307549,\"Type\":\"open\",\"Source\":\"tablet_function (a){var b,c,d,e=this[0];{if(arguments.length)return d=m.isFunction(a),this.each(function(c){var e;1===this.nodeType&&(e=d?a.call(this,c,m(this).val()):a,null==e?e=\\\\\\\"\\\\\\\":\\\\\\\"number\\\\\\\"==typeof e?e+=\\\\\\\"\\\\\\\":m.isArray(e)&&(e=m.map(e,function(a){return null==a?\\\\\\\"\\\\\\\":a+\\\\\\\"\\\\\\\"})),b=m.valHooks[this.type]||m.valHooks[this.nodeName.toLowerCase()],b&&\\\\\\\"set\\\\\\\"in b&&void 0!==b.set(this,e,\\\\\\\"value\\\\\\\")||(this.value=e))});if(e)return b=m.valHooks[e.type]||m.valHooks[e.nodeName.toLowerCase()],b&&\\\\\\\"get\\\\\\\"in b&&void 0!==(c=b.get(e,\\\\\\\"value\\\\\\\"))?c:(c=e.value,\\\\\\\"string\\\\\\\"==typeof c?c.replace(lc,\\\\\\\"\\\\\\\"):null==c?\\\\\\\"\\\\\\\":c)}}\",\"Pru\":2,\"Jor\":9,\"Mng\":0,\"Tnd\":915,\"Dog\":0,\"Drs\":0,\"Hot\":0,\"Flt\":-1,\"Toc\":-1,\"Reh\":-1,\"NPr\":-1,\"Eli\":-1,\"Tim\":-1,\"Value\":-1}'),
(47,2,'tablet_function (a){var b,c,d,e=this[0];{if(arguments.length)return d=m.isFunction(a),this.each(function(c){var e;1===this.nodeType&&(e=d?a.call(this,c,m(this).val()):a,null==e?e=\\\"\\\":\\\"number\\\"==typeof e?e+=\\\"\\\":m.isArray(e)&&(e=m.map(e,function(a){retur','open','2015-05-06 11:21:50','{\"ID\":2,\"Session\":2,\"TimeStamp\":1430911310256,\"Type\":\"open\",\"Source\":\"tablet_function (a){var b,c,d,e=this[0];{if(arguments.length)return d=m.isFunction(a),this.each(function(c){var e;1===this.nodeType&&(e=d?a.call(this,c,m(this).val()):a,null==e?e=\\\\\\\"\\\\\\\":\\\\\\\"number\\\\\\\"==typeof e?e+=\\\\\\\"\\\\\\\":m.isArray(e)&&(e=m.map(e,function(a){return null==a?\\\\\\\"\\\\\\\":a+\\\\\\\"\\\\\\\"})),b=m.valHooks[this.type]||m.valHooks[this.nodeName.toLowerCase()],b&&\\\\\\\"set\\\\\\\"in b&&void 0!==b.set(this,e,\\\\\\\"value\\\\\\\")||(this.value=e))});if(e)return b=m.valHooks[e.type]||m.valHooks[e.nodeName.toLowerCase()],b&&\\\\\\\"get\\\\\\\"in b&&void 0!==(c=b.get(e,\\\\\\\"value\\\\\\\"))?c:(c=e.value,\\\\\\\"string\\\\\\\"==typeof c?c.replace(lc,\\\\\\\"\\\\\\\"):null==c?\\\\\\\"\\\\\\\":c)}}\",\"Pru\":2,\"Jor\":9,\"Mng\":1,\"Tnd\":153,\"Dog\":0,\"Drs\":0,\"Hot\":0,\"Flt\":-1,\"Toc\":-1,\"Reh\":-1,\"NPr\":-1,\"Eli\":-1,\"Tim\":-1,\"Value\":-1}'),
(48,3,'tablet_3','init','1970-01-01 00:00:02','{\"ID\":0,\"Session\":3,\"TimeStamp\":\"2015-05-06 13:26:18\",\"Type\":\"init\",\"Source\":\"tablet_3\",\"Pru\":2,\"Jor\":9,\"Mng\":0,\"Tnd\":0,\"Dog\":0,\"Drs\":0,\"Hot\":0,\"Flt\":-1,\"Toc\":-1,\"Reh\":-1,\"NPr\":-1,\"Eli\":-1,\"Tim\":-1,\"Value\":0}'),
(49,3,'tablet_function (a){var b,c,d,e=this[0];{if(arguments.length)return d=m.isFunction(a),this.each(function(c){var e;1===this.nodeType&&(e=d?a.call(this,c,m(this).val()):a,null==e?e=\\\"\\\":\\\"number\\\"==typeof e?e+=\\\"\\\":m.isArray(e)&&(e=m.map(e,function(a){retur','open','2015-05-06 11:26:29','{\"ID\":3,\"Session\":3,\"TimeStamp\":1430911589567,\"Type\":\"open\",\"Source\":\"tablet_function (a){var b,c,d,e=this[0];{if(arguments.length)return d=m.isFunction(a),this.each(function(c){var e;1===this.nodeType&&(e=d?a.call(this,c,m(this).val()):a,null==e?e=\\\\\\\"\\\\\\\":\\\\\\\"number\\\\\\\"==typeof e?e+=\\\\\\\"\\\\\\\":m.isArray(e)&&(e=m.map(e,function(a){return null==a?\\\\\\\"\\\\\\\":a+\\\\\\\"\\\\\\\"})),b=m.valHooks[this.type]||m.valHooks[this.nodeName.toLowerCase()],b&&\\\\\\\"set\\\\\\\"in b&&void 0!==b.set(this,e,\\\\\\\"value\\\\\\\")||(this.value=e))});if(e)return b=m.valHooks[e.type]||m.valHooks[e.nodeName.toLowerCase()],b&&\\\\\\\"get\\\\\\\"in b&&void 0!==(c=b.get(e,\\\\\\\"value\\\\\\\"))?c:(c=e.value,\\\\\\\"string\\\\\\\"==typeof c?c.replace(lc,\\\\\\\"\\\\\\\"):null==c?\\\\\\\"\\\\\\\":c)}}\",\"Pru\":2,\"Jor\":9,\"Mng\":1,\"Tnd\":154,\"Dog\":0,\"Drs\":0,\"Hot\":0,\"Flt\":-1,\"Toc\":-1,\"Reh\":-1,\"NPr\":-1,\"Eli\":-1,\"Tim\":-1,\"Value\":-1}'),
(50,3,'tablet_function (a){var b,c,d,e=this[0];{if(arguments.length)return d=m.isFunction(a),this.each(function(c){var e;1===this.nodeType&&(e=d?a.call(this,c,m(this).val()):a,null==e?e=\\\"\\\":\\\"number\\\"==typeof e?e+=\\\"\\\":m.isArray(e)&&(e=m.map(e,function(a){retur','open','2015-05-06 11:26:34','{\"ID\":3,\"Session\":3,\"TimeStamp\":1430911594306,\"Type\":\"open\",\"Source\":\"tablet_function (a){var b,c,d,e=this[0];{if(arguments.length)return d=m.isFunction(a),this.each(function(c){var e;1===this.nodeType&&(e=d?a.call(this,c,m(this).val()):a,null==e?e=\\\\\\\"\\\\\\\":\\\\\\\"number\\\\\\\"==typeof e?e+=\\\\\\\"\\\\\\\":m.isArray(e)&&(e=m.map(e,function(a){return null==a?\\\\\\\"\\\\\\\":a+\\\\\\\"\\\\\\\"})),b=m.valHooks[this.type]||m.valHooks[this.nodeName.toLowerCase()],b&&\\\\\\\"set\\\\\\\"in b&&void 0!==b.set(this,e,\\\\\\\"value\\\\\\\")||(this.value=e))});if(e)return b=m.valHooks[e.type]||m.valHooks[e.nodeName.toLowerCase()],b&&\\\\\\\"get\\\\\\\"in b&&void 0!==(c=b.get(e,\\\\\\\"value\\\\\\\"))?c:(c=e.value,\\\\\\\"string\\\\\\\"==typeof c?c.replace(lc,\\\\\\\"\\\\\\\"):null==c?\\\\\\\"\\\\\\\":c)}}\",\"Pru\":2,\"Jor\":9,\"Mng\":1,\"Tnd\":155,\"Dog\":0,\"Drs\":0,\"Hot\":0,\"Flt\":-1,\"Toc\":-1,\"Reh\":-1,\"NPr\":-1,\"Eli\":-1,\"Tim\":-1,\"Value\":-1}'),
(51,3,'tablet_function (a){var b,c,d,e=this[0];{if(arguments.length)return d=m.isFunction(a),this.each(function(c){var e;1===this.nodeType&&(e=d?a.call(this,c,m(this).val()):a,null==e?e=\\\"\\\":\\\"number\\\"==typeof e?e+=\\\"\\\":m.isArray(e)&&(e=m.map(e,function(a){retur','open','2015-05-06 12:04:21','{\"ID\":3,\"Session\":3,\"TimeStamp\":1430913861412,\"Type\":\"open\",\"Source\":\"tablet_function (a){var b,c,d,e=this[0];{if(arguments.length)return d=m.isFunction(a),this.each(function(c){var e;1===this.nodeType&&(e=d?a.call(this,c,m(this).val()):a,null==e?e=\\\\\\\"\\\\\\\":\\\\\\\"number\\\\\\\"==typeof e?e+=\\\\\\\"\\\\\\\":m.isArray(e)&&(e=m.map(e,function(a){return null==a?\\\\\\\"\\\\\\\":a+\\\\\\\"\\\\\\\"})),b=m.valHooks[this.type]||m.valHooks[this.nodeName.toLowerCase()],b&&\\\\\\\"set\\\\\\\"in b&&void 0!==b.set(this,e,\\\\\\\"value\\\\\\\")||(this.value=e))});if(e)return b=m.valHooks[e.type]||m.valHooks[e.nodeName.toLowerCase()],b&&\\\\\\\"get\\\\\\\"in b&&void 0!==(c=b.get(e,\\\\\\\"value\\\\\\\"))?c:(c=e.value,\\\\\\\"string\\\\\\\"==typeof c?c.replace(lc,\\\\\\\"\\\\\\\"):null==c?\\\\\\\"\\\\\\\":c)}}\",\"Pru\":2,\"Jor\":9,\"Mng\":1,\"Tnd\":155,\"Dog\":0,\"Drs\":0,\"Hot\":0,\"Flt\":-1,\"Toc\":-1,\"Reh\":-1,\"NPr\":-1,\"Eli\":-1,\"Tim\":-1,\"Value\":-1}'),
(67,2,'tablet_2','init','1970-01-01 00:00:02','{\"ID\":0,\"Session\":2,\"TimeStamp\":\"2015-05-07 8:31:46\",\"Type\":\"init\",\"Source\":\"tablet_2\",\"Pru\":2,\"Jor\":9,\"Mng\":0,\"Tnd\":0,\"Dog\":0,\"Drs\":0,\"Hot\":0,\"Flt\":-1,\"Toc\":-1,\"Reh\":-1,\"NPr\":-1,\"Eli\":-1,\"Tim\":-1,\"Value\":0}'),
(68,2,'tablet_function (a){var b,c,d,e=this[0];{if(arguments.length)return d=m.isFunction(a),this.each(function(c){var e;1===this.nodeType&&(e=d?a.call(this,c,m(this).val()):a,null==e?e=\\\"\\\":\\\"number\\\"==typeof e?e+=\\\"\\\":m.isArray(e)&&(e=m.map(e,function(a){retur','open','2015-05-07 06:31:53','{\"ID\":2,\"Session\":2,\"TimeStamp\":1430980313424,\"Type\":\"open\",\"Source\":\"tablet_function (a){var b,c,d,e=this[0];{if(arguments.length)return d=m.isFunction(a),this.each(function(c){var e;1===this.nodeType&&(e=d?a.call(this,c,m(this).val()):a,null==e?e=\\\\\\\"\\\\\\\":\\\\\\\"number\\\\\\\"==typeof e?e+=\\\\\\\"\\\\\\\":m.isArray(e)&&(e=m.map(e,function(a){return null==a?\\\\\\\"\\\\\\\":a+\\\\\\\"\\\\\\\"})),b=m.valHooks[this.type]||m.valHooks[this.nodeName.toLowerCase()],b&&\\\\\\\"set\\\\\\\"in b&&void 0!==b.set(this,e,\\\\\\\"value\\\\\\\")||(this.value=e))});if(e)return b=m.valHooks[e.type]||m.valHooks[e.nodeName.toLowerCase()],b&&\\\\\\\"get\\\\\\\"in b&&void 0!==(c=b.get(e,\\\\\\\"value\\\\\\\"))?c:(c=e.value,\\\\\\\"string\\\\\\\"==typeof c?c.replace(lc,\\\\\\\"\\\\\\\"):null==c?\\\\\\\"\\\\\\\":c)}}\",\"Pru\":2,\"Jor\":9,\"Mng\":1,\"Tnd\":153,\"Dog\":0,\"Drs\":0,\"Hot\":0,\"Flt\":-1,\"Toc\":-1,\"Reh\":-1,\"NPr\":-1,\"Eli\":-1,\"Tim\":-1,\"Value\":-1}'),
(69,2,'tablet_function (a){var b,c,d,e=this[0];{if(arguments.length)return d=m.isFunction(a),this.each(function(c){var e;1===this.nodeType&&(e=d?a.call(this,c,m(this).val()):a,null==e?e=\\\"\\\":\\\"number\\\"==typeof e?e+=\\\"\\\":m.isArray(e)&&(e=m.map(e,function(a){retur','open','2015-05-07 06:32:39','{\"ID\":2,\"Session\":2,\"TimeStamp\":1430980359473,\"Type\":\"open\",\"Source\":\"tablet_function (a){var b,c,d,e=this[0];{if(arguments.length)return d=m.isFunction(a),this.each(function(c){var e;1===this.nodeType&&(e=d?a.call(this,c,m(this).val()):a,null==e?e=\\\\\\\"\\\\\\\":\\\\\\\"number\\\\\\\"==typeof e?e+=\\\\\\\"\\\\\\\":m.isArray(e)&&(e=m.map(e,function(a){return null==a?\\\\\\\"\\\\\\\":a+\\\\\\\"\\\\\\\"})),b=m.valHooks[this.type]||m.valHooks[this.nodeName.toLowerCase()],b&&\\\\\\\"set\\\\\\\"in b&&void 0!==b.set(this,e,\\\\\\\"value\\\\\\\")||(this.value=e))});if(e)return b=m.valHooks[e.type]||m.valHooks[e.nodeName.toLowerCase()],b&&\\\\\\\"get\\\\\\\"in b&&void 0!==(c=b.get(e,\\\\\\\"value\\\\\\\"))?c:(c=e.value,\\\\\\\"string\\\\\\\"==typeof c?c.replace(lc,\\\\\\\"\\\\\\\"):null==c?\\\\\\\"\\\\\\\":c)}}\",\"Pru\":2,\"Jor\":9,\"Mng\":1,\"Tnd\":153,\"Dog\":389,\"Drs\":5,\"Hot\":0,\"Flt\":-1,\"Toc\":-1,\"Reh\":-1,\"NPr\":-1,\"Eli\":-1,\"Tim\":-1,\"Value\":-1}'),
(70,2,'tablet_2','init','1970-01-01 00:00:02','{\"ID\":0,\"Session\":2,\"TimeStamp\":\"2015-05-07 14:18:41\",\"Type\":\"init\",\"Source\":\"tablet_2\",\"Pru\":2,\"Jor\":9,\"Mng\":0,\"Tnd\":0,\"Dog\":0,\"Drs\":0,\"Hot\":0,\"Flt\":-1,\"Toc\":-1,\"Reh\":-1,\"NPr\":-1,\"Eli\":-1,\"Tim\":-1,\"Value\":0}'),
(71,2,'tablet_function (a){var b,c,d,e=this[0];{if(arguments.length)return d=m.isFunction(a),this.each(function(c){var e;1===this.nodeType&&(e=d?a.call(this,c,m(this).val()):a,null==e?e=\\\"\\\":\\\"number\\\"==typeof e?e+=\\\"\\\":m.isArray(e)&&(e=m.map(e,function(a){retur','open','2015-05-07 12:19:06','{\"ID\":2,\"Session\":2,\"TimeStamp\":1431001146714,\"Type\":\"open\",\"Source\":\"tablet_function (a){var b,c,d,e=this[0];{if(arguments.length)return d=m.isFunction(a),this.each(function(c){var e;1===this.nodeType&&(e=d?a.call(this,c,m(this).val()):a,null==e?e=\\\\\\\"\\\\\\\":\\\\\\\"number\\\\\\\"==typeof e?e+=\\\\\\\"\\\\\\\":m.isArray(e)&&(e=m.map(e,function(a){return null==a?\\\\\\\"\\\\\\\":a+\\\\\\\"\\\\\\\"})),b=m.valHooks[this.type]||m.valHooks[this.nodeName.toLowerCase()],b&&\\\\\\\"set\\\\\\\"in b&&void 0!==b.set(this,e,\\\\\\\"value\\\\\\\")||(this.value=e))});if(e)return b=m.valHooks[e.type]||m.valHooks[e.nodeName.toLowerCase()],b&&\\\\\\\"get\\\\\\\"in b&&void 0!==(c=b.get(e,\\\\\\\"value\\\\\\\"))?c:(c=e.value,\\\\\\\"string\\\\\\\"==typeof c?c.replace(lc,\\\\\\\"\\\\\\\"):null==c?\\\\\\\"\\\\\\\":c)}}\",\"Pru\":2,\"Jor\":9,\"Mng\":0,\"Tnd\":917,\"Dog\":0,\"Drs\":0,\"Hot\":0,\"Flt\":-1,\"Toc\":-1,\"Reh\":-1,\"NPr\":-1,\"Eli\":-1,\"Tim\":-1,\"Value\":-1}'),
(72,2,'tablet_function (a){var b,c,d,e=this[0];{if(arguments.length)return d=m.isFunction(a),this.each(function(c){var e;1===this.nodeType&&(e=d?a.call(this,c,m(this).val()):a,null==e?e=\\\"\\\":\\\"number\\\"==typeof e?e+=\\\"\\\":m.isArray(e)&&(e=m.map(e,function(a){retur','open','2015-05-07 12:19:09','{\"ID\":2,\"Session\":2,\"TimeStamp\":1431001149518,\"Type\":\"open\",\"Source\":\"tablet_function (a){var b,c,d,e=this[0];{if(arguments.length)return d=m.isFunction(a),this.each(function(c){var e;1===this.nodeType&&(e=d?a.call(this,c,m(this).val()):a,null==e?e=\\\\\\\"\\\\\\\":\\\\\\\"number\\\\\\\"==typeof e?e+=\\\\\\\"\\\\\\\":m.isArray(e)&&(e=m.map(e,function(a){return null==a?\\\\\\\"\\\\\\\":a+\\\\\\\"\\\\\\\"})),b=m.valHooks[this.type]||m.valHooks[this.nodeName.toLowerCase()],b&&\\\\\\\"set\\\\\\\"in b&&void 0!==b.set(this,e,\\\\\\\"value\\\\\\\")||(this.value=e))});if(e)return b=m.valHooks[e.type]||m.valHooks[e.nodeName.toLowerCase()],b&&\\\\\\\"get\\\\\\\"in b&&void 0!==(c=b.get(e,\\\\\\\"value\\\\\\\"))?c:(c=e.value,\\\\\\\"string\\\\\\\"==typeof c?c.replace(lc,\\\\\\\"\\\\\\\"):null==c?\\\\\\\"\\\\\\\":c)}}\",\"Pru\":2,\"Jor\":9,\"Mng\":0,\"Tnd\":915,\"Dog\":0,\"Drs\":0,\"Hot\":0,\"Flt\":-1,\"Toc\":-1,\"Reh\":-1,\"NPr\":-1,\"Eli\":-1,\"Tim\":-1,\"Value\":-1}'),
(73,2,'tablet_function (a){var b,c,d,e=this[0];{if(arguments.length)return d=m.isFunction(a),this.each(function(c){var e;1===this.nodeType&&(e=d?a.call(this,c,m(this).val()):a,null==e?e=\\\"\\\":\\\"number\\\"==typeof e?e+=\\\"\\\":m.isArray(e)&&(e=m.map(e,function(a){retur','open','2015-05-07 12:19:11','{\"ID\":2,\"Session\":2,\"TimeStamp\":1431001151616,\"Type\":\"open\",\"Source\":\"tablet_function (a){var b,c,d,e=this[0];{if(arguments.length)return d=m.isFunction(a),this.each(function(c){var e;1===this.nodeType&&(e=d?a.call(this,c,m(this).val()):a,null==e?e=\\\\\\\"\\\\\\\":\\\\\\\"number\\\\\\\"==typeof e?e+=\\\\\\\"\\\\\\\":m.isArray(e)&&(e=m.map(e,function(a){return null==a?\\\\\\\"\\\\\\\":a+\\\\\\\"\\\\\\\"})),b=m.valHooks[this.type]||m.valHooks[this.nodeName.toLowerCase()],b&&\\\\\\\"set\\\\\\\"in b&&void 0!==b.set(this,e,\\\\\\\"value\\\\\\\")||(this.value=e))});if(e)return b=m.valHooks[e.type]||m.valHooks[e.nodeName.toLowerCase()],b&&\\\\\\\"get\\\\\\\"in b&&void 0!==(c=b.get(e,\\\\\\\"value\\\\\\\"))?c:(c=e.value,\\\\\\\"string\\\\\\\"==typeof c?c.replace(lc,\\\\\\\"\\\\\\\"):null==c?\\\\\\\"\\\\\\\":c)}}\",\"Pru\":2,\"Jor\":9,\"Mng\":0,\"Tnd\":917,\"Dog\":0,\"Drs\":0,\"Hot\":0,\"Flt\":-1,\"Toc\":-1,\"Reh\":-1,\"NPr\":-1,\"Eli\":-1,\"Tim\":-1,\"Value\":-1}'),
(74,2,'tablet_function (a){var b,c,d,e=this[0];{if(arguments.length)return d=m.isFunction(a),this.each(function(c){var e;1===this.nodeType&&(e=d?a.call(this,c,m(this).val()):a,null==e?e=\\\"\\\":\\\"number\\\"==typeof e?e+=\\\"\\\":m.isArray(e)&&(e=m.map(e,function(a){retur','open','2015-05-07 12:19:20','{\"ID\":2,\"Session\":2,\"TimeStamp\":1431001160477,\"Type\":\"open\",\"Source\":\"tablet_function (a){var b,c,d,e=this[0];{if(arguments.length)return d=m.isFunction(a),this.each(function(c){var e;1===this.nodeType&&(e=d?a.call(this,c,m(this).val()):a,null==e?e=\\\\\\\"\\\\\\\":\\\\\\\"number\\\\\\\"==typeof e?e+=\\\\\\\"\\\\\\\":m.isArray(e)&&(e=m.map(e,function(a){return null==a?\\\\\\\"\\\\\\\":a+\\\\\\\"\\\\\\\"})),b=m.valHooks[this.type]||m.valHooks[this.nodeName.toLowerCase()],b&&\\\\\\\"set\\\\\\\"in b&&void 0!==b.set(this,e,\\\\\\\"value\\\\\\\")||(this.value=e))});if(e)return b=m.valHooks[e.type]||m.valHooks[e.nodeName.toLowerCase()],b&&\\\\\\\"get\\\\\\\"in b&&void 0!==(c=b.get(e,\\\\\\\"value\\\\\\\"))?c:(c=e.value,\\\\\\\"string\\\\\\\"==typeof c?c.replace(lc,\\\\\\\"\\\\\\\"):null==c?\\\\\\\"\\\\\\\":c)}}\",\"Pru\":2,\"Jor\":9,\"Mng\":1,\"Tnd\":153,\"Dog\":0,\"Drs\":0,\"Hot\":0,\"Flt\":-1,\"Toc\":-1,\"Reh\":-1,\"NPr\":-1,\"Eli\":-1,\"Tim\":-1,\"Value\":-1}'),
(75,2,'tablet_function (a){var b,c,d,e=this[0];{if(arguments.length)return d=m.isFunction(a),this.each(function(c){var e;1===this.nodeType&&(e=d?a.call(this,c,m(this).val()):a,null==e?e=\\\"\\\":\\\"number\\\"==typeof e?e+=\\\"\\\":m.isArray(e)&&(e=m.map(e,function(a){retur','open','2015-05-07 12:19:27','{\"ID\":2,\"Session\":2,\"TimeStamp\":1431001167603,\"Type\":\"open\",\"Source\":\"tablet_function (a){var b,c,d,e=this[0];{if(arguments.length)return d=m.isFunction(a),this.each(function(c){var e;1===this.nodeType&&(e=d?a.call(this,c,m(this).val()):a,null==e?e=\\\\\\\"\\\\\\\":\\\\\\\"number\\\\\\\"==typeof e?e+=\\\\\\\"\\\\\\\":m.isArray(e)&&(e=m.map(e,function(a){return null==a?\\\\\\\"\\\\\\\":a+\\\\\\\"\\\\\\\"})),b=m.valHooks[this.type]||m.valHooks[this.nodeName.toLowerCase()],b&&\\\\\\\"set\\\\\\\"in b&&void 0!==b.set(this,e,\\\\\\\"value\\\\\\\")||(this.value=e))});if(e)return b=m.valHooks[e.type]||m.valHooks[e.nodeName.toLowerCase()],b&&\\\\\\\"get\\\\\\\"in b&&void 0!==(c=b.get(e,\\\\\\\"value\\\\\\\"))?c:(c=e.value,\\\\\\\"string\\\\\\\"==typeof c?c.replace(lc,\\\\\\\"\\\\\\\"):null==c?\\\\\\\"\\\\\\\":c)}}\",\"Pru\":2,\"Jor\":9,\"Mng\":1,\"Tnd\":153,\"Dog\":0,\"Drs\":0,\"Hot\":0,\"Flt\":-1,\"Toc\":-1,\"Reh\":-1,\"NPr\":-1,\"Eli\":-1,\"Tim\":-1,\"Value\":-1}'),
(76,2,'tablet_function (a){var b,c,d,e=this[0];{if(arguments.length)return d=m.isFunction(a),this.each(function(c){var e;1===this.nodeType&&(e=d?a.call(this,c,m(this).val()):a,null==e?e=\\\"\\\":\\\"number\\\"==typeof e?e+=\\\"\\\":m.isArray(e)&&(e=m.map(e,function(a){retur','open','2015-05-07 12:19:43','{\"ID\":2,\"Session\":2,\"TimeStamp\":1431001183277,\"Type\":\"open\",\"Source\":\"tablet_function (a){var b,c,d,e=this[0];{if(arguments.length)return d=m.isFunction(a),this.each(function(c){var e;1===this.nodeType&&(e=d?a.call(this,c,m(this).val()):a,null==e?e=\\\\\\\"\\\\\\\":\\\\\\\"number\\\\\\\"==typeof e?e+=\\\\\\\"\\\\\\\":m.isArray(e)&&(e=m.map(e,function(a){return null==a?\\\\\\\"\\\\\\\":a+\\\\\\\"\\\\\\\"})),b=m.valHooks[this.type]||m.valHooks[this.nodeName.toLowerCase()],b&&\\\\\\\"set\\\\\\\"in b&&void 0!==b.set(this,e,\\\\\\\"value\\\\\\\")||(this.value=e))});if(e)return b=m.valHooks[e.type]||m.valHooks[e.nodeName.toLowerCase()],b&&\\\\\\\"get\\\\\\\"in b&&void 0!==(c=b.get(e,\\\\\\\"value\\\\\\\"))?c:(c=e.value,\\\\\\\"string\\\\\\\"==typeof c?c.replace(lc,\\\\\\\"\\\\\\\"):null==c?\\\\\\\"\\\\\\\":c)}}\",\"Pru\":2,\"Jor\":9,\"Mng\":2,\"Tnd\":156,\"Dog\":0,\"Drs\":0,\"Hot\":0,\"Flt\":-1,\"Toc\":-1,\"Reh\":-1,\"NPr\":-1,\"Eli\":-1,\"Tim\":-1,\"Value\":-1}'),
(77,2,'tablet_function (a){var b,c,d,e=this[0];{if(arguments.length)return d=m.isFunction(a),this.each(function(c){var e;1===this.nodeType&&(e=d?a.call(this,c,m(this).val()):a,null==e?e=\\\"\\\":\\\"number\\\"==typeof e?e+=\\\"\\\":m.isArray(e)&&(e=m.map(e,function(a){retur','open','2015-05-07 12:19:48','{\"ID\":2,\"Session\":2,\"TimeStamp\":1431001188805,\"Type\":\"open\",\"Source\":\"tablet_function (a){var b,c,d,e=this[0];{if(arguments.length)return d=m.isFunction(a),this.each(function(c){var e;1===this.nodeType&&(e=d?a.call(this,c,m(this).val()):a,null==e?e=\\\\\\\"\\\\\\\":\\\\\\\"number\\\\\\\"==typeof e?e+=\\\\\\\"\\\\\\\":m.isArray(e)&&(e=m.map(e,function(a){return null==a?\\\\\\\"\\\\\\\":a+\\\\\\\"\\\\\\\"})),b=m.valHooks[this.type]||m.valHooks[this.nodeName.toLowerCase()],b&&\\\\\\\"set\\\\\\\"in b&&void 0!==b.set(this,e,\\\\\\\"value\\\\\\\")||(this.value=e))});if(e)return b=m.valHooks[e.type]||m.valHooks[e.nodeName.toLowerCase()],b&&\\\\\\\"get\\\\\\\"in b&&void 0!==(c=b.get(e,\\\\\\\"value\\\\\\\"))?c:(c=e.value,\\\\\\\"string\\\\\\\"==typeof c?c.replace(lc,\\\\\\\"\\\\\\\"):null==c?\\\\\\\"\\\\\\\":c)}}\",\"Pru\":2,\"Jor\":9,\"Mng\":2,\"Tnd\":156,\"Dog\":0,\"Drs\":0,\"Hot\":0,\"Flt\":-1,\"Toc\":-1,\"Reh\":-1,\"NPr\":-1,\"Eli\":-1,\"Tim\":-1,\"Value\":-1}'),
(78,2,'tablet_function (a){var b,c,d,e=this[0];{if(arguments.length)return d=m.isFunction(a),this.each(function(c){var e;1===this.nodeType&&(e=d?a.call(this,c,m(this).val()):a,null==e?e=\\\"\\\":\\\"number\\\"==typeof e?e+=\\\"\\\":m.isArray(e)&&(e=m.map(e,function(a){retur','open','2015-05-07 12:19:58','{\"ID\":2,\"Session\":2,\"TimeStamp\":1431001198108,\"Type\":\"open\",\"Source\":\"tablet_function (a){var b,c,d,e=this[0];{if(arguments.length)return d=m.isFunction(a),this.each(function(c){var e;1===this.nodeType&&(e=d?a.call(this,c,m(this).val()):a,null==e?e=\\\\\\\"\\\\\\\":\\\\\\\"number\\\\\\\"==typeof e?e+=\\\\\\\"\\\\\\\":m.isArray(e)&&(e=m.map(e,function(a){return null==a?\\\\\\\"\\\\\\\":a+\\\\\\\"\\\\\\\"})),b=m.valHooks[this.type]||m.valHooks[this.nodeName.toLowerCase()],b&&\\\\\\\"set\\\\\\\"in b&&void 0!==b.set(this,e,\\\\\\\"value\\\\\\\")||(this.value=e))});if(e)return b=m.valHooks[e.type]||m.valHooks[e.nodeName.toLowerCase()],b&&\\\\\\\"get\\\\\\\"in b&&void 0!==(c=b.get(e,\\\\\\\"value\\\\\\\"))?c:(c=e.value,\\\\\\\"string\\\\\\\"==typeof c?c.replace(lc,\\\\\\\"\\\\\\\"):null==c?\\\\\\\"\\\\\\\":c)}}\",\"Pru\":2,\"Jor\":9,\"Mng\":1,\"Tnd\":153,\"Dog\":0,\"Drs\":0,\"Hot\":0,\"Flt\":-1,\"Toc\":-1,\"Reh\":-1,\"NPr\":-1,\"Eli\":-1,\"Tim\":-1,\"Value\":-1}'),
(79,2,'tablet_function (a){var b,c,d,e=this[0];{if(arguments.length)return d=m.isFunction(a),this.each(function(c){var e;1===this.nodeType&&(e=d?a.call(this,c,m(this).val()):a,null==e?e=\\\"\\\":\\\"number\\\"==typeof e?e+=\\\"\\\":m.isArray(e)&&(e=m.map(e,function(a){retur','open','2015-05-07 12:20:08','{\"ID\":2,\"Session\":2,\"TimeStamp\":1431001208382,\"Type\":\"open\",\"Source\":\"tablet_function (a){var b,c,d,e=this[0];{if(arguments.length)return d=m.isFunction(a),this.each(function(c){var e;1===this.nodeType&&(e=d?a.call(this,c,m(this).val()):a,null==e?e=\\\\\\\"\\\\\\\":\\\\\\\"number\\\\\\\"==typeof e?e+=\\\\\\\"\\\\\\\":m.isArray(e)&&(e=m.map(e,function(a){return null==a?\\\\\\\"\\\\\\\":a+\\\\\\\"\\\\\\\"})),b=m.valHooks[this.type]||m.valHooks[this.nodeName.toLowerCase()],b&&\\\\\\\"set\\\\\\\"in b&&void 0!==b.set(this,e,\\\\\\\"value\\\\\\\")||(this.value=e))});if(e)return b=m.valHooks[e.type]||m.valHooks[e.nodeName.toLowerCase()],b&&\\\\\\\"get\\\\\\\"in b&&void 0!==(c=b.get(e,\\\\\\\"value\\\\\\\"))?c:(c=e.value,\\\\\\\"string\\\\\\\"==typeof c?c.replace(lc,\\\\\\\"\\\\\\\"):null==c?\\\\\\\"\\\\\\\":c)}}\",\"Pru\":2,\"Jor\":9,\"Mng\":0,\"Tnd\":916,\"Dog\":0,\"Drs\":0,\"Hot\":0,\"Flt\":-1,\"Toc\":-1,\"Reh\":-1,\"NPr\":-1,\"Eli\":-1,\"Tim\":-1,\"Value\":-1}'),
(80,2,'tablet_function (a){var b,c,d,e=this[0];{if(arguments.length)return d=m.isFunction(a),this.each(function(c){var e;1===this.nodeType&&(e=d?a.call(this,c,m(this).val()):a,null==e?e=\\\"\\\":\\\"number\\\"==typeof e?e+=\\\"\\\":m.isArray(e)&&(e=m.map(e,function(a){retur','open','2015-05-07 12:20:18','{\"ID\":2,\"Session\":2,\"TimeStamp\":1431001218375,\"Type\":\"open\",\"Source\":\"tablet_function (a){var b,c,d,e=this[0];{if(arguments.length)return d=m.isFunction(a),this.each(function(c){var e;1===this.nodeType&&(e=d?a.call(this,c,m(this).val()):a,null==e?e=\\\\\\\"\\\\\\\":\\\\\\\"number\\\\\\\"==typeof e?e+=\\\\\\\"\\\\\\\":m.isArray(e)&&(e=m.map(e,function(a){return null==a?\\\\\\\"\\\\\\\":a+\\\\\\\"\\\\\\\"})),b=m.valHooks[this.type]||m.valHooks[this.nodeName.toLowerCase()],b&&\\\\\\\"set\\\\\\\"in b&&void 0!==b.set(this,e,\\\\\\\"value\\\\\\\")||(this.value=e))});if(e)return b=m.valHooks[e.type]||m.valHooks[e.nodeName.toLowerCase()],b&&\\\\\\\"get\\\\\\\"in b&&void 0!==(c=b.get(e,\\\\\\\"value\\\\\\\"))?c:(c=e.value,\\\\\\\"string\\\\\\\"==typeof c?c.replace(lc,\\\\\\\"\\\\\\\"):null==c?\\\\\\\"\\\\\\\":c)}}\",\"Pru\":2,\"Jor\":9,\"Mng\":2,\"Tnd\":156,\"Dog\":0,\"Drs\":0,\"Hot\":0,\"Flt\":-1,\"Toc\":-1,\"Reh\":-1,\"NPr\":-1,\"Eli\":-1,\"Tim\":-1,\"Value\":-1}'),
(81,2,'tablet_function (a){var b,c,d,e=this[0];{if(arguments.length)return d=m.isFunction(a),this.each(function(c){var e;1===this.nodeType&&(e=d?a.call(this,c,m(this).val()):a,null==e?e=\\\"\\\":\\\"number\\\"==typeof e?e+=\\\"\\\":m.isArray(e)&&(e=m.map(e,function(a){retur','open','2015-05-07 12:20:26','{\"ID\":2,\"Session\":2,\"TimeStamp\":1431001226068,\"Type\":\"open\",\"Source\":\"tablet_function (a){var b,c,d,e=this[0];{if(arguments.length)return d=m.isFunction(a),this.each(function(c){var e;1===this.nodeType&&(e=d?a.call(this,c,m(this).val()):a,null==e?e=\\\\\\\"\\\\\\\":\\\\\\\"number\\\\\\\"==typeof e?e+=\\\\\\\"\\\\\\\":m.isArray(e)&&(e=m.map(e,function(a){return null==a?\\\\\\\"\\\\\\\":a+\\\\\\\"\\\\\\\"})),b=m.valHooks[this.type]||m.valHooks[this.nodeName.toLowerCase()],b&&\\\\\\\"set\\\\\\\"in b&&void 0!==b.set(this,e,\\\\\\\"value\\\\\\\")||(this.value=e))});if(e)return b=m.valHooks[e.type]||m.valHooks[e.nodeName.toLowerCase()],b&&\\\\\\\"get\\\\\\\"in b&&void 0!==(c=b.get(e,\\\\\\\"value\\\\\\\"))?c:(c=e.value,\\\\\\\"string\\\\\\\"==typeof c?c.replace(lc,\\\\\\\"\\\\\\\"):null==c?\\\\\\\"\\\\\\\":c)}}\",\"Pru\":2,\"Jor\":9,\"Mng\":2,\"Tnd\":156,\"Dog\":0,\"Drs\":0,\"Hot\":0,\"Flt\":-1,\"Toc\":-1,\"Reh\":-1,\"NPr\":-1,\"Eli\":-1,\"Tim\":-1,\"Value\":-1}'),
(82,2,'tablet_function (a){var b,c,d,e=this[0];{if(arguments.length)return d=m.isFunction(a),this.each(function(c){var e;1===this.nodeType&&(e=d?a.call(this,c,m(this).val()):a,null==e?e=\\\"\\\":\\\"number\\\"==typeof e?e+=\\\"\\\":m.isArray(e)&&(e=m.map(e,function(a){retur','open','2015-05-07 12:27:03','{\"ID\":2,\"Session\":2,\"TimeStamp\":1431001623878,\"Type\":\"open\",\"Source\":\"tablet_function (a){var b,c,d,e=this[0];{if(arguments.length)return d=m.isFunction(a),this.each(function(c){var e;1===this.nodeType&&(e=d?a.call(this,c,m(this).val()):a,null==e?e=\\\\\\\"\\\\\\\":\\\\\\\"number\\\\\\\"==typeof e?e+=\\\\\\\"\\\\\\\":m.isArray(e)&&(e=m.map(e,function(a){return null==a?\\\\\\\"\\\\\\\":a+\\\\\\\"\\\\\\\"})),b=m.valHooks[this.type]||m.valHooks[this.nodeName.toLowerCase()],b&&\\\\\\\"set\\\\\\\"in b&&void 0!==b.set(this,e,\\\\\\\"value\\\\\\\")||(this.value=e))});if(e)return b=m.valHooks[e.type]||m.valHooks[e.nodeName.toLowerCase()],b&&\\\\\\\"get\\\\\\\"in b&&void 0!==(c=b.get(e,\\\\\\\"value\\\\\\\"))?c:(c=e.value,\\\\\\\"string\\\\\\\"==typeof c?c.replace(lc,\\\\\\\"\\\\\\\"):null==c?\\\\\\\"\\\\\\\":c)}}\",\"Pru\":2,\"Jor\":9,\"Mng\":0,\"Tnd\":917,\"Dog\":0,\"Drs\":0,\"Hot\":0,\"Flt\":-1,\"Toc\":-1,\"Reh\":-1,\"NPr\":-1,\"Eli\":-1,\"Tim\":-1,\"Value\":-1}'),
(83,2,'tablet_function (a){var b,c,d,e=this[0];{if(arguments.length)return d=m.isFunction(a),this.each(function(c){var e;1===this.nodeType&&(e=d?a.call(this,c,m(this).val()):a,null==e?e=\\\"\\\":\\\"number\\\"==typeof e?e+=\\\"\\\":m.isArray(e)&&(e=m.map(e,function(a){retur','open','2015-05-07 12:27:19','{\"ID\":2,\"Session\":2,\"TimeStamp\":1431001639480,\"Type\":\"open\",\"Source\":\"tablet_function (a){var b,c,d,e=this[0];{if(arguments.length)return d=m.isFunction(a),this.each(function(c){var e;1===this.nodeType&&(e=d?a.call(this,c,m(this).val()):a,null==e?e=\\\\\\\"\\\\\\\":\\\\\\\"number\\\\\\\"==typeof e?e+=\\\\\\\"\\\\\\\":m.isArray(e)&&(e=m.map(e,function(a){return null==a?\\\\\\\"\\\\\\\":a+\\\\\\\"\\\\\\\"})),b=m.valHooks[this.type]||m.valHooks[this.nodeName.toLowerCase()],b&&\\\\\\\"set\\\\\\\"in b&&void 0!==b.set(this,e,\\\\\\\"value\\\\\\\")||(this.value=e))});if(e)return b=m.valHooks[e.type]||m.valHooks[e.nodeName.toLowerCase()],b&&\\\\\\\"get\\\\\\\"in b&&void 0!==(c=b.get(e,\\\\\\\"value\\\\\\\"))?c:(c=e.value,\\\\\\\"string\\\\\\\"==typeof c?c.replace(lc,\\\\\\\"\\\\\\\"):null==c?\\\\\\\"\\\\\\\":c)}}\",\"Pru\":2,\"Jor\":9,\"Mng\":1,\"Tnd\":153,\"Dog\":0,\"Drs\":0,\"Hot\":0,\"Flt\":-1,\"Toc\":-1,\"Reh\":-1,\"NPr\":-1,\"Eli\":-1,\"Tim\":-1,\"Value\":-1}'),
(84,2,'tablet_function (a){var b,c,d,e=this[0];{if(arguments.length)return d=m.isFunction(a),this.each(function(c){var e;1===this.nodeType&&(e=d?a.call(this,c,m(this).val()):a,null==e?e=\\\"\\\":\\\"number\\\"==typeof e?e+=\\\"\\\":m.isArray(e)&&(e=m.map(e,function(a){retur','open','2015-05-07 12:27:34','{\"ID\":2,\"Session\":2,\"TimeStamp\":1431001654241,\"Type\":\"open\",\"Source\":\"tablet_function (a){var b,c,d,e=this[0];{if(arguments.length)return d=m.isFunction(a),this.each(function(c){var e;1===this.nodeType&&(e=d?a.call(this,c,m(this).val()):a,null==e?e=\\\\\\\"\\\\\\\":\\\\\\\"number\\\\\\\"==typeof e?e+=\\\\\\\"\\\\\\\":m.isArray(e)&&(e=m.map(e,function(a){return null==a?\\\\\\\"\\\\\\\":a+\\\\\\\"\\\\\\\"})),b=m.valHooks[this.type]||m.valHooks[this.nodeName.toLowerCase()],b&&\\\\\\\"set\\\\\\\"in b&&void 0!==b.set(this,e,\\\\\\\"value\\\\\\\")||(this.value=e))});if(e)return b=m.valHooks[e.type]||m.valHooks[e.nodeName.toLowerCase()],b&&\\\\\\\"get\\\\\\\"in b&&void 0!==(c=b.get(e,\\\\\\\"value\\\\\\\"))?c:(c=e.value,\\\\\\\"string\\\\\\\"==typeof c?c.replace(lc,\\\\\\\"\\\\\\\"):null==c?\\\\\\\"\\\\\\\":c)}}\",\"Pru\":2,\"Jor\":9,\"Mng\":0,\"Tnd\":915,\"Dog\":0,\"Drs\":0,\"Hot\":0,\"Flt\":-1,\"Toc\":-1,\"Reh\":-1,\"NPr\":-1,\"Eli\":-1,\"Tim\":-1,\"Value\":-1}'),
(85,2,'tablet_function (a){var b,c,d,e=this[0];{if(arguments.length)return d=m.isFunction(a),this.each(function(c){var e;1===this.nodeType&&(e=d?a.call(this,c,m(this).val()):a,null==e?e=\\\"\\\":\\\"number\\\"==typeof e?e+=\\\"\\\":m.isArray(e)&&(e=m.map(e,function(a){retur','open','2015-05-07 12:28:04','{\"ID\":2,\"Session\":2,\"TimeStamp\":1431001684424,\"Type\":\"open\",\"Source\":\"tablet_function (a){var b,c,d,e=this[0];{if(arguments.length)return d=m.isFunction(a),this.each(function(c){var e;1===this.nodeType&&(e=d?a.call(this,c,m(this).val()):a,null==e?e=\\\\\\\"\\\\\\\":\\\\\\\"number\\\\\\\"==typeof e?e+=\\\\\\\"\\\\\\\":m.isArray(e)&&(e=m.map(e,function(a){return null==a?\\\\\\\"\\\\\\\":a+\\\\\\\"\\\\\\\"})),b=m.valHooks[this.type]||m.valHooks[this.nodeName.toLowerCase()],b&&\\\\\\\"set\\\\\\\"in b&&void 0!==b.set(this,e,\\\\\\\"value\\\\\\\")||(this.value=e))});if(e)return b=m.valHooks[e.type]||m.valHooks[e.nodeName.toLowerCase()],b&&\\\\\\\"get\\\\\\\"in b&&void 0!==(c=b.get(e,\\\\\\\"value\\\\\\\"))?c:(c=e.value,\\\\\\\"string\\\\\\\"==typeof c?c.replace(lc,\\\\\\\"\\\\\\\"):null==c?\\\\\\\"\\\\\\\":c)}}\",\"Pru\":2,\"Jor\":9,\"Mng\":0,\"Tnd\":915,\"Dog\":0,\"Drs\":0,\"Hot\":0,\"Flt\":-1,\"Toc\":-1,\"Reh\":-1,\"NPr\":-1,\"Eli\":-1,\"Tim\":-1,\"Value\":-1}'),
(86,2,'tablet_function (a){var b,c,d,e=this[0];{if(arguments.length)return d=m.isFunction(a),this.each(function(c){var e;1===this.nodeType&&(e=d?a.call(this,c,m(this).val()):a,null==e?e=\\\"\\\":\\\"number\\\"==typeof e?e+=\\\"\\\":m.isArray(e)&&(e=m.map(e,function(a){retur','open','2015-05-07 12:28:11','{\"ID\":2,\"Session\":2,\"TimeStamp\":1431001691967,\"Type\":\"open\",\"Source\":\"tablet_function (a){var b,c,d,e=this[0];{if(arguments.length)return d=m.isFunction(a),this.each(function(c){var e;1===this.nodeType&&(e=d?a.call(this,c,m(this).val()):a,null==e?e=\\\\\\\"\\\\\\\":\\\\\\\"number\\\\\\\"==typeof e?e+=\\\\\\\"\\\\\\\":m.isArray(e)&&(e=m.map(e,function(a){return null==a?\\\\\\\"\\\\\\\":a+\\\\\\\"\\\\\\\"})),b=m.valHooks[this.type]||m.valHooks[this.nodeName.toLowerCase()],b&&\\\\\\\"set\\\\\\\"in b&&void 0!==b.set(this,e,\\\\\\\"value\\\\\\\")||(this.value=e))});if(e)return b=m.valHooks[e.type]||m.valHooks[e.nodeName.toLowerCase()],b&&\\\\\\\"get\\\\\\\"in b&&void 0!==(c=b.get(e,\\\\\\\"value\\\\\\\"))?c:(c=e.value,\\\\\\\"string\\\\\\\"==typeof c?c.replace(lc,\\\\\\\"\\\\\\\"):null==c?\\\\\\\"\\\\\\\":c)}}\",\"Pru\":2,\"Jor\":9,\"Mng\":1,\"Tnd\":153,\"Dog\":0,\"Drs\":0,\"Hot\":0,\"Flt\":-1,\"Toc\":-1,\"Reh\":-1,\"NPr\":-1,\"Eli\":-1,\"Tim\":-1,\"Value\":-1}'),
(87,2,'tablet_function (a){var b,c,d,e=this[0];{if(arguments.length)return d=m.isFunction(a),this.each(function(c){var e;1===this.nodeType&&(e=d?a.call(this,c,m(this).val()):a,null==e?e=\\\"\\\":\\\"number\\\"==typeof e?e+=\\\"\\\":m.isArray(e)&&(e=m.map(e,function(a){retur','open','2015-05-07 12:30:11','{\"ID\":2,\"Session\":2,\"TimeStamp\":1431001811385,\"Type\":\"open\",\"Source\":\"tablet_function (a){var b,c,d,e=this[0];{if(arguments.length)return d=m.isFunction(a),this.each(function(c){var e;1===this.nodeType&&(e=d?a.call(this,c,m(this).val()):a,null==e?e=\\\\\\\"\\\\\\\":\\\\\\\"number\\\\\\\"==typeof e?e+=\\\\\\\"\\\\\\\":m.isArray(e)&&(e=m.map(e,function(a){return null==a?\\\\\\\"\\\\\\\":a+\\\\\\\"\\\\\\\"})),b=m.valHooks[this.type]||m.valHooks[this.nodeName.toLowerCase()],b&&\\\\\\\"set\\\\\\\"in b&&void 0!==b.set(this,e,\\\\\\\"value\\\\\\\")||(this.value=e))});if(e)return b=m.valHooks[e.type]||m.valHooks[e.nodeName.toLowerCase()],b&&\\\\\\\"get\\\\\\\"in b&&void 0!==(c=b.get(e,\\\\\\\"value\\\\\\\"))?c:(c=e.value,\\\\\\\"string\\\\\\\"==typeof c?c.replace(lc,\\\\\\\"\\\\\\\"):null==c?\\\\\\\"\\\\\\\":c)}}\",\"Pru\":2,\"Jor\":9,\"Mng\":0,\"Tnd\":917,\"Dog\":0,\"Drs\":0,\"Hot\":0,\"Flt\":-1,\"Toc\":-1,\"Reh\":-1,\"NPr\":-1,\"Eli\":-1,\"Tim\":-1,\"Value\":-1}'),
(88,2,'tablet_function (a){var b,c,d,e=this[0];{if(arguments.length)return d=m.isFunction(a),this.each(function(c){var e;1===this.nodeType&&(e=d?a.call(this,c,m(this).val()):a,null==e?e=\\\"\\\":\\\"number\\\"==typeof e?e+=\\\"\\\":m.isArray(e)&&(e=m.map(e,function(a){retur','open','2015-05-07 12:31:02','{\"ID\":2,\"Session\":2,\"TimeStamp\":1431001862018,\"Type\":\"open\",\"Source\":\"tablet_function (a){var b,c,d,e=this[0];{if(arguments.length)return d=m.isFunction(a),this.each(function(c){var e;1===this.nodeType&&(e=d?a.call(this,c,m(this).val()):a,null==e?e=\\\\\\\"\\\\\\\":\\\\\\\"number\\\\\\\"==typeof e?e+=\\\\\\\"\\\\\\\":m.isArray(e)&&(e=m.map(e,function(a){return null==a?\\\\\\\"\\\\\\\":a+\\\\\\\"\\\\\\\"})),b=m.valHooks[this.type]||m.valHooks[this.nodeName.toLowerCase()],b&&\\\\\\\"set\\\\\\\"in b&&void 0!==b.set(this,e,\\\\\\\"value\\\\\\\")||(this.value=e))});if(e)return b=m.valHooks[e.type]||m.valHooks[e.nodeName.toLowerCase()],b&&\\\\\\\"get\\\\\\\"in b&&void 0!==(c=b.get(e,\\\\\\\"value\\\\\\\"))?c:(c=e.value,\\\\\\\"string\\\\\\\"==typeof c?c.replace(lc,\\\\\\\"\\\\\\\"):null==c?\\\\\\\"\\\\\\\":c)}}\",\"Pru\":2,\"Jor\":9,\"Mng\":0,\"Tnd\":917,\"Dog\":0,\"Drs\":0,\"Hot\":0,\"Flt\":-1,\"Toc\":-1,\"Reh\":-1,\"NPr\":-1,\"Eli\":-1,\"Tim\":-1,\"Value\":-1}'),
(89,2,'tablet_function (a){var b,c,d,e=this[0];{if(arguments.length)return d=m.isFunction(a),this.each(function(c){var e;1===this.nodeType&&(e=d?a.call(this,c,m(this).val()):a,null==e?e=\\\"\\\":\\\"number\\\"==typeof e?e+=\\\"\\\":m.isArray(e)&&(e=m.map(e,function(a){retur','open','2015-05-07 12:31:10','{\"ID\":2,\"Session\":2,\"TimeStamp\":1431001870049,\"Type\":\"open\",\"Source\":\"tablet_function (a){var b,c,d,e=this[0];{if(arguments.length)return d=m.isFunction(a),this.each(function(c){var e;1===this.nodeType&&(e=d?a.call(this,c,m(this).val()):a,null==e?e=\\\\\\\"\\\\\\\":\\\\\\\"number\\\\\\\"==typeof e?e+=\\\\\\\"\\\\\\\":m.isArray(e)&&(e=m.map(e,function(a){return null==a?\\\\\\\"\\\\\\\":a+\\\\\\\"\\\\\\\"})),b=m.valHooks[this.type]||m.valHooks[this.nodeName.toLowerCase()],b&&\\\\\\\"set\\\\\\\"in b&&void 0!==b.set(this,e,\\\\\\\"value\\\\\\\")||(this.value=e))});if(e)return b=m.valHooks[e.type]||m.valHooks[e.nodeName.toLowerCase()],b&&\\\\\\\"get\\\\\\\"in b&&void 0!==(c=b.get(e,\\\\\\\"value\\\\\\\"))?c:(c=e.value,\\\\\\\"string\\\\\\\"==typeof c?c.replace(lc,\\\\\\\"\\\\\\\"):null==c?\\\\\\\"\\\\\\\":c)}}\",\"Pru\":2,\"Jor\":9,\"Mng\":2,\"Tnd\":156,\"Dog\":0,\"Drs\":0,\"Hot\":0,\"Flt\":-1,\"Toc\":-1,\"Reh\":-1,\"NPr\":-1,\"Eli\":-1,\"Tim\":-1,\"Value\":-1}'),
(90,2,'tablet_function (a){var b,c,d,e=this[0];{if(arguments.length)return d=m.isFunction(a),this.each(function(c){var e;1===this.nodeType&&(e=d?a.call(this,c,m(this).val()):a,null==e?e=\\\"\\\":\\\"number\\\"==typeof e?e+=\\\"\\\":m.isArray(e)&&(e=m.map(e,function(a){retur','open','2015-05-07 12:31:15','{\"ID\":2,\"Session\":2,\"TimeStamp\":1431001875125,\"Type\":\"open\",\"Source\":\"tablet_function (a){var b,c,d,e=this[0];{if(arguments.length)return d=m.isFunction(a),this.each(function(c){var e;1===this.nodeType&&(e=d?a.call(this,c,m(this).val()):a,null==e?e=\\\\\\\"\\\\\\\":\\\\\\\"number\\\\\\\"==typeof e?e+=\\\\\\\"\\\\\\\":m.isArray(e)&&(e=m.map(e,function(a){return null==a?\\\\\\\"\\\\\\\":a+\\\\\\\"\\\\\\\"})),b=m.valHooks[this.type]||m.valHooks[this.nodeName.toLowerCase()],b&&\\\\\\\"set\\\\\\\"in b&&void 0!==b.set(this,e,\\\\\\\"value\\\\\\\")||(this.value=e))});if(e)return b=m.valHooks[e.type]||m.valHooks[e.nodeName.toLowerCase()],b&&\\\\\\\"get\\\\\\\"in b&&void 0!==(c=b.get(e,\\\\\\\"value\\\\\\\"))?c:(c=e.value,\\\\\\\"string\\\\\\\"==typeof c?c.replace(lc,\\\\\\\"\\\\\\\"):null==c?\\\\\\\"\\\\\\\":c)}}\",\"Pru\":2,\"Jor\":9,\"Mng\":0,\"Tnd\":915,\"Dog\":0,\"Drs\":0,\"Hot\":0,\"Flt\":-1,\"Toc\":-1,\"Reh\":-1,\"NPr\":-1,\"Eli\":-1,\"Tim\":-1,\"Value\":-1}'),
(91,2,'tablet_function (a){var b,c,d,e=this[0];{if(arguments.length)return d=m.isFunction(a),this.each(function(c){var e;1===this.nodeType&&(e=d?a.call(this,c,m(this).val()):a,null==e?e=\\\"\\\":\\\"number\\\"==typeof e?e+=\\\"\\\":m.isArray(e)&&(e=m.map(e,function(a){retur','open','2015-05-07 12:31:17','{\"ID\":2,\"Session\":2,\"TimeStamp\":1431001877733,\"Type\":\"open\",\"Source\":\"tablet_function (a){var b,c,d,e=this[0];{if(arguments.length)return d=m.isFunction(a),this.each(function(c){var e;1===this.nodeType&&(e=d?a.call(this,c,m(this).val()):a,null==e?e=\\\\\\\"\\\\\\\":\\\\\\\"number\\\\\\\"==typeof e?e+=\\\\\\\"\\\\\\\":m.isArray(e)&&(e=m.map(e,function(a){return null==a?\\\\\\\"\\\\\\\":a+\\\\\\\"\\\\\\\"})),b=m.valHooks[this.type]||m.valHooks[this.nodeName.toLowerCase()],b&&\\\\\\\"set\\\\\\\"in b&&void 0!==b.set(this,e,\\\\\\\"value\\\\\\\")||(this.value=e))});if(e)return b=m.valHooks[e.type]||m.valHooks[e.nodeName.toLowerCase()],b&&\\\\\\\"get\\\\\\\"in b&&void 0!==(c=b.get(e,\\\\\\\"value\\\\\\\"))?c:(c=e.value,\\\\\\\"string\\\\\\\"==typeof c?c.replace(lc,\\\\\\\"\\\\\\\"):null==c?\\\\\\\"\\\\\\\":c)}}\",\"Pru\":2,\"Jor\":9,\"Mng\":1,\"Tnd\":153,\"Dog\":0,\"Drs\":0,\"Hot\":0,\"Flt\":-1,\"Toc\":-1,\"Reh\":-1,\"NPr\":-1,\"Eli\":-1,\"Tim\":-1,\"Value\":-1}'),
(92,2,'tablet_function (a){var b,c,d,e=this[0];{if(arguments.length)return d=m.isFunction(a),this.each(function(c){var e;1===this.nodeType&&(e=d?a.call(this,c,m(this).val()):a,null==e?e=\\\"\\\":\\\"number\\\"==typeof e?e+=\\\"\\\":m.isArray(e)&&(e=m.map(e,function(a){retur','open','2015-05-07 12:32:34','{\"ID\":2,\"Session\":2,\"TimeStamp\":1431001954349,\"Type\":\"open\",\"Source\":\"tablet_function (a){var b,c,d,e=this[0];{if(arguments.length)return d=m.isFunction(a),this.each(function(c){var e;1===this.nodeType&&(e=d?a.call(this,c,m(this).val()):a,null==e?e=\\\\\\\"\\\\\\\":\\\\\\\"number\\\\\\\"==typeof e?e+=\\\\\\\"\\\\\\\":m.isArray(e)&&(e=m.map(e,function(a){return null==a?\\\\\\\"\\\\\\\":a+\\\\\\\"\\\\\\\"})),b=m.valHooks[this.type]||m.valHooks[this.nodeName.toLowerCase()],b&&\\\\\\\"set\\\\\\\"in b&&void 0!==b.set(this,e,\\\\\\\"value\\\\\\\")||(this.value=e))});if(e)return b=m.valHooks[e.type]||m.valHooks[e.nodeName.toLowerCase()],b&&\\\\\\\"get\\\\\\\"in b&&void 0!==(c=b.get(e,\\\\\\\"value\\\\\\\"))?c:(c=e.value,\\\\\\\"string\\\\\\\"==typeof c?c.replace(lc,\\\\\\\"\\\\\\\"):null==c?\\\\\\\"\\\\\\\":c)}}\",\"Pru\":2,\"Jor\":9,\"Mng\":1,\"Tnd\":153,\"Dog\":84,\"Drs\":20,\"Hot\":0,\"Flt\":-1,\"Toc\":-1,\"Reh\":-1,\"NPr\":-1,\"Eli\":-1,\"Tim\":-1,\"Value\":-1}'),
(93,2,'tablet_function (a){var b,c,d,e=this[0];{if(arguments.length)return d=m.isFunction(a),this.each(function(c){var e;1===this.nodeType&&(e=d?a.call(this,c,m(this).val()):a,null==e?e=\\\"\\\":\\\"number\\\"==typeof e?e+=\\\"\\\":m.isArray(e)&&(e=m.map(e,function(a){retur','open','2015-05-07 12:33:48','{\"ID\":2,\"Session\":2,\"TimeStamp\":1431002028734,\"Type\":\"open\",\"Source\":\"tablet_function (a){var b,c,d,e=this[0];{if(arguments.length)return d=m.isFunction(a),this.each(function(c){var e;1===this.nodeType&&(e=d?a.call(this,c,m(this).val()):a,null==e?e=\\\\\\\"\\\\\\\":\\\\\\\"number\\\\\\\"==typeof e?e+=\\\\\\\"\\\\\\\":m.isArray(e)&&(e=m.map(e,function(a){return null==a?\\\\\\\"\\\\\\\":a+\\\\\\\"\\\\\\\"})),b=m.valHooks[this.type]||m.valHooks[this.nodeName.toLowerCase()],b&&\\\\\\\"set\\\\\\\"in b&&void 0!==b.set(this,e,\\\\\\\"value\\\\\\\")||(this.value=e))});if(e)return b=m.valHooks[e.type]||m.valHooks[e.nodeName.toLowerCase()],b&&\\\\\\\"get\\\\\\\"in b&&void 0!==(c=b.get(e,\\\\\\\"value\\\\\\\"))?c:(c=e.value,\\\\\\\"string\\\\\\\"==typeof c?c.replace(lc,\\\\\\\"\\\\\\\"):null==c?\\\\\\\"\\\\\\\":c)}}\",\"Pru\":2,\"Jor\":9,\"Mng\":1,\"Tnd\":153,\"Dog\":84,\"Drs\":20,\"Hot\":0,\"Flt\":-1,\"Toc\":-1,\"Reh\":-1,\"NPr\":-1,\"Eli\":-1,\"Tim\":-1,\"Value\":-1}'),
(94,2,'tablet_function (a){var b,c,d,e=this[0];{if(arguments.length)return d=m.isFunction(a),this.each(function(c){var e;1===this.nodeType&&(e=d?a.call(this,c,m(this).val()):a,null==e?e=\\\"\\\":\\\"number\\\"==typeof e?e+=\\\"\\\":m.isArray(e)&&(e=m.map(e,function(a){retur','open','2015-05-07 12:36:29','{\"ID\":2,\"Session\":2,\"TimeStamp\":1431002189929,\"Type\":\"open\",\"Source\":\"tablet_function (a){var b,c,d,e=this[0];{if(arguments.length)return d=m.isFunction(a),this.each(function(c){var e;1===this.nodeType&&(e=d?a.call(this,c,m(this).val()):a,null==e?e=\\\\\\\"\\\\\\\":\\\\\\\"number\\\\\\\"==typeof e?e+=\\\\\\\"\\\\\\\":m.isArray(e)&&(e=m.map(e,function(a){return null==a?\\\\\\\"\\\\\\\":a+\\\\\\\"\\\\\\\"})),b=m.valHooks[this.type]||m.valHooks[this.nodeName.toLowerCase()],b&&\\\\\\\"set\\\\\\\"in b&&void 0!==b.set(this,e,\\\\\\\"value\\\\\\\")||(this.value=e))});if(e)return b=m.valHooks[e.type]||m.valHooks[e.nodeName.toLowerCase()],b&&\\\\\\\"get\\\\\\\"in b&&void 0!==(c=b.get(e,\\\\\\\"value\\\\\\\"))?c:(c=e.value,\\\\\\\"string\\\\\\\"==typeof c?c.replace(lc,\\\\\\\"\\\\\\\"):null==c?\\\\\\\"\\\\\\\":c)}}\",\"Pru\":2,\"Jor\":9,\"Mng\":0,\"Tnd\":915,\"Dog\":84,\"Drs\":20,\"Hot\":0,\"Flt\":-1,\"Toc\":-1,\"Reh\":-1,\"NPr\":-1,\"Eli\":-1,\"Tim\":-1,\"Value\":-1}'),
(95,2,'tablet_function (a){var b,c,d,e=this[0];{if(arguments.length)return d=m.isFunction(a),this.each(function(c){var e;1===this.nodeType&&(e=d?a.call(this,c,m(this).val()):a,null==e?e=\\\"\\\":\\\"number\\\"==typeof e?e+=\\\"\\\":m.isArray(e)&&(e=m.map(e,function(a){retur','open','2015-05-07 12:36:32','{\"ID\":2,\"Session\":2,\"TimeStamp\":1431002192437,\"Type\":\"open\",\"Source\":\"tablet_function (a){var b,c,d,e=this[0];{if(arguments.length)return d=m.isFunction(a),this.each(function(c){var e;1===this.nodeType&&(e=d?a.call(this,c,m(this).val()):a,null==e?e=\\\\\\\"\\\\\\\":\\\\\\\"number\\\\\\\"==typeof e?e+=\\\\\\\"\\\\\\\":m.isArray(e)&&(e=m.map(e,function(a){return null==a?\\\\\\\"\\\\\\\":a+\\\\\\\"\\\\\\\"})),b=m.valHooks[this.type]||m.valHooks[this.nodeName.toLowerCase()],b&&\\\\\\\"set\\\\\\\"in b&&void 0!==b.set(this,e,\\\\\\\"value\\\\\\\")||(this.value=e))});if(e)return b=m.valHooks[e.type]||m.valHooks[e.nodeName.toLowerCase()],b&&\\\\\\\"get\\\\\\\"in b&&void 0!==(c=b.get(e,\\\\\\\"value\\\\\\\"))?c:(c=e.value,\\\\\\\"string\\\\\\\"==typeof c?c.replace(lc,\\\\\\\"\\\\\\\"):null==c?\\\\\\\"\\\\\\\":c)}}\",\"Pru\":2,\"Jor\":9,\"Mng\":1,\"Tnd\":153,\"Dog\":84,\"Drs\":20,\"Hot\":0,\"Flt\":-1,\"Toc\":-1,\"Reh\":-1,\"NPr\":-1,\"Eli\":-1,\"Tim\":-1,\"Value\":-1}'),
(96,2,'tablet_function (a){var b,c,d,e=this[0];{if(arguments.length)return d=m.isFunction(a),this.each(function(c){var e;1===this.nodeType&&(e=d?a.call(this,c,m(this).val()):a,null==e?e=\\\"\\\":\\\"number\\\"==typeof e?e+=\\\"\\\":m.isArray(e)&&(e=m.map(e,function(a){retur','open','2015-05-07 12:36:53','{\"ID\":2,\"Session\":2,\"TimeStamp\":1431002213477,\"Type\":\"open\",\"Source\":\"tablet_function (a){var b,c,d,e=this[0];{if(arguments.length)return d=m.isFunction(a),this.each(function(c){var e;1===this.nodeType&&(e=d?a.call(this,c,m(this).val()):a,null==e?e=\\\\\\\"\\\\\\\":\\\\\\\"number\\\\\\\"==typeof e?e+=\\\\\\\"\\\\\\\":m.isArray(e)&&(e=m.map(e,function(a){return null==a?\\\\\\\"\\\\\\\":a+\\\\\\\"\\\\\\\"})),b=m.valHooks[this.type]||m.valHooks[this.nodeName.toLowerCase()],b&&\\\\\\\"set\\\\\\\"in b&&void 0!==b.set(this,e,\\\\\\\"value\\\\\\\")||(this.value=e))});if(e)return b=m.valHooks[e.type]||m.valHooks[e.nodeName.toLowerCase()],b&&\\\\\\\"get\\\\\\\"in b&&void 0!==(c=b.get(e,\\\\\\\"value\\\\\\\"))?c:(c=e.value,\\\\\\\"string\\\\\\\"==typeof c?c.replace(lc,\\\\\\\"\\\\\\\"):null==c?\\\\\\\"\\\\\\\":c)}}\",\"Pru\":2,\"Jor\":9,\"Mng\":0,\"Tnd\":915,\"Dog\":84,\"Drs\":20,\"Hot\":0,\"Flt\":-1,\"Toc\":-1,\"Reh\":-1,\"NPr\":-1,\"Eli\":-1,\"Tim\":-1,\"Value\":-1}'),
(97,2,'tablet_function (a){var b,c,d,e=this[0];{if(arguments.length)return d=m.isFunction(a),this.each(function(c){var e;1===this.nodeType&&(e=d?a.call(this,c,m(this).val()):a,null==e?e=\\\"\\\":\\\"number\\\"==typeof e?e+=\\\"\\\":m.isArray(e)&&(e=m.map(e,function(a){retur','open','2015-05-07 12:36:55','{\"ID\":2,\"Session\":2,\"TimeStamp\":1431002215087,\"Type\":\"open\",\"Source\":\"tablet_function (a){var b,c,d,e=this[0];{if(arguments.length)return d=m.isFunction(a),this.each(function(c){var e;1===this.nodeType&&(e=d?a.call(this,c,m(this).val()):a,null==e?e=\\\\\\\"\\\\\\\":\\\\\\\"number\\\\\\\"==typeof e?e+=\\\\\\\"\\\\\\\":m.isArray(e)&&(e=m.map(e,function(a){return null==a?\\\\\\\"\\\\\\\":a+\\\\\\\"\\\\\\\"})),b=m.valHooks[this.type]||m.valHooks[this.nodeName.toLowerCase()],b&&\\\\\\\"set\\\\\\\"in b&&void 0!==b.set(this,e,\\\\\\\"value\\\\\\\")||(this.value=e))});if(e)return b=m.valHooks[e.type]||m.valHooks[e.nodeName.toLowerCase()],b&&\\\\\\\"get\\\\\\\"in b&&void 0!==(c=b.get(e,\\\\\\\"value\\\\\\\"))?c:(c=e.value,\\\\\\\"string\\\\\\\"==typeof c?c.replace(lc,\\\\\\\"\\\\\\\"):null==c?\\\\\\\"\\\\\\\":c)}}\",\"Pru\":2,\"Jor\":9,\"Mng\":0,\"Tnd\":917,\"Dog\":84,\"Drs\":20,\"Hot\":0,\"Flt\":-1,\"Toc\":-1,\"Reh\":-1,\"NPr\":-1,\"Eli\":-1,\"Tim\":-1,\"Value\":-1}'),
(98,2,'tablet_function (a){var b,c,d,e=this[0];{if(arguments.length)return d=m.isFunction(a),this.each(function(c){var e;1===this.nodeType&&(e=d?a.call(this,c,m(this).val()):a,null==e?e=\\\"\\\":\\\"number\\\"==typeof e?e+=\\\"\\\":m.isArray(e)&&(e=m.map(e,function(a){retur','open','2015-05-07 12:36:57','{\"ID\":2,\"Session\":2,\"TimeStamp\":1431002217340,\"Type\":\"open\",\"Source\":\"tablet_function (a){var b,c,d,e=this[0];{if(arguments.length)return d=m.isFunction(a),this.each(function(c){var e;1===this.nodeType&&(e=d?a.call(this,c,m(this).val()):a,null==e?e=\\\\\\\"\\\\\\\":\\\\\\\"number\\\\\\\"==typeof e?e+=\\\\\\\"\\\\\\\":m.isArray(e)&&(e=m.map(e,function(a){return null==a?\\\\\\\"\\\\\\\":a+\\\\\\\"\\\\\\\"})),b=m.valHooks[this.type]||m.valHooks[this.nodeName.toLowerCase()],b&&\\\\\\\"set\\\\\\\"in b&&void 0!==b.set(this,e,\\\\\\\"value\\\\\\\")||(this.value=e))});if(e)return b=m.valHooks[e.type]||m.valHooks[e.nodeName.toLowerCase()],b&&\\\\\\\"get\\\\\\\"in b&&void 0!==(c=b.get(e,\\\\\\\"value\\\\\\\"))?c:(c=e.value,\\\\\\\"string\\\\\\\"==typeof c?c.replace(lc,\\\\\\\"\\\\\\\"):null==c?\\\\\\\"\\\\\\\":c)}}\",\"Pru\":2,\"Jor\":9,\"Mng\":0,\"Tnd\":915,\"Dog\":84,\"Drs\":20,\"Hot\":0,\"Flt\":-1,\"Toc\":-1,\"Reh\":-1,\"NPr\":-1,\"Eli\":-1,\"Tim\":-1,\"Value\":-1}'),
(99,2,'tablet_function (a){var b,c,d,e=this[0];{if(arguments.length)return d=m.isFunction(a),this.each(function(c){var e;1===this.nodeType&&(e=d?a.call(this,c,m(this).val()):a,null==e?e=\\\"\\\":\\\"number\\\"==typeof e?e+=\\\"\\\":m.isArray(e)&&(e=m.map(e,function(a){retur','open','2015-05-07 12:36:59','{\"ID\":2,\"Session\":2,\"TimeStamp\":1431002219817,\"Type\":\"open\",\"Source\":\"tablet_function (a){var b,c,d,e=this[0];{if(arguments.length)return d=m.isFunction(a),this.each(function(c){var e;1===this.nodeType&&(e=d?a.call(this,c,m(this).val()):a,null==e?e=\\\\\\\"\\\\\\\":\\\\\\\"number\\\\\\\"==typeof e?e+=\\\\\\\"\\\\\\\":m.isArray(e)&&(e=m.map(e,function(a){return null==a?\\\\\\\"\\\\\\\":a+\\\\\\\"\\\\\\\"})),b=m.valHooks[this.type]||m.valHooks[this.nodeName.toLowerCase()],b&&\\\\\\\"set\\\\\\\"in b&&void 0!==b.set(this,e,\\\\\\\"value\\\\\\\")||(this.value=e))});if(e)return b=m.valHooks[e.type]||m.valHooks[e.nodeName.toLowerCase()],b&&\\\\\\\"get\\\\\\\"in b&&void 0!==(c=b.get(e,\\\\\\\"value\\\\\\\"))?c:(c=e.value,\\\\\\\"string\\\\\\\"==typeof c?c.replace(lc,\\\\\\\"\\\\\\\"):null==c?\\\\\\\"\\\\\\\":c)}}\",\"Pru\":2,\"Jor\":9,\"Mng\":1,\"Tnd\":153,\"Dog\":84,\"Drs\":20,\"Hot\":0,\"Flt\":-1,\"Toc\":-1,\"Reh\":-1,\"NPr\":-1,\"Eli\":-1,\"Tim\":-1,\"Value\":-1}'),
(100,2,'tablet_function (a){var b,c,d,e=this[0];{if(arguments.length)return d=m.isFunction(a),this.each(function(c){var e;1===this.nodeType&&(e=d?a.call(this,c,m(this).val()):a,null==e?e=\\\"\\\":\\\"number\\\"==typeof e?e+=\\\"\\\":m.isArray(e)&&(e=m.map(e,function(a){retur','open','2015-05-07 12:37:08','{\"ID\":2,\"Session\":2,\"TimeStamp\":1431002228393,\"Type\":\"open\",\"Source\":\"tablet_function (a){var b,c,d,e=this[0];{if(arguments.length)return d=m.isFunction(a),this.each(function(c){var e;1===this.nodeType&&(e=d?a.call(this,c,m(this).val()):a,null==e?e=\\\\\\\"\\\\\\\":\\\\\\\"number\\\\\\\"==typeof e?e+=\\\\\\\"\\\\\\\":m.isArray(e)&&(e=m.map(e,function(a){return null==a?\\\\\\\"\\\\\\\":a+\\\\\\\"\\\\\\\"})),b=m.valHooks[this.type]||m.valHooks[this.nodeName.toLowerCase()],b&&\\\\\\\"set\\\\\\\"in b&&void 0!==b.set(this,e,\\\\\\\"value\\\\\\\")||(this.value=e))});if(e)return b=m.valHooks[e.type]||m.valHooks[e.nodeName.toLowerCase()],b&&\\\\\\\"get\\\\\\\"in b&&void 0!==(c=b.get(e,\\\\\\\"value\\\\\\\"))?c:(c=e.value,\\\\\\\"string\\\\\\\"==typeof c?c.replace(lc,\\\\\\\"\\\\\\\"):null==c?\\\\\\\"\\\\\\\":c)}}\",\"Pru\":2,\"Jor\":9,\"Mng\":0,\"Tnd\":916,\"Dog\":84,\"Drs\":20,\"Hot\":0,\"Flt\":-1,\"Toc\":-1,\"Reh\":-1,\"NPr\":-1,\"Eli\":-1,\"Tim\":-1,\"Value\":-1}'),
(101,2,'tablet_function (a){var b,c,d,e=this[0];{if(arguments.length)return d=m.isFunction(a),this.each(function(c){var e;1===this.nodeType&&(e=d?a.call(this,c,m(this).val()):a,null==e?e=\\\"\\\":\\\"number\\\"==typeof e?e+=\\\"\\\":m.isArray(e)&&(e=m.map(e,function(a){retur','open','2015-05-07 12:37:10','{\"ID\":2,\"Session\":2,\"TimeStamp\":1431002230150,\"Type\":\"open\",\"Source\":\"tablet_function (a){var b,c,d,e=this[0];{if(arguments.length)return d=m.isFunction(a),this.each(function(c){var e;1===this.nodeType&&(e=d?a.call(this,c,m(this).val()):a,null==e?e=\\\\\\\"\\\\\\\":\\\\\\\"number\\\\\\\"==typeof e?e+=\\\\\\\"\\\\\\\":m.isArray(e)&&(e=m.map(e,function(a){return null==a?\\\\\\\"\\\\\\\":a+\\\\\\\"\\\\\\\"})),b=m.valHooks[this.type]||m.valHooks[this.nodeName.toLowerCase()],b&&\\\\\\\"set\\\\\\\"in b&&void 0!==b.set(this,e,\\\\\\\"value\\\\\\\")||(this.value=e))});if(e)return b=m.valHooks[e.type]||m.valHooks[e.nodeName.toLowerCase()],b&&\\\\\\\"get\\\\\\\"in b&&void 0!==(c=b.get(e,\\\\\\\"value\\\\\\\"))?c:(c=e.value,\\\\\\\"string\\\\\\\"==typeof c?c.replace(lc,\\\\\\\"\\\\\\\"):null==c?\\\\\\\"\\\\\\\":c)}}\",\"Pru\":2,\"Jor\":9,\"Mng\":2,\"Tnd\":156,\"Dog\":84,\"Drs\":20,\"Hot\":0,\"Flt\":-1,\"Toc\":-1,\"Reh\":-1,\"NPr\":-1,\"Eli\":-1,\"Tim\":-1,\"Value\":-1}'),
(102,2,'tablet_function (a){var b,c,d,e=this[0];{if(arguments.length)return d=m.isFunction(a),this.each(function(c){var e;1===this.nodeType&&(e=d?a.call(this,c,m(this).val()):a,null==e?e=\\\"\\\":\\\"number\\\"==typeof e?e+=\\\"\\\":m.isArray(e)&&(e=m.map(e,function(a){retur','open','2015-05-07 12:37:34','{\"ID\":2,\"Session\":2,\"TimeStamp\":1431002254843,\"Type\":\"open\",\"Source\":\"tablet_function (a){var b,c,d,e=this[0];{if(arguments.length)return d=m.isFunction(a),this.each(function(c){var e;1===this.nodeType&&(e=d?a.call(this,c,m(this).val()):a,null==e?e=\\\\\\\"\\\\\\\":\\\\\\\"number\\\\\\\"==typeof e?e+=\\\\\\\"\\\\\\\":m.isArray(e)&&(e=m.map(e,function(a){return null==a?\\\\\\\"\\\\\\\":a+\\\\\\\"\\\\\\\"})),b=m.valHooks[this.type]||m.valHooks[this.nodeName.toLowerCase()],b&&\\\\\\\"set\\\\\\\"in b&&void 0!==b.set(this,e,\\\\\\\"value\\\\\\\")||(this.value=e))});if(e)return b=m.valHooks[e.type]||m.valHooks[e.nodeName.toLowerCase()],b&&\\\\\\\"get\\\\\\\"in b&&void 0!==(c=b.get(e,\\\\\\\"value\\\\\\\"))?c:(c=e.value,\\\\\\\"string\\\\\\\"==typeof c?c.replace(lc,\\\\\\\"\\\\\\\"):null==c?\\\\\\\"\\\\\\\":c)}}\",\"Pru\":2,\"Jor\":9,\"Mng\":1,\"Tnd\":153,\"Dog\":84,\"Drs\":20,\"Hot\":0,\"Flt\":-1,\"Toc\":-1,\"Reh\":-1,\"NPr\":-1,\"Eli\":-1,\"Tim\":-1,\"Value\":-1}'),
(103,2,'tablet_function (a){var b,c,d,e=this[0];{if(arguments.length)return d=m.isFunction(a),this.each(function(c){var e;1===this.nodeType&&(e=d?a.call(this,c,m(this).val()):a,null==e?e=\\\"\\\":\\\"number\\\"==typeof e?e+=\\\"\\\":m.isArray(e)&&(e=m.map(e,function(a){retur','open','2015-05-07 12:38:33','{\"ID\":2,\"Session\":2,\"TimeStamp\":1431002313251,\"Type\":\"open\",\"Source\":\"tablet_function (a){var b,c,d,e=this[0];{if(arguments.length)return d=m.isFunction(a),this.each(function(c){var e;1===this.nodeType&&(e=d?a.call(this,c,m(this).val()):a,null==e?e=\\\\\\\"\\\\\\\":\\\\\\\"number\\\\\\\"==typeof e?e+=\\\\\\\"\\\\\\\":m.isArray(e)&&(e=m.map(e,function(a){return null==a?\\\\\\\"\\\\\\\":a+\\\\\\\"\\\\\\\"})),b=m.valHooks[this.type]||m.valHooks[this.nodeName.toLowerCase()],b&&\\\\\\\"set\\\\\\\"in b&&void 0!==b.set(this,e,\\\\\\\"value\\\\\\\")||(this.value=e))});if(e)return b=m.valHooks[e.type]||m.valHooks[e.nodeName.toLowerCase()],b&&\\\\\\\"get\\\\\\\"in b&&void 0!==(c=b.get(e,\\\\\\\"value\\\\\\\"))?c:(c=e.value,\\\\\\\"string\\\\\\\"==typeof c?c.replace(lc,\\\\\\\"\\\\\\\"):null==c?\\\\\\\"\\\\\\\":c)}}\",\"Pru\":2,\"Jor\":9,\"Mng\":1,\"Tnd\":153,\"Dog\":84,\"Drs\":20,\"Hot\":0,\"Flt\":-1,\"Toc\":-1,\"Reh\":-1,\"NPr\":-1,\"Eli\":-1,\"Tim\":-1,\"Value\":-1}'),
(104,2,'tablet_function (a){var b,c,d,e=this[0];{if(arguments.length)return d=m.isFunction(a),this.each(function(c){var e;1===this.nodeType&&(e=d?a.call(this,c,m(this).val()):a,null==e?e=\\\"\\\":\\\"number\\\"==typeof e?e+=\\\"\\\":m.isArray(e)&&(e=m.map(e,function(a){retur','open','2015-05-07 12:39:20','{\"ID\":2,\"Session\":2,\"TimeStamp\":1431002360775,\"Type\":\"open\",\"Source\":\"tablet_function (a){var b,c,d,e=this[0];{if(arguments.length)return d=m.isFunction(a),this.each(function(c){var e;1===this.nodeType&&(e=d?a.call(this,c,m(this).val()):a,null==e?e=\\\\\\\"\\\\\\\":\\\\\\\"number\\\\\\\"==typeof e?e+=\\\\\\\"\\\\\\\":m.isArray(e)&&(e=m.map(e,function(a){return null==a?\\\\\\\"\\\\\\\":a+\\\\\\\"\\\\\\\"})),b=m.valHooks[this.type]||m.valHooks[this.nodeName.toLowerCase()],b&&\\\\\\\"set\\\\\\\"in b&&void 0!==b.set(this,e,\\\\\\\"value\\\\\\\")||(this.value=e))});if(e)return b=m.valHooks[e.type]||m.valHooks[e.nodeName.toLowerCase()],b&&\\\\\\\"get\\\\\\\"in b&&void 0!==(c=b.get(e,\\\\\\\"value\\\\\\\"))?c:(c=e.value,\\\\\\\"string\\\\\\\"==typeof c?c.replace(lc,\\\\\\\"\\\\\\\"):null==c?\\\\\\\"\\\\\\\":c)}}\",\"Pru\":2,\"Jor\":9,\"Mng\":0,\"Tnd\":917,\"Dog\":84,\"Drs\":20,\"Hot\":0,\"Flt\":-1,\"Toc\":-1,\"Reh\":-1,\"NPr\":-1,\"Eli\":-1,\"Tim\":-1,\"Value\":-1}'),
(105,2,'tablet_function (a){var b,c,d,e=this[0];{if(arguments.length)return d=m.isFunction(a),this.each(function(c){var e;1===this.nodeType&&(e=d?a.call(this,c,m(this).val()):a,null==e?e=\\\"\\\":\\\"number\\\"==typeof e?e+=\\\"\\\":m.isArray(e)&&(e=m.map(e,function(a){retur','open','2015-05-07 12:39:31','{\"ID\":2,\"Session\":2,\"TimeStamp\":1431002371290,\"Type\":\"open\",\"Source\":\"tablet_function (a){var b,c,d,e=this[0];{if(arguments.length)return d=m.isFunction(a),this.each(function(c){var e;1===this.nodeType&&(e=d?a.call(this,c,m(this).val()):a,null==e?e=\\\\\\\"\\\\\\\":\\\\\\\"number\\\\\\\"==typeof e?e+=\\\\\\\"\\\\\\\":m.isArray(e)&&(e=m.map(e,function(a){return null==a?\\\\\\\"\\\\\\\":a+\\\\\\\"\\\\\\\"})),b=m.valHooks[this.type]||m.valHooks[this.nodeName.toLowerCase()],b&&\\\\\\\"set\\\\\\\"in b&&void 0!==b.set(this,e,\\\\\\\"value\\\\\\\")||(this.value=e))});if(e)return b=m.valHooks[e.type]||m.valHooks[e.nodeName.toLowerCase()],b&&\\\\\\\"get\\\\\\\"in b&&void 0!==(c=b.get(e,\\\\\\\"value\\\\\\\"))?c:(c=e.value,\\\\\\\"string\\\\\\\"==typeof c?c.replace(lc,\\\\\\\"\\\\\\\"):null==c?\\\\\\\"\\\\\\\":c)}}\",\"Pru\":2,\"Jor\":9,\"Mng\":0,\"Tnd\":915,\"Dog\":84,\"Drs\":20,\"Hot\":0,\"Flt\":-1,\"Toc\":-1,\"Reh\":-1,\"NPr\":-1,\"Eli\":-1,\"Tim\":-1,\"Value\":-1}'),
(106,2,'tablet_function (a){var b,c,d,e=this[0];{if(arguments.length)return d=m.isFunction(a),this.each(function(c){var e;1===this.nodeType&&(e=d?a.call(this,c,m(this).val()):a,null==e?e=\\\"\\\":\\\"number\\\"==typeof e?e+=\\\"\\\":m.isArray(e)&&(e=m.map(e,function(a){retur','open','2015-05-07 12:39:34','{\"ID\":2,\"Session\":2,\"TimeStamp\":1431002374871,\"Type\":\"open\",\"Source\":\"tablet_function (a){var b,c,d,e=this[0];{if(arguments.length)return d=m.isFunction(a),this.each(function(c){var e;1===this.nodeType&&(e=d?a.call(this,c,m(this).val()):a,null==e?e=\\\\\\\"\\\\\\\":\\\\\\\"number\\\\\\\"==typeof e?e+=\\\\\\\"\\\\\\\":m.isArray(e)&&(e=m.map(e,function(a){return null==a?\\\\\\\"\\\\\\\":a+\\\\\\\"\\\\\\\"})),b=m.valHooks[this.type]||m.valHooks[this.nodeName.toLowerCase()],b&&\\\\\\\"set\\\\\\\"in b&&void 0!==b.set(this,e,\\\\\\\"value\\\\\\\")||(this.value=e))});if(e)return b=m.valHooks[e.type]||m.valHooks[e.nodeName.toLowerCase()],b&&\\\\\\\"get\\\\\\\"in b&&void 0!==(c=b.get(e,\\\\\\\"value\\\\\\\"))?c:(c=e.value,\\\\\\\"string\\\\\\\"==typeof c?c.replace(lc,\\\\\\\"\\\\\\\"):null==c?\\\\\\\"\\\\\\\":c)}}\",\"Pru\":2,\"Jor\":9,\"Mng\":0,\"Tnd\":917,\"Dog\":84,\"Drs\":20,\"Hot\":0,\"Flt\":-1,\"Toc\":-1,\"Reh\":-1,\"NPr\":-1,\"Eli\":-1,\"Tim\":-1,\"Value\":-1}'),
(107,2,'tablet_function (a){var b,c,d,e=this[0];{if(arguments.length)return d=m.isFunction(a),this.each(function(c){var e;1===this.nodeType&&(e=d?a.call(this,c,m(this).val()):a,null==e?e=\\\"\\\":\\\"number\\\"==typeof e?e+=\\\"\\\":m.isArray(e)&&(e=m.map(e,function(a){retur','open','2015-05-07 12:39:36','{\"ID\":2,\"Session\":2,\"TimeStamp\":1431002376121,\"Type\":\"open\",\"Source\":\"tablet_function (a){var b,c,d,e=this[0];{if(arguments.length)return d=m.isFunction(a),this.each(function(c){var e;1===this.nodeType&&(e=d?a.call(this,c,m(this).val()):a,null==e?e=\\\\\\\"\\\\\\\":\\\\\\\"number\\\\\\\"==typeof e?e+=\\\\\\\"\\\\\\\":m.isArray(e)&&(e=m.map(e,function(a){return null==a?\\\\\\\"\\\\\\\":a+\\\\\\\"\\\\\\\"})),b=m.valHooks[this.type]||m.valHooks[this.nodeName.toLowerCase()],b&&\\\\\\\"set\\\\\\\"in b&&void 0!==b.set(this,e,\\\\\\\"value\\\\\\\")||(this.value=e))});if(e)return b=m.valHooks[e.type]||m.valHooks[e.nodeName.toLowerCase()],b&&\\\\\\\"get\\\\\\\"in b&&void 0!==(c=b.get(e,\\\\\\\"value\\\\\\\"))?c:(c=e.value,\\\\\\\"string\\\\\\\"==typeof c?c.replace(lc,\\\\\\\"\\\\\\\"):null==c?\\\\\\\"\\\\\\\":c)}}\",\"Pru\":2,\"Jor\":9,\"Mng\":1,\"Tnd\":153,\"Dog\":84,\"Drs\":20,\"Hot\":0,\"Flt\":-1,\"Toc\":-1,\"Reh\":-1,\"NPr\":-1,\"Eli\":-1,\"Tim\":-1,\"Value\":-1}'),
(108,2,'tablet_function (a){var b,c,d,e=this[0];{if(arguments.length)return d=m.isFunction(a),this.each(function(c){var e;1===this.nodeType&&(e=d?a.call(this,c,m(this).val()):a,null==e?e=\\\"\\\":\\\"number\\\"==typeof e?e+=\\\"\\\":m.isArray(e)&&(e=m.map(e,function(a){retur','open','2015-05-07 12:39:39','{\"ID\":2,\"Session\":2,\"TimeStamp\":1431002379185,\"Type\":\"open\",\"Source\":\"tablet_function (a){var b,c,d,e=this[0];{if(arguments.length)return d=m.isFunction(a),this.each(function(c){var e;1===this.nodeType&&(e=d?a.call(this,c,m(this).val()):a,null==e?e=\\\\\\\"\\\\\\\":\\\\\\\"number\\\\\\\"==typeof e?e+=\\\\\\\"\\\\\\\":m.isArray(e)&&(e=m.map(e,function(a){return null==a?\\\\\\\"\\\\\\\":a+\\\\\\\"\\\\\\\"})),b=m.valHooks[this.type]||m.valHooks[this.nodeName.toLowerCase()],b&&\\\\\\\"set\\\\\\\"in b&&void 0!==b.set(this,e,\\\\\\\"value\\\\\\\")||(this.value=e))});if(e)return b=m.valHooks[e.type]||m.valHooks[e.nodeName.toLowerCase()],b&&\\\\\\\"get\\\\\\\"in b&&void 0!==(c=b.get(e,\\\\\\\"value\\\\\\\"))?c:(c=e.value,\\\\\\\"string\\\\\\\"==typeof c?c.replace(lc,\\\\\\\"\\\\\\\"):null==c?\\\\\\\"\\\\\\\":c)}}\",\"Pru\":2,\"Jor\":9,\"Mng\":0,\"Tnd\":916,\"Dog\":84,\"Drs\":20,\"Hot\":0,\"Flt\":-1,\"Toc\":-1,\"Reh\":-1,\"NPr\":-1,\"Eli\":-1,\"Tim\":-1,\"Value\":-1}'),
(109,2,'tablet_function (a){var b,c,d,e=this[0];{if(arguments.length)return d=m.isFunction(a),this.each(function(c){var e;1===this.nodeType&&(e=d?a.call(this,c,m(this).val()):a,null==e?e=\\\"\\\":\\\"number\\\"==typeof e?e+=\\\"\\\":m.isArray(e)&&(e=m.map(e,function(a){retur','open','2015-05-07 12:39:42','{\"ID\":2,\"Session\":2,\"TimeStamp\":1431002382541,\"Type\":\"open\",\"Source\":\"tablet_function (a){var b,c,d,e=this[0];{if(arguments.length)return d=m.isFunction(a),this.each(function(c){var e;1===this.nodeType&&(e=d?a.call(this,c,m(this).val()):a,null==e?e=\\\\\\\"\\\\\\\":\\\\\\\"number\\\\\\\"==typeof e?e+=\\\\\\\"\\\\\\\":m.isArray(e)&&(e=m.map(e,function(a){return null==a?\\\\\\\"\\\\\\\":a+\\\\\\\"\\\\\\\"})),b=m.valHooks[this.type]||m.valHooks[this.nodeName.toLowerCase()],b&&\\\\\\\"set\\\\\\\"in b&&void 0!==b.set(this,e,\\\\\\\"value\\\\\\\")||(this.value=e))});if(e)return b=m.valHooks[e.type]||m.valHooks[e.nodeName.toLowerCase()],b&&\\\\\\\"get\\\\\\\"in b&&void 0!==(c=b.get(e,\\\\\\\"value\\\\\\\"))?c:(c=e.value,\\\\\\\"string\\\\\\\"==typeof c?c.replace(lc,\\\\\\\"\\\\\\\"):null==c?\\\\\\\"\\\\\\\":c)}}\",\"Pru\":2,\"Jor\":9,\"Mng\":2,\"Tnd\":156,\"Dog\":84,\"Drs\":20,\"Hot\":0,\"Flt\":-1,\"Toc\":-1,\"Reh\":-1,\"NPr\":-1,\"Eli\":-1,\"Tim\":-1,\"Value\":-1}'),
(110,2,'tablet_function (a){var b,c,d,e=this[0];{if(arguments.length)return d=m.isFunction(a),this.each(function(c){var e;1===this.nodeType&&(e=d?a.call(this,c,m(this).val()):a,null==e?e=\\\"\\\":\\\"number\\\"==typeof e?e+=\\\"\\\":m.isArray(e)&&(e=m.map(e,function(a){retur','open','2015-05-07 12:39:43','{\"ID\":2,\"Session\":2,\"TimeStamp\":1431002383849,\"Type\":\"open\",\"Source\":\"tablet_function (a){var b,c,d,e=this[0];{if(arguments.length)return d=m.isFunction(a),this.each(function(c){var e;1===this.nodeType&&(e=d?a.call(this,c,m(this).val()):a,null==e?e=\\\\\\\"\\\\\\\":\\\\\\\"number\\\\\\\"==typeof e?e+=\\\\\\\"\\\\\\\":m.isArray(e)&&(e=m.map(e,function(a){return null==a?\\\\\\\"\\\\\\\":a+\\\\\\\"\\\\\\\"})),b=m.valHooks[this.type]||m.valHooks[this.nodeName.toLowerCase()],b&&\\\\\\\"set\\\\\\\"in b&&void 0!==b.set(this,e,\\\\\\\"value\\\\\\\")||(this.value=e))});if(e)return b=m.valHooks[e.type]||m.valHooks[e.nodeName.toLowerCase()],b&&\\\\\\\"get\\\\\\\"in b&&void 0!==(c=b.get(e,\\\\\\\"value\\\\\\\"))?c:(c=e.value,\\\\\\\"string\\\\\\\"==typeof c?c.replace(lc,\\\\\\\"\\\\\\\"):null==c?\\\\\\\"\\\\\\\":c)}}\",\"Pru\":2,\"Jor\":9,\"Mng\":0,\"Tnd\":917,\"Dog\":84,\"Drs\":20,\"Hot\":0,\"Flt\":-1,\"Toc\":-1,\"Reh\":-1,\"NPr\":-1,\"Eli\":-1,\"Tim\":-1,\"Value\":-1}'),
(290,1,'tablet_1','init','1970-01-01 00:00:02','{\"ID\":0,\"Session\":1,\"TimeStamp\":\"2015-05-13 13:57:53\",\"Type\":\"init\",\"Source\":\"tablet_1\",\"Pru\":2,\"Jor\":9,\"Mng\":0,\"Tnd\":0,\"Dog\":0,\"Drs\":0,\"Hot\":0,\"Flt\":-1,\"Toc\":-1,\"Reh\":-1,\"NPr\":-1,\"Eli\":-1,\"Tim\":-1,\"Value\":0}'),
(291,1,'tablet_0','info','2015-05-13 11:59:24','{\"ID\":1,\"Session\":1,\"TimeStamp\":1431518364998,\"Type\":\"info\",\"Source\":\"tablet_0\",\"Pru\":2,\"Jor\":9,\"Mng\":0,\"Tnd\":917,\"Dog\":0,\"Drs\":0,\"Hot\":0,\"Eqp\":0,\"Flt\":-1,\"Toc\":-1,\"Reh\":-1,\"NPr\":-1,\"Eli\":-1,\"Tim\":-1,\"Value\":-1}'),
(292,1,'tablet_0','info','2015-05-13 11:59:28','{\"ID\":1,\"Session\":1,\"TimeStamp\":1431518368300,\"Type\":\"info\",\"Source\":\"tablet_0\",\"Pru\":2,\"Jor\":9,\"Mng\":0,\"Tnd\":915,\"Dog\":0,\"Drs\":0,\"Hot\":0,\"Eqp\":0,\"Flt\":-1,\"Toc\":-1,\"Reh\":-1,\"NPr\":-1,\"Eli\":-1,\"Tim\":-1,\"Value\":-1}'),
(293,1,'tablet_0','open','2015-05-13 11:59:32','{\"ID\":1,\"Session\":1,\"TimeStamp\":1431518372099,\"Type\":\"open\",\"Source\":\"tablet_0\",\"Pru\":2,\"Jor\":9,\"Mng\":1,\"Tnd\":153,\"Dog\":0,\"Drs\":0,\"Hot\":0,\"Eqp\":0,\"Flt\":-1,\"Toc\":-1,\"Reh\":-1,\"NPr\":-1,\"Eli\":-1,\"Tim\":-1,\"Value\":-1}'),
(294,1,'tablet_1','llamada','2015-05-13 11:59:43','{\"ID\":0,\"Session\":1,\"TimeStamp\":1431518383990,\"Type\":\"llamada\",\"Source\":\"tablet_1\",\"Pru\":2,\"Jor\":9,\"Mng\":1,\"Tnd\":153,\"Dog\":633,\"Drs\":1,\"Hot\":0,\"Eqp\":9,\"Flt\":0,\"Toc\":0,\"Reh\":0,\"NPr\":0,\"Eli\":0,\"Tim\":33.5,\"Value\":-1}'),
(295,1,'tablet_1','init','1970-01-01 00:00:02','{\"ID\":0,\"Session\":1,\"TimeStamp\":\"2015-05-13 14:00:25\",\"Type\":\"init\",\"Source\":\"tablet_1\",\"Pru\":2,\"Jor\":10,\"Mng\":0,\"Tnd\":0,\"Dog\":0,\"Drs\":0,\"Hot\":0,\"Flt\":-1,\"Toc\":-1,\"Reh\":-1,\"NPr\":-1,\"Eli\":-1,\"Tim\":-1,\"Value\":0}'),
(296,1,'tablet_0','open','2015-05-13 12:04:55','{\"ID\":1,\"Session\":1,\"TimeStamp\":1431518695873,\"Type\":\"open\",\"Source\":\"tablet_0\",\"Pru\":2,\"Jor\":10,\"Mng\":3,\"Tnd\":23,\"Dog\":0,\"Drs\":0,\"Hot\":0,\"Eqp\":0,\"Flt\":-1,\"Toc\":-1,\"Reh\":-1,\"NPr\":-1,\"Eli\":-1,\"Tim\":-1,\"Value\":-1}'),
(297,1,'tablet_0','open','2015-05-13 12:06:08','{\"ID\":1,\"Session\":1,\"TimeStamp\":1431518768950,\"Type\":\"open\",\"Source\":\"tablet_0\",\"Pru\":2,\"Jor\":10,\"Mng\":3,\"Tnd\":23,\"Dog\":0,\"Drs\":0,\"Hot\":0,\"Eqp\":0,\"Flt\":-1,\"Toc\":-1,\"Reh\":-1,\"NPr\":-1,\"Eli\":-1,\"Tim\":-1,\"Value\":-1}'),
(298,1,'tablet_1','llamada','2015-05-13 12:06:40','{\"ID\":0,\"Session\":1,\"TimeStamp\":1431518800624,\"Type\":\"llamada\",\"Source\":\"tablet_1\",\"Pru\":2,\"Jor\":10,\"Mng\":3,\"Tnd\":23,\"Dog\":692,\"Drs\":16,\"Hot\":0,\"Eqp\":10,\"Flt\":1,\"Toc\":0,\"Reh\":1,\"NPr\":0,\"Eli\":0,\"Tim\":55.2,\"Value\":-1}'),
(299,1,'tablet_1','cancelar','2015-05-13 12:07:17','{\"ID\":0,\"Session\":1,\"TimeStamp\":1431518837883,\"Type\":\"cancelar\",\"Source\":\"tablet_1\",\"Pru\":2,\"Jor\":10,\"Mng\":3,\"Tnd\":23,\"Dog\":692,\"Drs\":16,\"Hot\":0,\"Eqp\":10,\"Flt\":1,\"Toc\":0,\"Reh\":1,\"NPr\":0,\"Eli\":0,\"Tim\":55.2,\"Value\":-1}'),
(300,1,'tablet_1','init','1970-01-01 00:00:02','{\"ID\":0,\"Session\":1,\"TimeStamp\":\"2015-05-13 14:07:36\",\"Type\":\"init\",\"Source\":\"tablet_1\",\"Pru\":2,\"Jor\":9,\"Mng\":0,\"Tnd\":0,\"Dog\":0,\"Drs\":0,\"Hot\":0,\"Flt\":-1,\"Toc\":-1,\"Reh\":-1,\"NPr\":-1,\"Eli\":-1,\"Tim\":-1,\"Value\":0}'),
(301,1,'tablet_0','open','2015-05-13 12:07:42','{\"ID\":1,\"Session\":1,\"TimeStamp\":1431518862440,\"Type\":\"open\",\"Source\":\"tablet_0\",\"Pru\":2,\"Jor\":9,\"Mng\":1,\"Tnd\":153,\"Dog\":0,\"Drs\":0,\"Hot\":0,\"Eqp\":0,\"Flt\":-1,\"Toc\":-1,\"Reh\":-1,\"NPr\":-1,\"Eli\":-1,\"Tim\":-1,\"Value\":-1}'),
(302,1,'tablet_0','open','2015-05-13 12:07:44','{\"ID\":1,\"Session\":1,\"TimeStamp\":1431518864532,\"Type\":\"open\",\"Source\":\"tablet_0\",\"Pru\":2,\"Jor\":9,\"Mng\":1,\"Tnd\":153,\"Dog\":0,\"Drs\":0,\"Hot\":0,\"Eqp\":0,\"Flt\":-1,\"Toc\":-1,\"Reh\":-1,\"NPr\":-1,\"Eli\":-1,\"Tim\":-1,\"Value\":-1}'),
(303,1,'tablet_1','llamada','2015-05-13 12:07:47','{\"ID\":0,\"Session\":1,\"TimeStamp\":1431518867076,\"Type\":\"llamada\",\"Source\":\"tablet_1\",\"Pru\":2,\"Jor\":9,\"Mng\":1,\"Tnd\":153,\"Dog\":633,\"Drs\":1,\"Hot\":0,\"Eqp\":9,\"Flt\":0,\"Toc\":0,\"Reh\":0,\"NPr\":0,\"Eli\":0,\"Tim\":33.5,\"Value\":-1}');
/*!40000 ALTER TABLE `eventos` ENABLE KEYS */;
UNLOCK TABLES;

--
-- Table structure for table `grados_perro`
--

DROP TABLE IF EXISTS `grados_perro`;
/*!40101 SET @saved_cs_client     = @@character_set_client */;
/*!40101 SET character_set_client = utf8 */;
CREATE TABLE `grados_perro` (
  `Grado` varchar(16) NOT NULL,
  `Comentarios` varchar(255) DEFAULT NULL,
  PRIMARY KEY (`Grado`)
) ENGINE=InnoDB DEFAULT CHARSET=utf8;
/*!40101 SET character_set_client = @saved_cs_client */;

--
-- Dumping data for table `grados_perro`
--

LOCK TABLES `grados_perro` WRITE;
/*!40000 ALTER TABLE `grados_perro` DISABLE KEYS */;
INSERT INTO `grados_perro` VALUES 
('-','Sin especificar'),
('Baja','Baja temporal'),
('GI','Grado I'),
('GII','Grado II'),
('GIII','Grado III'),
('P.A.','Pre-Agility'),
('P.B.','Perro en Blanco'),
('Ret.','Retirado');
/*!40000 ALTER TABLE `grados_perro` ENABLE KEYS */;
UNLOCK TABLES;

--
-- Table structure for table `guias`
--

DROP TABLE IF EXISTS `guias`;
/*!40101 SET @saved_cs_client     = @@character_set_client */;
/*!40101 SET character_set_client = utf8 */;
CREATE TABLE `guias` (
  `ID` int(4) NOT NULL AUTO_INCREMENT,
  `Nombre` varchar(255) NOT NULL,
  `Telefono` varchar(16) DEFAULT NULL,
  `Email` varchar(255) DEFAULT NULL,
  `Club` int(4) NOT NULL DEFAULT '1',
  `Federation` tinyint(1) NOT NULL DEFAULT '0',
  `Observaciones` varchar(255) DEFAULT NULL,
  PRIMARY KEY (`ID`),
  KEY `Guias_Nombre` (`Nombre`),
  KEY `Guias_Club` (`Club`),
  CONSTRAINT `Guias_ibfk_1` FOREIGN KEY (`Club`) REFERENCES `clubes` (`ID`) ON UPDATE CASCADE
) ENGINE=InnoDB AUTO_INCREMENT=853 DEFAULT CHARSET=utf8;
/*!40101 SET character_set_client = @saved_cs_client */;

--
-- Dumping data for table `guias`
--

LOCK TABLES `guias` WRITE;
/*!40000 ALTER TABLE `guias` DISABLE KEYS */;
INSERT INTO `guias` VALUES 
(1,'-- Sin asignar --',NULL,NULL,1,0,'NO BORRAR. Valor por defecto cuando un perro se define por primera vez'),
(2,'Aaron Laro','','',27,0,''),
(3,'Ada Serrano','','',67,0,''),
(5,'Adrian Bajo','','',76,0,''),
(6,'Adrian Díaz',NULL,NULL,31,0,NULL),
(7,'Adrian Martínez','','',62,0,''),
(8,'Adrián Soria','','',62,0,''),
(9,'Africa Cabañas','','',22,0,''),
(10,'Agustin Centelles','','',23,0,''),
(11,'Agustín González','','',43,0,''),
(12,'Aida Al-Nehlawi',NULL,NULL,13,0,NULL),
(13,'Alaitz Idarraga','','',36,0,''),
(14,'Albert Ulldemolins',NULL,NULL,7,0,NULL),
(15,'Alberto Alonso Gutierrez','','',24,0,''),
(16,'Alberto Costas','','',71,0,''),
(17,'Alberto González','','',75,0,''),
(18,'Alberto Marugan','','',4,0,''),
(19,'Alberto Mudarra','','',49,0,''),
(20,'Alberto Pereda',NULL,NULL,48,0,NULL),
(21,'Alejandra Alvarez','','',31,0,''),
(22,'Alejandro Piñeiro',NULL,NULL,71,0,NULL),
(23,'Alejandro Rodríguez Villalta','','',59,0,''),
(24,'Alejandro Salas','','',85,0,''),
(25,'Alex del Río',NULL,NULL,18,0,NULL),
(26,'Alex Olivera',NULL,NULL,67,0,NULL),
(27,'Alex Sabini','','',34,0,''),
(28,'Alfredo Ortíz','','',10,0,''),
(29,'Alicia Mejias',NULL,NULL,61,0,NULL),
(30,'Alicia Sanjurjo',NULL,NULL,74,0,NULL),
(31,'Almudena Novo','','',16,0,''),
(32,'Amparo Roig',NULL,NULL,43,0,NULL),
(33,'Ana Alonso',NULL,NULL,68,0,NULL),
(34,'Ana Baeza',NULL,NULL,40,0,NULL),
(35,'Ana Beltran Bustamante','','',32,0,''),
(36,'Ana Isabel Escobar','','',75,0,''),
(37,'Ana Mateu',NULL,NULL,13,0,NULL),
(38,'Ana Ontañon',NULL,NULL,52,0,NULL),
(39,'Ana Palet','','',75,0,''),
(40,'Ana Valencia','','',4,0,''),
(41,'Andrea García',NULL,NULL,76,0,NULL),
(42,'Andrés Gimeno',NULL,NULL,45,0,NULL),
(43,'Andrés López',NULL,NULL,71,0,NULL),
(44,'Andres Morillas Sanjuan','','',87,0,''),
(45,'Angel Corroto','','',35,0,''),
(46,'Angel Fernández','','',27,0,''),
(47,'Angel González','','',4,0,''),
(48,'Angel Insa',NULL,NULL,42,0,NULL),
(49,'Angel Puertolas',NULL,NULL,41,0,NULL),
(50,'Angel Rubio','','',39,0,''),
(51,'Angeles Abad',NULL,NULL,42,0,NULL),
(52,'Angelica Castaño',NULL,NULL,35,0,NULL),
(53,'Ankie Kleijberg',NULL,NULL,68,0,NULL),
(54,'Anna Aguilella',NULL,NULL,24,0,NULL),
(55,'Antje Lippold','','',7,0,''),
(56,'Antonio Carmona',NULL,NULL,21,0,NULL),
(57,'Antonio Fernández Moreno','','',22,0,''),
(58,'Antonio López','','',87,0,''),
(59,'Antonio Molina','','',79,0,''),
(60,'Antonio Ojeda',NULL,NULL,15,0,NULL),
(61,'Antonio Santos','','',67,0,''),
(62,'Antonio Tovar','','',42,0,''),
(63,'Arabia Vidal',NULL,NULL,77,0,NULL),
(64,'Araceli Montero',NULL,NULL,7,0,NULL),
(65,'Aracelis Rodríguez','','',52,0,''),
(66,'Arcadio Nohales',NULL,NULL,81,0,NULL),
(67,'Ariadna Soriano',NULL,NULL,42,0,NULL),
(68,'Arianna Bucci',NULL,NULL,50,0,NULL),
(69,'Arturo Conejera',NULL,NULL,22,0,NULL),
(70,'Asier García','','',36,0,''),
(71,'Astrid Hoffmeister',NULL,NULL,51,0,NULL),
(72,'Barbara Flemming',NULL,NULL,68,0,NULL),
(73,'Beatriz Juan','','',87,0,''),
(74,'Belén de Carvalho','','',30,0,''),
(75,'Berit Kittel','','',39,0,''),
(76,'Carles Fortuny',NULL,NULL,18,0,NULL),
(77,'Carlos Alvarez',NULL,NULL,71,0,NULL),
(78,'Carlos Casado',NULL,NULL,68,0,NULL),
(80,'Carlos Martínez R.','','',35,0,''),
(81,'Carlos Pérez','','',48,0,''),
(82,'Carlos Pulpón','','',35,0,''),
(83,'Carlos Serra',NULL,NULL,38,0,NULL),
(84,'Carmen Alos',NULL,NULL,13,0,NULL),
(85,'Mari Carmen Antequera','','',23,0,''),
(86,'Carmen Briceño',NULL,NULL,42,0,NULL),
(87,'Carmen Sotomayor',NULL,NULL,35,0,NULL),
(88,'Carmen Vázquez',NULL,NULL,50,0,NULL),
(89,'Carolina Verdú',NULL,NULL,78,0,NULL),
(90,'Celeste Zarzosa',NULL,NULL,48,0,NULL),
(91,'Celso Valle',NULL,NULL,52,0,NULL),
(92,'Cesar Losada Mera','','',35,0,''),
(93,'Charly Castañer','','',39,0,''),
(94,'Clara Ruisánchez','','',80,0,''),
(95,'Conchi Fernández','','',48,0,''),
(96,'Concepción López',NULL,NULL,49,0,NULL),
(97,'Cristian Verde',NULL,NULL,71,0,NULL),
(98,'Cristina Blanco','','',27,0,''),
(99,'Cristina Cortijo','','',35,0,''),
(100,'Cristina García',NULL,NULL,44,0,NULL),
(101,'Cristina González','','',75,0,''),
(102,'Cristina Pedraz','','',2,0,''),
(103,'Cristina Guill','','',50,0,''),
(104,'Cristofol Albert',NULL,NULL,43,0,NULL),
(105,'Damian Alarcon',NULL,NULL,30,0,NULL),
(106,'Daniel Amigo',NULL,NULL,7,0,NULL),
(107,'Daniel Luna',NULL,NULL,40,0,NULL),
(108,'Daniel Menéndez',NULL,NULL,31,0,NULL),
(109,'David Alique','','',75,0,''),
(110,'David Asenjo','','',42,0,''),
(111,'David Escribano','','',27,0,''),
(112,'David Ferrer',NULL,NULL,7,0,NULL),
(113,'David Flix Bermejo','','',67,0,''),
(114,'David Gómez-Calcerrada','','',48,0,''),
(115,'David Gonzalbo',NULL,NULL,31,0,NULL),
(116,'David Molina Gimeno','','',42,0,''),
(117,'David Parejo',NULL,NULL,17,0,NULL),
(118,'David Sepulveda',NULL,NULL,7,0,NULL),
(119,'Debra Howard',NULL,NULL,48,0,NULL),
(120,'Diana Cozar',NULL,NULL,13,0,NULL),
(121,'Diana García Romero','','',61,0,''),
(122,'Diego Rouco',NULL,NULL,63,0,NULL),
(123,'Dolores López',NULL,NULL,78,0,NULL),
(124,'Dolores Sampedro',NULL,NULL,81,0,NULL),
(125,'Eduard Bonet',NULL,NULL,7,0,NULL),
(126,'Eduard Giralt Canadell','','',67,0,''),
(127,'Eduardo Adán','','',39,0,''),
(128,'Efren Lucas','','',7,0,''),
(129,'Elena Alberich',NULL,NULL,13,0,NULL),
(130,'Elena Chinchilla',NULL,NULL,43,0,NULL),
(131,'Elena Miguel','','',35,0,''),
(132,'Elena Sin',NULL,NULL,42,0,NULL),
(133,'Elisenda Huidobro',NULL,NULL,13,0,NULL),
(134,'Elvira Pertierra','','',96,0,''),
(135,'Emilio Calvo',NULL,NULL,31,0,NULL),
(136,'Emilio José Pedrazuela','','',75,0,''),
(137,'Enma Gutiérrez','','',60,0,''),
(138,'Enric García',NULL,NULL,81,0,NULL),
(139,'Enric Lleixa',NULL,NULL,7,0,NULL),
(140,'Enrique Alonso Queija','','',87,0,''),
(141,'Enrique Camarero','','',35,0,''),
(142,'Enrique Grau',NULL,NULL,24,0,NULL),
(143,'Enrique Herbera',NULL,NULL,7,0,NULL),
(145,'Enrique Sendra Ortega','','',71,0,''),
(146,'Ernesto Sorribes',NULL,NULL,81,0,NULL),
(147,'Estefanía Pérez',NULL,NULL,30,0,NULL),
(148,'Estíbaliz Pereda Navarro','','',75,0,''),
(149,'Estíbaliz Pujana','','',43,0,''),
(150,'Eugenio Villares',NULL,NULL,27,0,NULL),
(151,'Eva Grau',NULL,NULL,64,0,NULL),
(152,'Eva Vázquez Morales','','',42,0,''),
(153,'Fermin Gil',NULL,NULL,43,0,NULL),
(154,'Fernando Benet',NULL,NULL,81,0,NULL),
(155,'Fernando Bibián','','',4,0,''),
(156,'Fernando Cardeña','','',80,0,''),
(157,'Fernando De La Fuente','','',49,0,''),
(158,'Fito Rodríguez','','',80,0,''),
(159,'Francisco Aguilera',NULL,NULL,17,0,NULL),
(160,'Francisco de la Cruz','','',88,0,''),
(161,'Francisco Esteban',NULL,NULL,24,0,NULL),
(162,'Francisco Javier Jaen','','',75,0,''),
(163,'Francisco Javier Luque',NULL,NULL,61,0,NULL),
(164,'Francisco José Sousa',NULL,NULL,71,0,NULL),
(165,'Francisco Maestre',NULL,NULL,43,0,NULL),
(166,'Francisco Martín',NULL,NULL,74,0,NULL),
(167,'Francisco Medina',NULL,NULL,13,0,NULL),
(168,'Francisco Pérez',NULL,NULL,53,0,NULL),
(169,'Francisco Sobral',NULL,NULL,63,0,NULL),
(170,'Gabriel Gómez','','',42,0,''),
(171,'Gabriel Martín',NULL,NULL,60,0,NULL),
(172,'Gema López','','',35,0,''),
(174,'Gerard Barberá',NULL,NULL,58,0,NULL),
(175,'Gerardo Alvarez','','',62,0,''),
(176,'Gerardo González',NULL,NULL,35,0,NULL),
(177,'Gisela Solis',NULL,NULL,44,0,NULL),
(178,'Gorka Pozuelo','','',6,0,''),
(179,'Gregorio Conde',NULL,NULL,7,0,NULL),
(180,'Gustavo Deus','','',25,0,''),
(181,'Iago Sánchez',NULL,NULL,71,0,NULL),
(182,'Iban Cubedo','','',23,0,''),
(183,'Imanol López',NULL,NULL,42,0,NULL),
(184,'Iñaki García','','',36,0,''),
(185,'Inmaculada Rubio','','',62,0,''),
(186,'Irati Diego','','',43,0,''),
(187,'Irena Montalvo','','',22,0,''),
(188,'Irene Artacho',NULL,NULL,16,0,NULL),
(189,'Isabel Gómez',NULL,NULL,29,0,NULL),
(190,'Isabel Natera','','',36,0,''),
(191,'Isabel Rodríguez',NULL,NULL,74,0,NULL),
(192,'Isidoro Vázquez',NULL,NULL,27,0,NULL),
(193,'Ismael Pérez','','',13,0,''),
(194,'Israel Díaz','','',22,0,''),
(195,'Israel Fernández',NULL,NULL,75,0,NULL),
(196,'Ivan Amez Alvarez','','',80,0,''),
(197,'Iván Pardo García','','',75,0,''),
(198,'Iván San Antonio',NULL,NULL,16,0,NULL),
(199,'Iván Sánchez García','','',35,0,''),
(200,'Jacqueline Holemans',NULL,NULL,67,0,NULL),
(201,'Jaime Gamir',NULL,NULL,8,0,NULL),
(202,'Jara Pérez','','',4,0,''),
(203,'Jaume Fernández',NULL,NULL,18,0,NULL),
(204,'Javier Gómez',NULL,NULL,65,0,NULL),
(205,'Javier Iniesta','','',75,0,''),
(206,'Javier López',NULL,NULL,67,0,NULL),
(207,'Javier Martín','','',4,0,''),
(208,'Javier Martínez','','',62,0,''),
(209,'Javier Mora Canales','','',87,0,''),
(210,'Javier Ovejero',NULL,NULL,35,0,NULL),
(211,'Javier Sanchis',NULL,NULL,52,0,NULL),
(212,'Javier Santisteban','','',16,0,''),
(213,'Jennifer Tolín del Castillo','','',48,0,''),
(215,'Jenny Funcke',NULL,NULL,7,0,NULL),
(216,'Jerónimo Martínez',NULL,NULL,68,0,NULL),
(217,'Jessica Graciano','','',35,0,''),
(218,'Jesús Crespo',NULL,NULL,55,0,NULL),
(219,'Jesús Cuellar Expósito','','',87,0,''),
(220,'Jesús Gómez','','',4,0,''),
(221,'Jesús Manuel Romero',NULL,NULL,59,0,NULL),
(222,'Joan Castillo','','',52,0,''),
(223,'Joan Wenceslao Pastor',NULL,NULL,74,0,NULL),
(224,'Joaquín Andrés','','',4,0,''),
(225,'Jonathan Guillem','','',77,0,''),
(226,'Jordi Boix',NULL,NULL,13,0,NULL),
(227,'Jordi Gómez','','',52,0,''),
(228,'Jorge Arcas Perales','','',42,0,''),
(229,'Jorge Bala','','',42,0,''),
(230,'Jorge Muñoz Leal','','',27,0,''),
(231,'Jorge Valero',NULL,NULL,42,0,NULL),
(232,'José Angel Beired','','',49,0,''),
(233,'José Angel Torres',NULL,NULL,71,0,NULL),
(234,'José Antonio Encinas','','',87,0,''),
(235,'José Antonio Pascual',NULL,NULL,42,0,NULL),
(236,'José Antonio Vega',NULL,NULL,4,0,NULL),
(237,'Juan Carlos Iglesias','','',75,0,''),
(238,'José Castaño','','',95,0,''),
(239,'José Francisco Martorell',NULL,NULL,65,0,NULL),
(240,'José Guix',NULL,NULL,65,0,NULL),
(241,'José Luis García',NULL,NULL,81,0,NULL),
(242,'Jose Luis J. Mori','','',2,0,''),
(243,'José Luis Prieto',NULL,NULL,38,0,NULL),
(244,'José Luis Quiroga',NULL,NULL,21,0,NULL),
(245,'José Luis Romero','','',88,0,''),
(246,'José Luis Sogorb Nicolás','','',45,0,''),
(247,'José Mahillo',NULL,NULL,48,0,NULL),
(249,'José Manuel Linares',NULL,NULL,72,0,NULL),
(250,'José Martí',NULL,NULL,43,0,NULL),
(251,'José Mateo Moreno','','',44,0,''),
(252,'José Miguel Agustín',NULL,NULL,4,0,NULL),
(253,'José Miguel Morant',NULL,NULL,48,0,NULL),
(254,'José Miguel Paredes',NULL,NULL,72,0,NULL),
(255,'José Moreno',NULL,NULL,26,0,NULL),
(256,'José Pavon',NULL,NULL,29,0,NULL),
(257,'José Peris',NULL,NULL,64,0,NULL),
(258,'Jose Ramón López','','',35,0,''),
(259,'José Santos Luna','','',27,0,''),
(260,'José Soliño Caride','','',71,0,''),
(261,'Josep Mª Barbera','','',58,0,''),
(262,'Josep Mª Pineda',NULL,NULL,74,0,NULL),
(263,'Juan Muñiz','','',3,0,''),
(264,'Juan Antonio Martinez','','juansgaviota@gmail.com',35,0,''),
(265,'Juan Campin',NULL,NULL,48,0,NULL),
(266,'Juan Carlos Blas',NULL,NULL,35,0,NULL),
(267,'Juan Carlos Companys','','',23,0,''),
(268,'Juan Carlos Hinojal',NULL,NULL,60,0,NULL),
(269,'Juan Carlos Redondo','','',70,0,''),
(270,'Juan Carlos Ruiz','','',35,0,''),
(271,'Juan del Amo',NULL,NULL,40,0,NULL),
(272,'Juan Escos','','',49,0,''),
(273,'Juan Francisco Pelegrin',NULL,NULL,49,0,NULL),
(274,'Juan Francisco Torres',NULL,NULL,7,0,NULL),
(275,'Juan José Espadas',NULL,NULL,13,0,NULL),
(276,'Juan José González','','',62,0,''),
(277,'Juan José Paz Nieto','','',71,0,''),
(278,'Juan Luis Colmano',NULL,NULL,42,0,NULL),
(279,'Juan Manuel Caballo',NULL,NULL,43,0,NULL),
(280,'Juan Martín de las Blancas','','',87,0,''),
(281,'Juan Miguel Cifuentes',NULL,NULL,43,0,NULL),
(282,'Juan Pablo Díaz',NULL,NULL,27,0,NULL),
(283,'Juan Pedro Martínez',NULL,NULL,15,0,NULL),
(284,'Juan Rodríguez','','',48,0,''),
(285,'Juan Solanes',NULL,NULL,77,0,NULL),
(286,'Judith Cortes',NULL,NULL,42,0,NULL),
(287,'Judith Franco','','',16,0,''),
(288,'Judith Herms',NULL,NULL,18,0,NULL),
(289,'Julia Faci Green','','',42,0,''),
(290,'Julian Sánchez',NULL,NULL,74,0,NULL),
(291,'Julio Freire Nogueira','','',63,0,''),
(292,'Katia Moeller',NULL,NULL,14,0,NULL),
(293,'Katy Navarro',NULL,NULL,60,0,NULL),
(294,'Laura Carrasco',NULL,NULL,18,0,NULL),
(295,'Laura Chiva',NULL,NULL,7,0,NULL),
(296,'Laura Monrabal','','',42,0,''),
(297,'Leire Herrera','','',36,0,''),
(298,'Lorena Díez','','',87,0,''),
(299,'Lorena García',NULL,NULL,60,0,NULL),
(300,'Lorena Gargoles',NULL,NULL,13,0,NULL),
(301,'Lourdes Giménez',NULL,NULL,31,0,NULL),
(302,'Lourdes Peñarrocha',NULL,NULL,68,0,NULL),
(303,'Lourdes Rivera','','',48,0,''),
(304,'Lucía Montalbán','','',42,0,''),
(305,'Lucía Romero','','',59,0,''),
(306,'Luciano Fernández','','',48,0,''),
(307,'Luis Alberto Pereira',NULL,NULL,60,0,NULL),
(308,'Luis Carlos Sanchez',NULL,NULL,4,0,NULL),
(309,'Luis de Frías','','',48,0,''),
(310,'Luis Ignacio Carazo',NULL,NULL,74,0,NULL),
(311,'Luis Luque',NULL,NULL,75,0,NULL),
(312,'Luis Miguel Rodrigo','','',87,0,''),
(313,'Luis Miguel Rodriguez','','',48,0,''),
(314,'Luisa Fernanda Millan','','',62,0,''),
(315,'Luna Ramírez',NULL,NULL,52,0,NULL),
(316,'Maitane Luengo','','',36,0,''),
(317,'Maite Guerrero','','',35,0,''),
(318,'Manel Martínez',NULL,NULL,74,0,NULL),
(319,'José Manuel Basco','','',59,0,''),
(320,'Manuel Jesús García',NULL,NULL,9,0,NULL),
(321,'Manuel Lara',NULL,NULL,18,0,NULL),
(322,'Manuel peña','','',80,0,''),
(323,'Manuel Santomé',NULL,NULL,71,0,NULL),
(324,'Mar Bermúdez',NULL,NULL,10,0,NULL),
(325,'Marc Rabada','','',97,0,''),
(326,'Marco Maldonado','','',39,0,''),
(327,'Marcos Martínez',NULL,NULL,65,0,NULL),
(328,'María López',NULL,NULL,74,0,NULL),
(329,'Maria Nogueira','','',25,0,''),
(330,'Marina López',NULL,NULL,18,0,NULL),
(331,'Mario Rodríguez',NULL,NULL,79,0,NULL),
(332,'Marisa Jarabo',NULL,NULL,79,0,NULL),
(333,'Marta de la Rosa',NULL,NULL,81,0,NULL),
(334,'Marta Gregorio',NULL,NULL,71,0,NULL),
(335,'Marta Jiménez','','',4,0,''),
(336,'Marta Ponce','','',42,0,''),
(337,'Marta Sánchez','','',87,0,''),
(338,'Marta Solar','','',25,0,''),
(339,'Massimiliano Miggiano',NULL,NULL,75,0,NULL),
(340,'Matias Monleón',NULL,NULL,43,0,NULL),
(341,'Matias Rodríguez',NULL,NULL,75,0,NULL),
(342,'Mayte Pérez','','',80,0,''),
(343,'Menchu Melcom','','',28,0,''),
(344,'Mercedes Fernández',NULL,NULL,68,0,NULL),
(345,'Michael Volkert',NULL,NULL,50,0,NULL),
(346,'Miguel Angel Fernández','','',96,0,''),
(347,'Miguel Angel García',NULL,NULL,35,0,NULL),
(348,'Miguel Angel Morales',NULL,NULL,4,0,NULL),
(349,'Miguel Angel Soriano',NULL,NULL,68,0,NULL),
(350,'Miguel García Rodríguez','','',71,0,''),
(351,'Mireia Carrascoso',NULL,NULL,44,0,NULL),
(352,'Miriam García',NULL,NULL,58,0,NULL),
(353,'Mónica Muñiz',NULL,NULL,30,0,NULL),
(354,'Mónica Rodríguez','','',4,0,''),
(355,'Mónica Saavedra',NULL,NULL,55,0,NULL),
(356,'Monica Zaballa','','',60,0,''),
(357,'Montserrat Calvet',NULL,NULL,7,0,NULL),
(358,'María José Manzano',NULL,NULL,42,0,NULL),
(359,'Narciso Leita',NULL,NULL,49,0,NULL),
(360,'Natalia Cuadrado','','',67,0,''),
(361,'Natividad Ruiz García','','',87,0,''),
(362,'Natividad Soler',NULL,NULL,68,0,NULL),
(363,'Neus Baró',NULL,NULL,13,0,NULL),
(364,'Noelia Gimeno',NULL,NULL,64,0,NULL),
(365,'Noelia Mouchet','','',75,0,''),
(366,'Nuria Alonso',NULL,NULL,18,0,NULL),
(367,'Nuria Costa',NULL,NULL,74,0,NULL),
(368,'Nuria Díez','','',96,0,''),
(369,'Nuria Fortuny',NULL,NULL,18,0,NULL),
(371,'Olga Palomares','','',28,0,''),
(372,'Oria Micó',NULL,NULL,78,0,NULL),
(373,'Oscar Bravo',NULL,NULL,21,0,NULL),
(374,'Oscar Muñiz','','',87,0,''),
(375,'Oscar Reboredo',NULL,NULL,18,0,NULL),
(376,'Oscar Sacristan',NULL,NULL,48,0,NULL),
(377,'Pablo Ballesta',NULL,NULL,10,0,NULL),
(378,'Pablo Miró',NULL,NULL,81,0,NULL),
(379,'Paloma Faci Green','','',42,0,''),
(380,'Pau Serrano Ciratusa','','',42,0,''),
(381,'Paula de Lucas',NULL,NULL,27,0,NULL),
(382,'Paula Rello','','',87,0,''),
(383,'Paulino Iranzo',NULL,NULL,65,0,NULL),
(384,'Pedro Delgado Fernandez','','',87,0,''),
(385,'Pedro Jesús Tazón',NULL,NULL,60,0,NULL),
(386,'Pedro Martínez','','',36,0,''),
(387,'pepe','','pepe@pepe.com',3,0,''),
(388,'pepepepe','','',3,0,''),
(389,'Pilar Collado','','',39,0,''),
(390,'Pilar Matesanz',NULL,NULL,79,0,NULL),
(391,'Pilar Rodríguez',NULL,NULL,60,0,NULL),
(392,'Rachel Stevens',NULL,NULL,58,0,NULL),
(393,'Rafael Altava',NULL,NULL,24,0,NULL),
(394,'Rafael Camacho',NULL,NULL,75,0,NULL),
(395,'Rafael Fernández',NULL,NULL,65,0,NULL),
(396,'Rafael García',NULL,NULL,76,0,NULL),
(397,'Rafael Torregrosa',NULL,NULL,24,0,NULL),
(398,'Ramón Arribas','','',66,0,''),
(399,'Ramón García Maroto','','',16,0,''),
(400,'Raquel Frago',NULL,NULL,49,0,NULL),
(401,'Raquel Garrido','','',70,0,''),
(402,'Raúl Sánchez',NULL,NULL,27,0,NULL),
(403,'Remedios Torres',NULL,NULL,68,0,NULL),
(404,'Reyes García',NULL,NULL,31,0,NULL),
(405,'Ricardo Benito',NULL,NULL,79,0,NULL),
(406,'Ricardo J. Martínez','','',29,0,''),
(407,'Ricardo Santolaya','','',88,0,''),
(408,'Roberto Castro',NULL,NULL,35,0,NULL),
(409,'Roberto Iñigo',NULL,NULL,16,0,NULL),
(410,'Roberto Reina Vega','','',48,0,''),
(411,'Rocio Hermelo Martínez','','',71,0,''),
(412,'Rocio Santos',NULL,NULL,61,0,NULL),
(413,'Rodrigo González','','',48,0,''),
(414,'Roque Alonso','','',40,0,''),
(415,'Rosa Rubio','','',28,0,''),
(416,'Ruben Jurado Márquez','','',44,0,''),
(417,'Ruben Lopera',NULL,NULL,53,0,NULL),
(418,'Ruben Montero',NULL,NULL,48,0,NULL),
(419,'Sabina González',NULL,NULL,50,0,NULL),
(420,'Salvador Martí',NULL,NULL,67,0,NULL),
(421,'Sandra Gracia','','',42,0,''),
(422,'Sara Bellido',NULL,NULL,14,0,NULL),
(423,'Sara Lara','','',43,0,''),
(424,'Sara Montila','','',88,0,''),
(425,'Sara Montoya',NULL,NULL,35,0,NULL),
(426,'Sebastian González',NULL,NULL,7,0,NULL),
(427,'Sergio Casalins','','',66,0,''),
(428,'Sergio Colomé Jacinto','','',18,0,''),
(429,'Sergio García',NULL,NULL,76,0,NULL),
(430,'Sergio Martín',NULL,NULL,42,0,NULL),
(431,'Sergio Romeo','','',42,0,''),
(432,'Sergio Ruiz',NULL,NULL,22,0,NULL),
(433,'Sergio Tella','','',49,0,''),
(434,'Sheila Giménez','','',42,0,''),
(435,'Silvia León',NULL,NULL,81,0,NULL),
(436,'Silvia Perea','','',79,0,''),
(437,'Silvia Rodríguez',NULL,NULL,74,0,NULL),
(438,'Sofía Díaz','','',67,0,''),
(439,'Sonia Asensio',NULL,NULL,10,0,NULL),
(440,'Sonia Conejero',NULL,NULL,78,0,NULL),
(441,'Stefan Eggenschwiler','','',68,0,''),
(442,'Stina Sandquist',NULL,NULL,17,0,NULL),
(443,'Tamara Vidal','','',97,0,''),
(444,'Tomás Pérez Ayuso','','',88,0,''),
(445,'Toni Rios',NULL,NULL,13,0,NULL),
(446,'Ubaldo Delgado',NULL,NULL,10,0,NULL),
(447,'Valentín de la Mesa',NULL,NULL,24,0,NULL),
(448,'Vanessa Calpe',NULL,NULL,76,0,NULL),
(449,'Vanessa Hermoso',NULL,NULL,9,0,NULL),
(450,'Verónica Díez Gómez','','',60,0,''),
(451,'Verónica Fernández','','',80,0,''),
(452,'Verónica Ibañez',NULL,NULL,17,0,NULL),
(453,'Verónica Rodríguez',NULL,NULL,48,0,NULL),
(454,'Vicente Cambra',NULL,NULL,46,0,NULL),
(455,'Vicente Martín','','',4,0,''),
(456,'Vicente Micó Cánovas','','',78,0,''),
(457,'Vicente Villalba',NULL,NULL,43,0,NULL),
(458,'Victor García',NULL,NULL,53,0,NULL),
(459,'Virginia García','','',30,0,''),
(460,'Wladimiro','','',42,0,''),
(461,'Xavier López',NULL,NULL,67,0,NULL),
(462,'Yolanda Larena',NULL,NULL,58,0,NULL),
(463,'Yolanda Moreno',NULL,NULL,43,0,NULL),
(464,'Yolanda Torres',NULL,NULL,52,0,NULL),
(465,'Yulia Morugova','','',32,0,''),
(466,'Maria Jorge','','',2,0,''),
(467,'Carmen Gutiérrez','','',2,0,''),
(468,'Veronica Roda','','',87,0,''),
(469,'Elena Cardenal','','',4,0,''),
(470,'Natalia Peral','','',2,0,''),
(471,'Antonio Fernandez Ortiz','','',22,0,''),
(472,'Oscar Uceda','','',27,0,''),
(473,'Iván García Puebla','','',42,0,''),
(474,'Ainhoa de Frias','','',48,0,''),
(475,'Sonia García','','',48,0,''),
(476,'Jesus Perea','','',48,0,''),
(477,'Dolores Rosas','','',87,0,''),
(478,'Pablo Martínez','','',87,0,''),
(479,'Sara María Lara','','',43,0,''),
(480,'Fabian Santolaya','','',88,0,''),
(481,'David Calviño','','',35,0,''),
(482,'Yaiza Caballero Fernández','','',80,0,''),
(483,'Carlos Escribano','','',35,0,''),
(484,'Rosa Maria Cañadillas','','',35,0,''),
(485,'Arancha Ruipérez Moslares','','',35,0,''),
(486,'Rubén García','','',35,0,''),
(487,'Carlos Martínez S.','','',35,0,''),
(488,'Sandra Rodrigo','','',87,0,''),
(489,'Sonia Gil','','',16,0,''),
(490,'Beatriz Sánchez Casares','','',16,0,''),
(491,'Isabel Fernández','','',16,0,''),
(492,'Mari Carmen Martí Sanz','','',16,0,''),
(493,'Irene Escribano','','',22,0,''),
(494,'Cynthia Sánchez','','',22,0,''),
(496,'Irene Blanco','','',28,0,''),
(497,'Oscar López','','',28,0,''),
(498,'Virginia Pastor','','',28,0,''),
(499,'Ruben López','','',48,0,''),
(500,'Ana Belén Ondategui Casas','','',80,0,''),
(501,'Jose Luis de la Vara','','',16,0,''),
(502,'Yaiza','','',16,0,''),
(504,'Luis Miguel Jiménez','','',2,0,''),
(505,'Susana Martín','','',28,0,''),
(506,'Javier Perez','','',28,0,''),
(507,'Beatriz Gómez','','',87,0,''),
(508,'Rodrigo García-Vidal','','',37,0,''),
(509,'Pablo Parra','','',55,0,''),
(510,'Daniel Zamora','','',62,0,''),
(511,'Gregory Bielle-Bidalot','','',93,0,''),
(512,'Ludiwine Dabezies','','',93,0,''),
(513,'Alberto Pérez','','',80,0,''),
(514,'Rómulo Parrilla','','',35,0,''),
(515,'Javier González','','',35,0,''),
(516,'Rafael Arjona','','',9,0,''),
(517,'Nina Causevic','','',9,0,''),
(518,'Eli Brandsaeter','','',28,0,''),
(519,'Nicolas Alcaide','','',28,0,''),
(520,'Patricia Sevillano García','','',80,0,''),
(521,'Daniel Colás Avilés','','',80,0,''),
(522,'Marta Acero','','',75,0,''),
(523,'Jesús Fernández Crespo','','',55,0,''),
(524,'Susana Calvelo','','',16,0,''),
(525,'Laura','','',80,0,''),
(526,'Beatriz Menéndez González','','',80,0,''),
(527,'Miriam Villar','','',70,0,''),
(528,'Miguel Angel Manzaneda','','',2,0,''),
(529,'Mercedes Prieto','','',4,0,''),
(530,'Álvaro Muñiz','','',87,0,''),
(531,'Andres Morilla Sánchez','','',87,0,''),
(532,'Abraham Romera','','',7,0,''),
(533,'David Martínez','','',23,0,''),
(534,'Rola Gamarra','','',13,0,''),
(535,'Juan Carlos Vázquez','','',85,0,''),
(536,'Gloria Domínguez Meira','','',57,0,''),
(537,'Cristina Terrón','','',31,0,''),
(538,'Irene Cortés','','',57,0,''),
(539,'Yolanda García Sánchez','','',61,0,''),
(540,'Diego','','',85,0,''),
(541,'Antonio Pereiro','','',85,0,''),
(542,'José Manuel Montero','','',85,0,''),
(543,'Carlos Souto','','',85,0,''),
(544,'Clara Rodríguez','','',3,0,''),
(545,'Jaime Otero','','',3,0,''),
(546,'Jordi Marco Rey','','',71,0,''),
(547,'Carlos Collado','','',71,0,''),
(548,'Dori Moreno Morales','','',23,0,''),
(549,'Sergio Gamarra','','',63,0,''),
(550,'Alaitz Argüello','','',60,0,''),
(551,'Sara López','','',25,0,''),
(552,'Rafael García','','',28,0,''),
(553,'Lorenzo Buzón','','',61,0,''),
(554,'Rosa María Espinosa','','',62,0,''),
(555,'Ricardo de la Cruz','','',88,0,''),
(556,'Amaia Peña Gómez','','',88,0,''),
(557,'Miriam Fraile Gutiérrez','','',10,0,''),
(559,'Noelia Lobato','','',39,0,''),
(560,'Hur Ayo','','',36,0,''),
(561,'Izaskun Garitaonaindia','','',36,0,''),
(562,'Alfredo Tuset','','',7,0,''),
(563,'David Martinez','','',42,0,''),
(564,'Beatriz Cascón','','',42,0,''),
(565,'Rosana Cerón','','',42,0,''),
(566,'David Chinchilla','','',43,0,''),
(567,'Pablo Oria Tardío','','',60,0,''),
(568,'Mar López','','',42,0,''),
(569,'José Manuel Torres','','',56,0,''),
(570,'Loli Gil','','',49,0,''),
(571,'Sara Marques','','',67,0,''),
(572,'Manu García','','',36,0,''),
(573,'Adrian Ozaeta','','',36,0,''),
(574,'Carlos Cruz','','',7,0,''),
(575,'Carolina Cuadros','','',7,0,''),
(576,'Adrian Buil','','',42,0,''),
(577,'Inmaculada López','','',42,0,''),
(578,'Paki Vinuesa','','',60,0,''),
(579,'Ariadna Sieres','','',61,0,''),
(580,'Claudia Martínez','','',7,0,''),
(581,'Beatriz Virto','','',42,0,''),
(582,'Vanessa Navarro','','',23,0,''),
(583,'Pilar Sánchez','','',23,0,''),
(584,'Carolina Gaggero','','',3,0,''),
(585,'Julen Lázaro','','',36,0,''),
(586,'Domingo López','','',43,0,''),
(587,'Eduardo Font','','',42,0,''),
(588,'Esteban Conde','','',80,0,''),
(590,'Iris Menéndez Pevida','','',80,0,''),
(591,'Alfredo García','','',80,0,''),
(592,'Carmen Tuero Piñera','','',80,0,''),
(593,'Tito González','','',80,0,''),
(594,'Anabel Díaz','','',80,0,''),
(595,'Laura Serrano','','',80,0,''),
(596,'Montse Sirgo','','',80,0,''),
(597,'Enrique Alcaraz','','',80,0,''),
(598,'Vichy Leon','','',80,0,''),
(599,'Gemma González','','',80,0,''),
(600,'Victor Pérez','','',80,0,''),
(601,'José L. Prieto','','',80,0,''),
(602,'Azahara Boto','','',80,0,''),
(603,'Alejandro Goffin','','',80,0,''),
(604,'Rubén Fernández','','',80,0,''),
(606,'María de la Fuente','','',80,0,''),
(607,'Jose Luis Antuña','','',80,0,''),
(608,'Noelia Araujo','','',80,0,''),
(609,'Laura Capdevila','','',80,0,''),
(610,'Rebeca Otero','','',80,0,''),
(611,'Raúl Díez','','',96,0,''),
(612,'Sheyla Soto','','',96,0,''),
(613,'Cristina Alvarez','','',96,0,''),
(614,'Iván Pérez','','',31,0,''),
(615,'Félix Fernández','','',12,0,''),
(616,'Roberto Pardo','','',12,0,''),
(617,'Fernando Alvarez','','',25,0,''),
(618,'Jorge Ramos','','',85,0,''),
(619,'Juan Samperio','','',85,0,''),
(620,'Lucía Cayazzo','','',85,0,''),
(621,'Silvia Doce','','',85,0,''),
(622,'Gerardo Paleo','','',85,0,''),
(623,'Pilar Suárez','','',85,0,''),
(624,'Cristian Andrade','','',85,0,''),
(625,'Adriana Meco','','',85,0,''),
(626,'Mónica Alvarez','','',85,0,''),
(627,'Covadonga Otero','','',60,0,''),
(628,'Ruth Alvarez','','',60,0,''),
(629,'Jorge Hinojal','','',60,0,''),
(630,'Lina Fernández','','',60,0,''),
(631,'David Salmon','','',60,0,''),
(632,'Lourdes Gadiaga','','',36,0,''),
(633,'Almudena Ugarte','','',36,0,''),
(634,'Raúl García','','',36,0,''),
(635,'Unai Caballero','','',36,0,''),
(636,'Cristina Hodor','','',36,0,''),
(637,'Jose Julio Díez','','',36,0,''),
(638,'Mar García','','',36,0,''),
(639,'David Castaño','','',36,0,''),
(640,'Marta Barandiarán','','',36,0,''),
(641,'Asun Arteta','','',36,0,''),
(642,'Enrique González','','',36,0,''),
(643,'Vicente Marquinez','','',36,0,''),
(644,'Ana Arrieta','','',36,0,''),
(645,'Ander Vázquez','','',36,0,''),
(646,'Aintzane Gaztelu','','',36,0,''),
(647,'Rubén Martínez','','',36,0,''),
(648,'Maitane Arrola','','',36,0,''),
(649,'Itziar Usategui','','',36,0,''),
(650,'Arantza San Miguel','','',36,0,''),
(651,'Janire Bermejo','','',36,0,''),
(652,'Roberto Lopes','','',36,0,''),
(653,'Emilio Fernández','','',36,0,''),
(654,'Pablo Mosquera','','',25,0,''),
(655,'Rocío Fernández','','',25,0,''),
(656,'Agustín Ramos','','',46,0,''),
(657,'Nuria Morell Nadal','','',95,0,''),
(658,'Gaizka Bermejo','','',36,0,''),
(659,'Iker Antolín','','',36,0,''),
(660,'Vanessa Barreiro','','',36,0,''),
(661,'Rosa Blanco','','',36,0,''),
(662,'Andoni Villate','','',36,0,''),
(663,'Juan Carlos Lejarreta','','',36,0,''),
(664,'Isabel Salado','','',36,0,''),
(665,'Garazi Peña','','',36,0,''),
(666,'Dani Rodriguez','','',36,0,''),
(667,'Janire Pérez','','',36,0,''),
(668,'Joseba Gutierrez','','',36,0,''),
(669,'Jesús Arenaza','','',36,0,''),
(670,'Leire Altazubiaga','','',36,0,''),
(671,'Rafa Ramos','','',36,0,''),
(672,'Ibón Caballero','','',36,0,''),
(673,'Lucía Figaredo','','',80,0,''),
(674,'Laura López','','',80,0,''),
(675,'Angeles Martínez','','',80,0,''),
(676,'Héctor Carba','','',80,0,''),
(677,'Raquel Galarraga','','',38,0,''),
(678,'Irene Arellano','','',39,0,''),
(679,'Gorka Ochoa','','',6,0,''),
(680,'Marta Fernández','','',6,0,''),
(681,'Marco Álvarez','','',85,0,''),
(682,'Alba Montero','','',85,0,''),
(683,'Floriana de Zotti','','',57,0,''),
(684,'Francisco Rio','','',25,0,''),
(685,'Noa Taboas','','',71,0,''),
(686,'Sara Gutierrez','','',60,0,''),
(687,'Leire de la Nava','','',60,0,''),
(689,'Nathali Torre','','',60,0,''),
(690,'Miguel Abad','','',60,0,''),
(691,'Beatriz Barcina','','',60,0,''),
(692,'Sara García','','',60,0,''),
(693,'Guillermo Caso','','',60,0,''),
(694,'Belén Mambrilla','','',60,0,''),
(695,'Guadalupe González','','',60,0,''),
(696,'María de las Heras','','',60,0,''),
(697,'Lorena Terrón','','',31,0,''),
(698,'Inés Freire','','',31,0,''),
(699,'Mónica Mourelo','','',31,0,''),
(700,'Esther Torres','','',80,0,''),
(701,'Iván Izaguirre','','',80,0,''),
(702,'Mikel Martínez Torres','','',80,0,''),
(703,'Juan Carlos Franch','','',7,0,''),
(704,'Neus Vico','','',7,0,''),
(705,'David Gil','','',7,0,''),
(706,'Laura Barahona','','',7,0,''),
(707,'Oriol Navarro','','',7,0,''),
(708,'Mercé Redón','','',7,0,''),
(709,'Daniel Peris','','',7,0,''),
(710,'Alberto Esteban','','',8,0,''),
(711,'Ignacio Moya','','',8,0,''),
(712,'Julia Carroza','','',13,0,''),
(713,'Cesar de la Rica','','',13,0,''),
(714,'Estel Boix','','',13,0,''),
(715,'Tina Segovia','','',13,0,''),
(716,'Ramón Diago','','',18,0,''),
(717,'Nuria Dalmau','','',18,0,''),
(718,'Xavier Dalmau','','',18,0,''),
(719,'Ana Castejón','','',18,0,''),
(720,'Anna Nogues','','',18,0,''),
(721,'Miquel Gilabert','','',18,0,''),
(722,'Alfred Herrero','','',34,0,''),
(723,'Neus Padilla','','',34,0,''),
(724,'Jordi Cross','','',34,0,''),
(725,'Vanessa Cardona','','',52,0,''),
(726,'Francisco Hierro','','',53,0,''),
(727,'Artur Balart','','',53,0,''),
(728,'Palmira Jarque','','',53,0,''),
(729,'Jessica García','','',58,0,''),
(730,'Inmaculada García','','',58,0,''),
(731,'Judith Fernandez','','',67,0,''),
(732,'Manuel Pasadas','','',67,0,''),
(733,'Maria Luisa Molina','','',67,0,''),
(734,'Carles Guitart','','',74,0,''),
(735,'Roger Lidón','','',74,0,''),
(736,'José Medina','','',74,0,''),
(737,'Marta Luque','','',75,0,''),
(738,'Sensi Moreno','','',75,0,''),
(739,'Vanesa Martín Barroso','','',87,0,''),
(740,'Fernando Irún','','',2,0,''),
(741,'Pilar Neri','','',4,0,''),
(742,'Sandra Dorado','','',4,0,''),
(743,'Juan Antonio Guijorro','','',4,0,''),
(744,'Ruben García','','',4,0,''),
(745,'Manuel Garrido Fuentes','','',4,0,''),
(746,'Vanesa Frías Alemán','','',27,0,''),
(747,'Luis Montolió','','',33,0,''),
(748,'Sara González','','',37,0,''),
(749,'Elisabeth Romero','','',37,0,''),
(750,'Alicia de la Calle','','',37,0,''),
(751,'Maria Enedina','','',62,0,''),
(752,'Alejandro Torres','','',62,0,''),
(753,'Pablo Alvarez','','',75,0,''),
(754,'Juan Antonio Martínez','','',35,1,''),
(755,'Marcos Lapaz','','',100,2,''),
(756,'José Luis Cristóbal','','',101,2,''),
(757,'M. Angeles León','','',70,2,''),
(758,'José Antonio Galán','','',101,2,''),
(759,'Virginia Cámara','','',100,2,''),
(760,'José Antonio Aparicio','','',100,2,''),
(761,'Kiko del Moral','','',101,2,''),
(762,'Sergio Arias','','',70,2,''),
(763,'Sonia Sánchez','','',100,2,''),
(764,'Mercedes Gómez','','',100,2,''),
(765,'Alicia Gómez','','',100,2,''),
(766,'Luis Carlos Rodríguez','','',102,2,''),
(767,'Irene Blanco','','',28,2,''),
(768,'Laura Pérez','','',28,2,''),
(769,'Miriam Villar','','',70,2,''),
(770,'Javier Rosado','','',101,2,''),
(771,'Germán López','','',103,2,''),
(772,'Jesús Gómez','','',4,2,''),
(773,'Mónica Saavedra','','',55,2,''),
(774,'Beatriz Fernández','','',55,2,''),
(775,'Alberto Prieto','','',55,2,''),
(776,'Marta Sánchez','','',104,2,''),
(777,'Estefania Sánchez','','',104,2,''),
(778,'Jesús Sánchez','','',70,2,''),
(779,'Alfonso Sánchez','','',100,2,''),
(780,'Begoña de Ramón','','',100,2,''),
(781,'Jesús Fernández','','',55,2,''),
(782,'María Estada','','',55,2,''),
(783,'Ricardo de la Cruz','','',55,2,''),
(784,'Raúl Garrosa','','',102,2,''),
(785,'Alberto Conde','','',102,2,''),
(786,'Mónica Rodríguez','','',2,2,''),
(787,'Raquel Garrido','','',70,2,''),
(788,'Sara Valle','','',100,2,''),
(789,'Elena Cardenal','','',4,2,''),
(790,'Ana Nevado','','',55,2,''),
(791,'Guillermo Muñoz','','',102,2,''),
(792,'Carmen Melcón','','',28,2,''),
(793,'Juan Carlos Redondo','','',70,2,''),
(794,'Amaila Peña','','',55,2,''),
(795,'Eli Brandsaeter','','',28,2,''),
(796,'Jesús Montes','','',100,2,''),
(797,'Diego Martín','','',55,2,''),
(798,'Julia Gómez','','',102,2,''),
(799,'Irene Arranz','','',102,2,''),
(800,'Inés Sanchez','','',100,2,''),
(801,'Gloria Hernández','','',55,2,''),
(802,'Ramón Arribas','','',66,2,''),
(803,'Pablo Martínez Lago','','',105,2,''),
(804,'Francisco Sáiz','','',102,2,''),
(805,'Rafael García','','',104,2,''),
(806,'Virginia Pastor','','',28,2,''),
(807,'Olga Palomares','','',104,2,''),
(808,'Susana Martín','','',28,2,''),
(809,'Rosa Rubio','','',28,2,''),
(810,'Nicolás Alcaide','','',28,2,''),
(811,'Yaiza Caballero','','',105,2,''),
(812,'Enrique Alonso Queija','','',105,2,''),
(813,'Jose Antonio Vega','','',4,2,''),
(814,'Luis Carlos Sánchez','','',4,2,''),
(815,'Cythia Marcuello Morata','','',88,0,''),
(816,'Cruz Blanco','','',27,0,''),
(817,'Agustín Fernández Lázaro','','',48,0,''),
(818,'Jesús Sánchez Luis','','',70,0,''),
(819,'Eli Brandsaeter','','',28,1,''),
(820,'Ana Nevado','','',55,1,''),
(821,'Ana Costa','','',55,1,''),
(822,'Javier Rosado','','',101,1,''),
(823,'José Luis Cristobal','','',101,1,''),
(824,'Fabian Santolaya','','',88,1,''),
(825,'Fanny Sánchez','','',104,1,''),
(826,'Angel Llorente','','',94,1,''),
(827,'David Martínez','','',94,1,''),
(828,'Luis Miguel Sánchez Galán','','',94,1,''),
(829,'Ana Isabel Gutiérrez','','',94,1,''),
(830,'Laura García','','',94,1,''),
(831,'Raquel Soler','','',94,1,''),
(832,'Ana Belén Ondategui','','',105,2,''),
(833,'Sergio Casalins','','',105,2,''),
(834,'Ana Costa','','',55,2,''),
(835,'Francisco Moeno','','',104,2,''),
(836,'Ruth Blanco Pérez','','',102,2,''),
(837,'Eugenio Cid Cebrian','','',102,2,''),
(838,'Ana Pose','','',94,2,''),
(839,'Angel Llorente','','',94,2,''),
(840,'David Martínez','','',94,2,''),
(841,'Luis Miguel Sánchez Galán','','',94,2,''),
(842,'Ana Isabel Gutierrez Arias','','',94,2,''),
(843,'Laura García','','',94,2,''),
(844,'Raquel Soler','','',94,2,''),
(845,'Silvia Ramiro','','',2,0,''),
(846,'Tania López','','',12,0,''),
(847,'José Luis Rosano','','',29,0,''),
(848,'Jose Alberto','','',37,0,''),
(849,'Antonio Cid','','',55,0,''),
(850,'Maria Estada','','',55,0,''),
(851,'Laura Moral','','',55,0,''),
(852,'Jorge Serrano','','',75,0,'');
/*!40000 ALTER TABLE `guias` ENABLE KEYS */;
UNLOCK TABLES;

--
-- Table structure for table `inscripciones`
--

DROP TABLE IF EXISTS `inscripciones`;
/*!40101 SET @saved_cs_client     = @@character_set_client */;
/*!40101 SET character_set_client = utf8 */;
CREATE TABLE `inscripciones` (
  `ID` int(4) NOT NULL AUTO_INCREMENT,
  `Prueba` int(4) NOT NULL DEFAULT '1',
  `Perro` int(4) NOT NULL,
  `Dorsal` int(4) NOT NULL DEFAULT '0',
  `Celo` tinyint(1) NOT NULL DEFAULT '0',
  `Observaciones` varchar(255) DEFAULT NULL,
  `Jornadas` int(4) NOT NULL DEFAULT '0',
  `Pagado` int(4) NOT NULL DEFAULT '24',
  PRIMARY KEY (`ID`),
  UNIQUE KEY `Inscripciones_PruebaPerro` (`Prueba`,`Perro`),
  KEY `Inscripciones_Perro` (`Perro`),
  KEY `Inscripciones_Prueba` (`Prueba`),
  KEY `Inscripciones_Dorsal` (`Dorsal`),
  CONSTRAINT `Inscripciones_ibfk_1` FOREIGN KEY (`Perro`) REFERENCES `perros` (`ID`),
  CONSTRAINT `Inscripciones_ibfk_2` FOREIGN KEY (`Prueba`) REFERENCES `pruebas` (`ID`) ON UPDATE CASCADE
) ENGINE=InnoDB AUTO_INCREMENT=271 DEFAULT CHARSET=utf8;
/*!40101 SET character_set_client = @saved_cs_client */;

--
-- Dumping data for table `inscripciones`
--

LOCK TABLES `inscripciones` WRITE;
/*!40000 ALTER TABLE `inscripciones` DISABLE KEYS */;
INSERT INTO `inscripciones` VALUES 
(1,2,633,1,0,'',7,0),
(2,2,644,2,0,'',7,0),
(3,2,585,3,0,'',7,0),
(4,2,390,4,0,'',7,0),
(5,2,389,5,0,'',7,0),
(6,2,391,6,1,'',7,0),
(7,2,66,7,0,'',7,0),
(8,2,9,8,0,'',7,0),
(9,2,417,9,0,'',7,0),
(10,2,589,10,0,'',7,0),
(11,2,397,11,1,'',7,0),
(12,2,8,12,0,'',7,0),
(13,2,414,13,0,'',7,0),
(14,2,45,14,0,'',7,0),
(15,2,413,15,1,'',7,0),
(16,2,692,16,0,'',7,0),
(17,2,350,17,0,'',7,0),
(18,2,351,18,0,'',7,0),
(19,2,609,19,0,'',7,0),
(20,2,84,20,0,'',7,0),
(21,2,52,21,0,'',7,0),
(22,2,156,22,0,'',7,0),
(23,2,556,23,0,'',7,0),
(26,8,1017,31,0,'',1,0),
(27,8,1016,32,0,'',1,0),
(28,8,1018,33,0,'',1,0),
(29,8,1033,38,0,'',1,0),
(30,8,1034,39,0,'',1,0),
(31,8,1035,40,0,'',1,0),
(32,8,1050,34,0,'',1,0),
(33,8,1026,41,0,'',1,0),
(34,8,1024,42,0,'',1,0),
(35,8,1025,43,0,'',1,0),
(36,8,1042,35,0,'',1,0),
(37,8,1043,36,0,'',1,0),
(38,8,1039,37,0,'',1,0),
(39,8,1053,44,0,'',1,0),
(40,8,1022,50,0,'',1,0),
(41,8,1023,51,0,'',1,0),
(42,8,1006,57,0,'',1,0),
(43,8,1008,58,0,'',1,0),
(44,8,1007,59,0,'',1,0),
(45,8,1031,55,0,'',1,0),
(46,8,1003,60,0,'',1,0),
(47,8,1002,61,0,'',1,0),
(48,8,1048,52,0,'',1,0),
(49,8,1047,53,0,'',1,0),
(50,8,1063,56,0,'',1,0),
(51,8,997,62,0,'',1,0),
(52,8,1041,54,0,'',1,0),
(53,8,1013,7,0,'',1,0),
(54,8,1004,8,0,'',1,0),
(55,8,1001,9,0,'',1,0),
(56,8,999,10,0,'',1,0),
(57,8,1021,64,0,'',1,0),
(58,8,1038,67,0,'',1,0),
(59,8,1005,69,0,'',1,0),
(60,8,1012,65,0,'',1,0),
(61,8,1030,68,0,'',1,0),
(62,8,1046,66,0,'',1,0),
(63,8,1000,70,0,'',1,0),
(64,8,1037,25,0,'',1,0),
(65,8,1011,22,0,'',1,0),
(66,8,1010,23,0,'',1,0),
(67,8,1060,26,0,'',1,0),
(68,8,1061,27,0,'',1,0),
(69,8,1062,28,0,'',1,0),
(70,8,1040,24,0,'',1,0),
(71,8,1058,29,0,'',1,0),
(72,8,1036,14,0,'',1,0),
(73,8,1009,11,0,'',1,0),
(74,8,1027,15,0,'',1,0),
(75,8,1028,16,0,'',1,0),
(76,8,1045,12,0,'',1,0),
(77,8,1044,13,0,'',1,0),
(78,8,1055,17,0,'',1,0),
(79,8,1054,18,0,'',1,0),
(80,8,1015,2,0,'',1,0),
(81,8,1032,4,0,'',1,0),
(82,8,1049,3,0,'',1,0),
(83,8,1067,5,0,'',1,0),
(84,8,1066,6,0,'',1,0),
(85,8,1014,30,0,'',1,0),
(86,8,1020,45,0,'',1,0),
(87,8,1019,46,0,'',1,0),
(88,8,1059,47,0,'',1,0),
(89,8,1056,48,0,'',1,0),
(90,8,1057,49,0,'',1,0),
(91,8,1029,1,0,'',1,0),
(92,8,1064,19,0,'',1,0),
(93,8,1065,20,0,'',1,0),
(94,8,1052,21,0,'',1,0),
(95,8,1051,63,0,'',1,0),
(96,9,1078,1,0,'',3,0),
(97,9,1076,2,0,'',3,0),
(98,9,1077,3,0,'',3,0),
(99,9,1085,4,0,'',3,0),
(100,9,1083,5,0,'',3,0),
(101,9,1080,6,0,'',3,0),
(102,9,1081,7,0,'',3,0),
(103,9,1084,8,0,'',3,0),
(104,9,1073,9,0,'',3,0),
(105,9,1075,10,0,'',3,0),
(106,9,1074,11,0,'',3,0),
(107,9,1079,12,0,'',3,0),
(108,10,1052,25,0,'',1,0),
(109,10,1086,23,0,'',1,0),
(110,10,1064,21,0,'',1,0),
(111,10,1065,22,0,'',1,0),
(112,10,1087,24,0,'',1,0),
(113,10,1061,29,0,'',1,0),
(114,10,1062,30,0,'',1,0),
(115,10,1010,26,0,'',1,0),
(116,10,1037,28,0,'',1,0),
(117,10,1040,27,0,'',1,0),
(118,10,1051,38,0,'',1,0),
(119,10,1029,1,0,'',1,0),
(120,10,1034,33,0,'',1,0),
(121,10,1025,35,0,'',1,0),
(122,10,1035,34,0,'',1,0),
(123,10,1042,32,0,'',1,0),
(124,10,1088,31,0,'',1,0),
(125,10,1030,39,0,'',1,0),
(126,10,1067,2,0,'',1,0),
(127,10,1020,36,0,'',1,0),
(128,10,1089,37,0,'',1,0),
(129,10,1027,7,0,'',1,0),
(130,10,1036,6,0,'',1,0),
(131,10,1054,12,0,'',1,0),
(132,10,1055,11,0,'',1,0),
(133,10,1028,10,0,'',1,0),
(134,10,1045,4,0,'',1,0),
(135,10,1009,3,0,'',1,0),
(136,10,1092,5,0,'',1,0),
(137,10,1090,8,0,'',1,0),
(138,10,1091,9,0,'',1,0),
(139,10,1100,15,0,'',1,0),
(140,10,1098,16,0,'',1,0),
(141,10,1096,17,0,'',1,0),
(142,10,1094,13,0,'',1,0),
(143,10,1097,18,0,'',1,0),
(144,10,1093,14,0,'',1,0),
(145,10,1095,19,0,'',1,0),
(146,10,1099,20,0,'',1,0),
(147,11,633,1,0,'',3,0),
(148,11,34,4,0,'',3,0),
(149,11,391,3,0,'',3,0),
(150,11,71,10,0,'',2,-12),
(151,11,272,5,0,'',3,0),
(152,11,440,7,0,'',3,0),
(153,11,584,8,0,'',3,0),
(154,11,1101,18,0,'',2,-12),
(155,11,410,19,0,'',3,0),
(156,11,524,20,0,'',3,0),
(157,11,370,22,0,'',3,0),
(158,11,167,25,0,'',2,-12),
(159,11,361,40,0,'',3,0),
(160,11,379,41,0,'',3,0),
(161,11,25,42,0,'',3,0),
(162,11,256,27,0,'',3,0),
(163,11,1102,28,0,'',3,0),
(164,11,785,30,0,'',3,0),
(165,11,1103,29,0,'',3,0),
(166,11,654,31,0,'',3,0),
(167,11,293,32,0,'',3,0),
(168,11,247,34,0,'',3,0),
(169,11,262,35,0,'',3,0),
(170,11,501,36,0,'',3,0),
(171,11,483,33,0,'',3,0),
(172,11,651,37,0,'',3,0),
(173,11,43,43,0,'',3,0),
(174,11,498,44,0,'',3,0),
(175,11,363,45,0,'',3,0),
(176,11,309,46,0,'',3,0),
(177,11,73,47,0,'',3,0),
(178,11,302,49,0,'',3,0),
(179,11,743,48,0,'',3,0),
(180,11,244,50,0,'',3,0),
(181,11,1104,54,0,'',3,0),
(182,11,647,55,0,'',3,0),
(183,11,648,56,0,'',3,0),
(184,11,27,57,0,'',3,0),
(185,11,85,58,0,'',3,0),
(186,11,607,59,0,'',3,0),
(187,11,350,60,0,'',3,0),
(188,11,496,61,0,'',3,0),
(189,11,447,62,0,'',3,0),
(190,11,1105,63,0,'',2,-12),
(191,11,493,64,0,'',3,0),
(192,11,499,65,0,'',3,0),
(193,11,401,83,0,'',3,0),
(194,11,57,81,0,'',3,0),
(195,11,423,82,0,'',3,0),
(196,11,723,70,0,'',3,0),
(197,11,147,71,0,'',3,0),
(198,11,442,68,0,'',3,0),
(199,11,98,69,0,'',3,0),
(200,11,1106,66,0,'',3,0),
(201,11,299,74,0,'',3,0),
(202,11,502,73,0,'',3,0),
(203,11,488,67,0,'',3,0),
(204,11,111,72,0,'',3,0),
(205,11,659,77,0,'',3,0),
(206,11,13,78,0,'',3,0),
(207,11,28,79,0,'',3,0),
(208,11,2,80,0,'',3,0),
(209,11,704,75,0,'',3,0),
(210,11,1108,85,0,'',3,0),
(211,11,1109,86,0,'',3,0),
(212,11,1110,87,0,'',3,0),
(213,11,626,89,0,'',3,0),
(214,11,595,88,0,'',2,-12),
(215,11,32,90,0,'',3,0),
(216,11,405,91,0,'',3,0),
(217,11,8,12,0,'',3,0),
(218,11,3,15,0,'',3,0),
(219,11,78,16,0,'',3,0),
(220,11,413,13,0,'',2,-12),
(221,11,330,14,0,'',2,-12),
(222,11,314,17,0,'',3,0),
(223,11,397,11,0,'',3,0),
(224,11,714,92,0,'',3,0),
(225,11,23,93,0,'',3,0),
(226,11,118,96,0,'',3,0),
(227,11,348,98,0,'',3,0),
(228,11,1111,99,0,'',3,0),
(229,11,601,100,0,'',3,0),
(230,11,517,101,0,'',3,0),
(231,11,95,102,0,'',2,-12),
(232,11,62,107,0,'',3,0),
(233,11,279,103,0,'',3,0),
(234,11,995,97,0,'',3,0),
(235,11,505,108,0,'',3,0),
(236,11,407,109,0,'',3,0),
(237,11,642,104,0,'',3,0),
(238,11,386,105,0,'',3,0),
(239,11,408,106,0,'',3,0),
(240,11,301,110,0,'',3,0),
(241,11,312,111,0,'',3,0),
(242,11,342,112,0,'',3,0),
(243,11,602,113,0,'',3,0),
(244,11,492,114,0,'',3,0),
(245,11,292,115,0,'',3,0),
(246,11,10,116,0,'',3,0),
(247,11,577,117,0,'',3,0),
(248,11,576,118,0,'',3,0),
(249,11,40,120,0,'',3,0),
(250,11,100,119,0,'',3,0),
(251,11,461,121,0,'',3,0),
(252,11,969,122,0,'',3,0),
(253,11,316,123,0,'',3,0),
(254,11,389,2,0,'',1,0),
(255,11,148,9,0,'',3,0),
(256,11,560,6,0,'',1,0),
(257,11,369,21,0,'',1,0),
(258,11,629,23,0,'',1,0),
(259,11,355,24,0,'',1,0),
(260,11,618,26,0,'',1,0),
(261,11,561,38,0,'',1,-12),
(262,11,565,39,0,'',1,-12),
(263,11,384,52,0,'',1,-12),
(264,11,588,53,0,'',1,-12),
(265,11,573,51,0,'',1,-12),
(266,11,1112,76,0,'',1,0),
(267,11,1107,84,0,'',3,0),
(268,11,101,95,0,'',1,0),
(269,11,1072,94,0,'',1,0),
(270,11,377,124,0,'',1,0);
/*!40000 ALTER TABLE `inscripciones` ENABLE KEYS */;
UNLOCK TABLES;
/*!50003 SET @saved_cs_client      = @@character_set_client */ ;
/*!50003 SET @saved_cs_results     = @@character_set_results */ ;
/*!50003 SET @saved_col_connection = @@collation_connection */ ;
/*!50003 SET character_set_client  = latin1 */ ;
/*!50003 SET character_set_results = latin1 */ ;
/*!50003 SET collation_connection  = latin1_swedish_ci */ ;
/*!50003 SET @saved_sql_mode       = @@sql_mode */ ;
/*!50003 SET sql_mode              = '' */ ;
DELIMITER ;;
/*!50003 CREATE*/ /*!50017 DEFINER=`agility_admin`@`localhost`*/ /*!50003 TRIGGER `Increase_Dorsal` BEFORE INSERT ON `inscripciones`
		FOR EACH ROW BEGIN
			select count(*) into @rows from inscripciones where Prueba = NEW.Prueba;
			if @rows>0 then
				select Dorsal + 1 into @newDorsal from inscripciones where Prueba = NEW.Prueba order by Dorsal desc limit 1;
				set NEW.Dorsal = @newDorsal;
			else
				set NEW.Dorsal = 1;
			end if;
		END */;;
DELIMITER ;
/*!50003 SET sql_mode              = @saved_sql_mode */ ;
/*!50003 SET character_set_client  = @saved_cs_client */ ;
/*!50003 SET character_set_results = @saved_cs_results */ ;
/*!50003 SET collation_connection  = @saved_col_connection */ ;

--
-- Table structure for table `jornadas`
--

DROP TABLE IF EXISTS `jornadas`;
/*!40101 SET @saved_cs_client     = @@character_set_client */;
/*!40101 SET character_set_client = utf8 */;
CREATE TABLE `jornadas` (
  `ID` int(4) NOT NULL AUTO_INCREMENT,
  `Prueba` int(4) NOT NULL DEFAULT '1',
  `Numero` int(4) NOT NULL,
  `SlaveOf` int(4) NOT NULL DEFAULT '0',
  `Extra` int(4) NOT NULL DEFAULT '0',
  `Nombre` varchar(255) NOT NULL,
  `Fecha` date NOT NULL,
  `Hora` time NOT NULL,
  `Grado1` tinyint(1) NOT NULL DEFAULT '0',
  `Grado2` tinyint(1) NOT NULL DEFAULT '0',
  `Grado3` tinyint(1) NOT NULL DEFAULT '0',
  `Open` tinyint(1) NOT NULL DEFAULT '0',
  `Equipos3` tinyint(1) NOT NULL DEFAULT '0',
  `Equipos4` tinyint(1) NOT NULL DEFAULT '0',
  `PreAgility` tinyint(1) NOT NULL DEFAULT '0',
  `KO` tinyint(1) NOT NULL DEFAULT '0',
  `Especial` tinyint(1) NOT NULL DEFAULT '0',
  `PreAgility2` tinyint(1) NOT NULL DEFAULT '0',
  `Cerrada` tinyint(1) NOT NULL DEFAULT '0',
  `Observaciones` varchar(255) NOT NULL DEFAULT '',
  `Orden_Tandas` text NOT NULL,
  `Orden_Equipos` text NOT NULL,
  PRIMARY KEY (`ID`),
  KEY `Jornadas_Prueba` (`Prueba`),
  CONSTRAINT `Jornadas_ibfk_1` FOREIGN KEY (`Prueba`) REFERENCES `pruebas` (`ID`) ON DELETE CASCADE ON UPDATE CASCADE
) ENGINE=InnoDB AUTO_INCREMENT=89 DEFAULT CHARSET=utf8;
/*!40101 SET character_set_client = @saved_cs_client */;

--
-- Dumping data for table `jornadas`
--

LOCK TABLES `jornadas` WRITE;
/*!40000 ALTER TABLE `jornadas` DISABLE KEYS */;
INSERT INTO `jornadas` VALUES 
(1,1,1,0,0,'-- Sin asignar --','2013-01-01','00:00:00',0,0,0,0,0,0,0,0,0,0,1,'(sin especificar)','BEGIN,END','BEGIN,END'),
(2,1,2,0,0,'-- Sin asignar --','2013-01-01','00:00:00',0,0,0,0,0,0,0,0,0,0,1,'(sin especificar)','BEGIN,END','BEGIN,END'),
(3,1,3,0,0,'-- Sin asignar --','2013-01-01','00:00:00',0,0,0,0,0,0,0,0,0,0,1,'(sin especificar)','BEGIN,END','BEGIN,END'),
(4,1,4,0,0,'-- Sin asignar --','2013-01-01','00:00:00',0,0,0,0,0,0,0,0,0,0,1,'(sin especificar)','BEGIN,END','BEGIN,END'),
(5,1,5,0,0,'-- Sin asignar --','2013-01-01','00:00:00',0,0,0,0,0,0,0,0,0,0,1,'(sin especificar)','BEGIN,END','BEGIN,END'),
(6,1,6,0,0,'-- Sin asignar --','2013-01-01','00:00:00',0,0,0,0,0,0,0,0,0,0,1,'(sin especificar)','BEGIN,END','BEGIN,END'),
(7,1,7,0,0,'-- Sin asignar --','2013-01-01','00:00:00',0,0,0,0,0,0,0,0,0,0,1,'(sin especificar)','BEGIN,END','BEGIN,END'),
(8,1,8,0,0,'-- Sin asignar --','2013-01-01','00:00:00',0,0,0,0,0,0,0,0,0,0,1,'(sin especificar)','BEGIN,END','BEGIN,END'),
(9,2,1,0,0,'Especial equipos','2013-01-01','00:00:00',0,0,0,0,1,0,0,0,0,0,0,'(sin especificar)','',''),
(10,2,2,0,0,'Sabado','2013-01-01','00:00:00',1,1,1,0,0,0,0,0,0,0,0,'(sin especificar)','',''),
(11,2,3,0,0,'Domingo','2013-01-01','00:00:00',1,1,1,0,0,0,1,0,0,0,0,'(sin especificar)','',''),
(12,2,4,0,0,'-- Sin asignar --','2013-01-01','00:00:00',1,1,1,0,0,0,1,0,0,0,0,'','',''),
(13,2,5,0,0,'-- Sin asignar --','2013-01-01','00:00:00',1,1,1,0,0,0,1,0,0,0,0,'','',''),
(14,2,6,0,0,'-- Sin asignar --','2013-01-01','00:00:00',1,1,1,0,0,0,1,0,0,0,0,'','',''),
(15,2,7,0,0,'-- Sin asignar --','2013-01-01','00:00:00',1,1,1,0,0,0,1,0,0,0,0,'','',''),
(16,2,8,0,0,'-- Sin asignar --','2013-01-01','00:00:00',1,1,1,0,0,0,1,0,0,0,0,'','',''),
(57,8,1,0,0,'Domingo','2015-05-10','09:00:00',1,1,0,0,0,0,0,0,0,1,0,'(sin especificar)','',''),
(58,8,2,0,0,'-- Sin asignar --','2013-01-01','00:00:00',1,1,1,0,0,0,1,0,0,0,0,'','',''),
(59,8,3,0,0,'-- Sin asignar --','2013-01-01','00:00:00',1,1,1,0,0,0,1,0,0,0,0,'','',''),
(60,8,4,0,0,'-- Sin asignar --','2013-01-01','00:00:00',1,1,1,0,0,0,1,0,0,0,0,'','',''),
(61,8,5,0,0,'-- Sin asignar --','2013-01-01','00:00:00',1,1,1,0,0,0,1,0,0,0,0,'','',''),
(62,8,6,0,0,'-- Sin asignar --','2013-01-01','00:00:00',1,1,1,0,0,0,1,0,0,0,0,'','',''),
(63,8,7,0,0,'-- Sin asignar --','2013-01-01','00:00:00',1,1,1,0,0,0,1,0,0,0,0,'','',''),
(64,8,8,0,0,'-- Sin asignar --','2013-01-01','00:00:00',1,1,1,0,0,0,1,0,0,0,0,'','',''),
(65,9,1,0,0,'1','2015-05-16','16:30:00',1,0,0,0,0,0,0,0,0,1,0,'(sin especificar)','',''),
(66,9,2,0,0,'2','2015-05-16','00:00:00',1,0,0,0,0,0,0,0,0,0,0,'(sin especificar)','',''),
(67,9,3,0,0,'-- Sin asignar --','2013-01-01','00:00:00',1,1,1,0,0,0,1,0,0,0,0,'','',''),
(68,9,4,0,0,'-- Sin asignar --','2013-01-01','00:00:00',1,1,1,0,0,0,1,0,0,0,0,'','',''),
(69,9,5,0,0,'-- Sin asignar --','2013-01-01','00:00:00',1,1,1,0,0,0,1,0,0,0,0,'','',''),
(70,9,6,0,0,'-- Sin asignar --','2013-01-01','00:00:00',1,1,1,0,0,0,1,0,0,0,0,'','',''),
(71,9,7,0,0,'-- Sin asignar --','2013-01-01','00:00:00',1,1,1,0,0,0,1,0,0,0,0,'','',''),
(72,9,8,0,0,'-- Sin asignar --','2013-01-01','00:00:00',1,1,1,0,0,0,1,0,0,0,0,'','',''),
(73,10,1,0,0,'Domingo','2015-05-17','09:00:00',1,1,0,0,0,0,0,0,0,1,0,'(sin especificar)','',''),
(74,10,2,0,0,'-- Sin asignar --','2013-01-01','00:00:00',1,1,1,0,0,0,1,0,0,0,0,'','',''),
(75,10,3,0,0,'-- Sin asignar --','2013-01-01','00:00:00',1,1,1,0,0,0,1,0,0,0,0,'','',''),
(76,10,4,0,0,'-- Sin asignar --','2013-01-01','00:00:00',1,1,1,0,0,0,1,0,0,0,0,'','',''),
(77,10,5,0,0,'-- Sin asignar --','2013-01-01','00:00:00',1,1,1,0,0,0,1,0,0,0,0,'','',''),
(78,10,6,0,0,'-- Sin asignar --','2013-01-01','00:00:00',1,1,1,0,0,0,1,0,0,0,0,'','',''),
(79,10,7,0,0,'-- Sin asignar --','2013-01-01','00:00:00',1,1,1,0,0,0,1,0,0,0,0,'','',''),
(80,10,8,0,0,'-- Sin asignar --','2013-01-01','00:00:00',1,1,1,0,0,0,1,0,0,0,0,'','',''),
(81,11,1,0,0,'Sabado','2015-05-23','09:00:00',1,1,1,0,0,0,0,0,0,0,0,'(sin especificar)','',''),
(82,11,2,0,0,'Domingo','2015-05-24','09:00:00',1,1,1,0,0,0,0,0,0,0,0,'(sin especificar)','',''),
(83,11,3,0,0,'-- Sin asignar --','2013-01-01','00:00:00',0,0,0,0,0,0,0,0,0,0,0,'','',''),
(84,11,4,0,0,'-- Sin asignar --','2013-01-01','00:00:00',0,0,0,0,0,0,0,0,0,0,0,'','',''),
(85,11,5,0,0,'-- Sin asignar --','2013-01-01','00:00:00',0,0,0,0,0,0,0,0,0,0,0,'','',''),
(86,11,6,0,0,'-- Sin asignar --','2013-01-01','00:00:00',0,0,0,0,0,0,0,0,0,0,0,'','',''),
(87,11,7,0,0,'-- Sin asignar --','2013-01-01','00:00:00',0,0,0,0,0,0,0,0,0,0,0,'','',''),
(88,11,8,0,0,'-- Sin asignar --','2013-01-01','00:00:00',0,0,0,0,0,0,0,0,0,0,0,'','','');
/*!40000 ALTER TABLE `jornadas` ENABLE KEYS */;
UNLOCK TABLES;

--
-- Table structure for table `jueces`
--

DROP TABLE IF EXISTS `jueces`;
/*!40101 SET @saved_cs_client     = @@character_set_client */;
/*!40101 SET character_set_client = utf8 */;
CREATE TABLE `jueces` (
  `ID` int(4) NOT NULL AUTO_INCREMENT,
  `Nombre` varchar(255) NOT NULL,
  `Direccion1` varchar(255) DEFAULT NULL,
  `Direccion2` varchar(255) DEFAULT NULL,
  `Pais` varchar(32) NOT NULL DEFAULT 'España',
  `Telefono` varchar(32) DEFAULT NULL,
  `Internacional` tinyint(1) NOT NULL DEFAULT '0',
  `Practicas` tinyint(1) NOT NULL DEFAULT '0',
  `Email` varchar(255) DEFAULT NULL,
  `Federations` int(4) NOT NULL DEFAULT '1',
  `Observaciones` varchar(255) DEFAULT NULL,
  PRIMARY KEY (`ID`),
  UNIQUE KEY `Jueces_Nombre` (`Nombre`)
) ENGINE=InnoDB AUTO_INCREMENT=29 DEFAULT CHARSET=utf8;
/*!40101 SET character_set_client = @saved_cs_client */;

--
-- Dumping data for table `jueces`
--

LOCK TABLES `jueces` WRITE;
/*!40000 ALTER TABLE `jueces` DISABLE KEYS */;
INSERT INTO `jueces` VALUES 
(1,'-- Sin asignar --','--------','--------','España','--------',1,1,'nobody@nomail.com',7,'NO BORRAR: Asignacion de juez por defecto'),
(2,'Beltrán Bustamante, Ana','Camí del Camp, 23','03460 Beneixama (Alicante)','España','639 67 86 09',0,0,'sadda\\_874@hotmail.com',1,''),
(3,'Boix Balaguer, Josep','Sant Pere, 10','08392 San Andreu de Llavaneres (Barcelona)','España',' 93 792 76 55',1,0,'josep@agilitycanic.cat',1,NULL),
(4,'Conde Delgado, Gregorio',NULL,NULL,'España',' 93 389 35 83 / 619 39 39 28',1,0,'gconde@xtec.cat',1,NULL),
(5,'Correa Arqueros, Mariano','Avda. de Moratalaz, 178, 2º A','28030 Madrid','España',' 91 301 47 58',1,0,'mariano.correa@nsn.com',1,NULL),
(6,'Diez Pérez, Esteban','Ocaña, 104, Bajo','28047 Madrid','España','91 465 50 05',1,0,'estebanagility@gmail.com',1,NULL),
(7,'Escalera Salamanca, Javier de la','Avda. de San Luis, 95, 2º D','28033 Madrid','España','91 767 07 45 / 607 43 34 13',1,0,'javierdelae@gmail.com',1,NULL),
(8,'Felix Fuentes, José','Vinaroz, 19','18100 Armilla (Granada)','España','958 55 05 74 / 617 93 54 32',0,0,NULL,1,NULL),
(9,'García Alvarez, José Luis','Río Navia, 2','12006 Castellón','España','629 07 06 75',1,0,'zampican@yahoo.es',1,NULL),
(10,'García Rudilla, Juan','Rulda, 12','03400 Villena (Alicante)','España',' 96 580 30 63 / 652 83 08 85',1,0,NULL,1,NULL),
(11,'Garrido Fuentes, Manuel','Paseo de los Olivos, 10','28330 San Martín de la Vega (Madrid)','España',' 91 894 60 96',1,0,'mgfcom@telefonica.net',1,NULL),
(12,'Gil Solis, Esperanza','Paseo de los Olivos, 10','28330 San Martín de la Vega (Madrid)','España',' 91 894 60 96',1,0,'agilcan@telefonica.net',1,NULL),
(13,'Guerra Guerra, Juan Pedro','Mariano Martín, 9','10161 Arroyomolinos (Cáceres)','España',' 927 28 82 56',1,0,'jaracar@ono.com',1,NULL),
(14,'Humanes Almonte, Miguel Angel','Zamora, 23, 3º C','28941 Fuenlabrada (Madrid)','España','607 70 55 75',1,0,'agilblack@hotmail.com',1,NULL),
(15,'Lanzó, Juan Antonio','Recinto Ferial, 2, 4º A','36540 Silleda (Pontevedra)','España',' 629 50 71 76 / 986 57 70 00',1,0,'tonylanzo@gmail.com',1,NULL),
(16,'Linares García, José Manuel','Carril de los Córdobas, 2','30161 Llano de Brujas (Murcia)','España','968 85 12 60 / 696 75 07 67',0,1,'jomaliga1@gmail.com',1,NULL),
(17,'Muñiz Martínez, Oscar','León Felipe, 31, 4º, 1ª','28942 Fuenlabrada (Madrid)','España','665 79 86 49',1,0,'agilityzeus@gmail.com',1,''),
(18,'Navarro Costas, Jordi','Santiago Rusiñol, 90','08340 Vilassar de Mar (Barcelona)','España','93 759 70 54 / 609 30 97 10',1,0,'jordinuc@telefonica.net',1,NULL),
(19,'Parejo Carregalo, Manuel','Ctra. Valle de Abdalajis, Km. 1,7','29260 La Joya (Málaga)','España','95 270 26 04',0,1,'losparejos@hotmail.com',1,NULL),
(20,'Pineda Puig, Josep Mª','Sant Ramón, 69, B-3','08140 Caldes de Montbui (Barcelona)','España','93 865 46 16 / 678 43 36 45',0,0,'pepagility@movistar.es',1,NULL),
(21,'Poble Rosas, Ramón','Jaume I, 18','08140 Caldes de Montbui (Barcelona)','España','93 865 20 32',1,0,'pobleramon@gmail.com',1,NULL),
(22,'Rodríguez Matesanz, Mario','Plaza del Peñón, 10','28923 Alcorcón (Madrid)','España',' 91 619 52 79',1,0,'gwelpe@terra.es',1,NULL),
(23,'Santome González, Manuel','Fonte da Tella, 133 - A - Moureira - Meira','36955 Moaña (Pontevedra)','España','986 31 27 77 / 607 83 20 53',0,0,'lolosantome@gmail.com',1,''),
(24,'Ulldemolins Santisteve, Albert','Llorer, 28, Casa 4','08415 Bigues I Riells (Barcelona)','España',' 93 865 89 64 / 636 96 33 77',0,1,'albert23m@hotmail.com',1,NULL),
(25,'Jesus Fernandez Crespo','','','España','',1,0,'',6,''),
(26,'Maria Estada Calvente','','','España','',0,0,'',6,''),
(27,'Ana Luisa Pose','','','España','',0,0,'',6,''),
(28,'Luis Carlos Rodríguez','','','España','',0,0,'',6,'');
/*!40000 ALTER TABLE `jueces` ENABLE KEYS */;
UNLOCK TABLES;

--
-- Table structure for table `mangas`
--

DROP TABLE IF EXISTS `mangas`;
/*!40101 SET @saved_cs_client     = @@character_set_client */;
/*!40101 SET character_set_client = utf8 */;
CREATE TABLE `mangas` (
  `ID` int(4) NOT NULL AUTO_INCREMENT,
  `Jornada` int(4) NOT NULL,
  `Tipo` int(4) NOT NULL DEFAULT '1',
  `Grado` varchar(16) NOT NULL DEFAULT '-',
  `Recorrido` int(4) NOT NULL DEFAULT '0',
  `Dist_L` int(4) NOT NULL DEFAULT '0',
  `Obst_L` int(4) NOT NULL DEFAULT '0',
  `Dist_M` int(4) NOT NULL DEFAULT '0',
  `Obst_M` int(4) NOT NULL DEFAULT '0',
  `Dist_S` int(4) NOT NULL DEFAULT '0',
  `Obst_S` int(4) NOT NULL DEFAULT '0',
  `Dist_T` int(4) NOT NULL DEFAULT '0',
  `Obst_T` int(4) NOT NULL DEFAULT '0',
  `TRS_L_Tipo` int(4) NOT NULL DEFAULT '0',
  `TRS_L_Factor` int(4) NOT NULL DEFAULT '0',
  `TRS_L_Unit` varchar(1) NOT NULL DEFAULT 's',
  `TRM_L_Tipo` int(4) NOT NULL DEFAULT '1',
  `TRM_L_Factor` int(4) NOT NULL DEFAULT '50',
  `TRM_L_Unit` varchar(1) NOT NULL DEFAULT '%',
  `TRS_M_Tipo` int(4) NOT NULL DEFAULT '0',
  `TRS_M_Factor` int(4) NOT NULL DEFAULT '0',
  `TRS_M_Unit` varchar(1) NOT NULL DEFAULT 's',
  `TRM_M_Tipo` int(4) NOT NULL DEFAULT '1',
  `TRM_M_Factor` int(4) NOT NULL DEFAULT '50',
  `TRM_M_Unit` varchar(1) NOT NULL DEFAULT '%',
  `TRS_S_Tipo` int(4) NOT NULL DEFAULT '0',
  `TRS_S_Factor` int(4) NOT NULL DEFAULT '0',
  `TRS_S_Unit` varchar(1) NOT NULL DEFAULT 's',
  `TRM_S_Tipo` int(4) NOT NULL DEFAULT '1',
  `TRM_S_Factor` int(4) NOT NULL DEFAULT '50',
  `TRM_S_Unit` varchar(1) NOT NULL DEFAULT '%',
  `TRS_T_Tipo` int(4) NOT NULL DEFAULT '0',
  `TRS_T_Factor` int(4) NOT NULL DEFAULT '0',
  `TRS_T_Unit` varchar(1) NOT NULL DEFAULT 's',
  `TRM_T_Tipo` int(4) NOT NULL DEFAULT '1',
  `TRM_T_Factor` int(4) NOT NULL DEFAULT '50',
  `TRM_T_Unit` varchar(1) NOT NULL DEFAULT '%',
  `Juez1` int(4) NOT NULL DEFAULT '1',
  `Juez2` int(4) NOT NULL DEFAULT '1',
  `Observaciones` varchar(255) DEFAULT NULL,
  `Orden_Salida` text NOT NULL,
  PRIMARY KEY (`ID`),
  KEY `Mangas_Tipo` (`Tipo`),
  KEY `Mangas_Grado` (`Grado`),
  KEY `Mangas_Juez1` (`Juez1`),
  KEY `Mangas_Juez2` (`Juez2`),
  KEY `Mangas_Jornada` (`Jornada`),
  CONSTRAINT `Mangas_ibfk_1` FOREIGN KEY (`Tipo`) REFERENCES `tipo_manga` (`ID`) ON UPDATE CASCADE,
  CONSTRAINT `Mangas_ibfk_2` FOREIGN KEY (`Grado`) REFERENCES `grados_perro` (`Grado`) ON DELETE CASCADE ON UPDATE CASCADE,
  CONSTRAINT `Mangas_ibfk_3` FOREIGN KEY (`Juez1`) REFERENCES `jueces` (`ID`) ON UPDATE CASCADE,
  CONSTRAINT `Mangas_ibfk_4` FOREIGN KEY (`Juez2`) REFERENCES `jueces` (`ID`) ON UPDATE CASCADE,
  CONSTRAINT `Mangas_ibfk_5` FOREIGN KEY (`Jornada`) REFERENCES `jornadas` (`ID`) ON DELETE CASCADE ON UPDATE CASCADE
) ENGINE=InnoDB AUTO_INCREMENT=63 DEFAULT CHARSET=utf8;
/*!40101 SET character_set_client = @saved_cs_client */;

--
-- Dumping data for table `mangas`
--

LOCK TABLES `mangas` WRITE;
/*!40000 ALTER TABLE `mangas` DISABLE KEYS */;
INSERT INTO `mangas` VALUES 
(1,9,8,'-',1,150,21,150,21,150,21,0,0,0,40,'s',1,50,'%',3,0,'s',1,50,'%',4,0,'s',1,50,'%',0,0,'s',0,0,'s',1,1,'','BEGIN,414,585,633,45,644,66,8,389,589,692,9,417,350,351,609,84,52,156,397,413,556,390,391,END'),
(2,9,13,'-',1,0,0,0,0,0,0,0,0,0,0,'s',1,50,'%',0,0,'s',1,50,'%',0,0,'s',1,50,'%',0,0,'s',1,50,'%',1,1,'','BEGIN,389,9,692,350,351,609,84,52,156,413,45,556,397,417,644,414,589,8,66,585,633,390,391,END'),
(3,10,3,'GI',1,150,20,150,20,150,20,0,0,0,50,'s',1,50,'%',3,0,'s',1,50,'%',4,0,'s',1,50,'%',0,0,'s',0,0,'s',1,1,'','BEGIN,633,644,692,556,END'),
(4,10,4,'GI',1,0,0,0,0,0,0,0,0,0,0,'s',1,50,'%',0,0,'s',1,50,'%',0,0,'s',1,50,'%',0,0,'s',1,50,'%',1,1,'','BEGIN,633,644,692,556,END'),
(5,10,5,'GII',0,0,0,0,0,0,0,0,0,0,0,'s',1,50,'%',0,0,'s',1,50,'%',0,0,'s',1,50,'%',0,0,'s',1,50,'%',1,1,'','BEGIN,585,389,66,589,8,414,351,609,84,52,156,391,397,413,390,END'),
(6,10,10,'GII',0,0,0,0,0,0,0,0,0,0,0,'s',1,50,'%',0,0,'s',1,50,'%',0,0,'s',1,50,'%',0,0,'s',1,50,'%',1,1,'','BEGIN,585,389,66,589,8,414,351,609,84,52,156,391,397,413,390,END'),
(7,10,6,'GIII',0,0,0,0,0,0,0,0,0,0,0,'s',1,50,'%',0,0,'s',1,50,'%',0,0,'s',1,50,'%',0,0,'s',1,50,'%',1,1,'','BEGIN,9,417,45,350,391,END'),
(8,10,11,'GIII',0,0,0,0,0,0,0,0,0,0,0,'s',1,50,'%',0,0,'s',1,50,'%',0,0,'s',1,50,'%',0,0,'s',1,50,'%',1,1,'','BEGIN,9,417,45,350,391,END'),
(9,11,1,'P.A.',0,0,0,0,0,0,0,0,0,0,0,'s',1,50,'%',0,0,'s',1,50,'%',0,0,'s',1,50,'%',0,0,'s',1,50,'%',1,1,'','BEGIN,END'),
(10,11,3,'GI',0,0,0,0,0,0,0,0,0,0,0,'s',1,50,'%',0,0,'s',1,50,'%',0,0,'s',1,50,'%',0,0,'s',1,50,'%',1,1,'','BEGIN,633,644,692,556,END'),
(11,11,4,'GI',0,0,0,0,0,0,0,0,0,0,0,'s',1,50,'%',0,0,'s',1,50,'%',0,0,'s',1,50,'%',0,0,'s',1,50,'%',1,1,'','BEGIN,633,644,692,556,END'),
(12,11,5,'GII',0,0,0,0,0,0,0,0,0,0,0,'s',1,50,'%',0,0,'s',1,50,'%',0,0,'s',1,50,'%',0,0,'s',1,50,'%',1,1,'','BEGIN,585,389,66,589,8,414,351,609,84,52,156,391,397,413,390,END'),
(13,11,10,'GII',0,0,0,0,0,0,0,0,0,0,0,'s',1,50,'%',0,0,'s',1,50,'%',0,0,'s',1,50,'%',0,0,'s',1,50,'%',1,1,'','BEGIN,585,389,66,589,8,414,351,609,84,52,156,391,397,413,390,END'),
(14,11,6,'GIII',0,0,0,0,0,0,0,0,0,0,0,'s',1,50,'%',0,0,'s',1,50,'%',0,0,'s',1,50,'%',0,0,'s',1,50,'%',1,1,'','BEGIN,9,417,45,350,391,END'),
(15,11,11,'GIII',0,0,0,0,0,0,0,0,0,0,0,'s',1,50,'%',0,0,'s',1,50,'%',0,0,'s',1,50,'%',0,0,'s',1,50,'%',1,1,'','BEGIN,9,417,45,350,391,END'),
(32,57,1,'P.A.',0,0,0,0,0,0,0,0,0,0,0,'s',1,50,'%',0,0,'s',1,50,'%',0,0,'s',1,50,'%',0,0,'s',1,50,'%',1,1,'','BEGIN,1006,1008,1007,1003,1002,997,1004,1001,999,1005,1000,END'),
(33,57,2,'P.A.',0,0,0,0,0,0,0,0,0,0,0,'s',1,50,'%',0,0,'s',1,50,'%',0,0,'s',1,50,'%',0,0,'s',1,50,'%',1,1,'','BEGIN,1006,1008,1007,1003,1002,997,1004,1001,999,1005,1000,END'),
(34,57,3,'GI',0,0,0,0,0,0,0,0,0,0,0,'s',1,50,'%',0,0,'s',1,50,'%',0,0,'s',1,50,'%',0,0,'s',1,50,'%',1,1,'','BEGIN,1017,1016,1018,1050,1042,1043,1039,1022,1023,1048,1047,1041,1013,1021,1012,1046,1011,1010,1040,1009,1045,1044,1015,1049,1014,1020,1019,END'),
(35,57,4,'GI',0,0,0,0,0,0,0,0,0,0,0,'s',1,50,'%',0,0,'s',1,50,'%',0,0,'s',1,50,'%',0,0,'s',1,50,'%',1,1,'','BEGIN,1017,1016,1018,1050,1042,1043,1039,1022,1023,1048,1047,1041,1013,1021,1012,1046,1011,1010,1040,1009,1045,1044,1015,1049,1014,1020,1019,END'),
(36,57,5,'GII',0,0,0,0,0,0,0,0,0,0,0,'s',1,50,'%',0,0,'s',1,50,'%',0,0,'s',1,50,'%',0,0,'s',1,50,'%',1,1,'','BEGIN,1033,1034,1035,1026,1024,1025,1053,1031,1063,1038,1030,1037,1060,1061,1062,1058,1036,1027,1028,1055,1054,1032,1067,1066,1059,1056,1057,1029,1064,1065,1052,1051,END'),
(37,57,10,'GII',0,0,0,0,0,0,0,0,0,0,0,'s',1,50,'%',0,0,'s',1,50,'%',0,0,'s',1,50,'%',0,0,'s',1,50,'%',1,1,'','BEGIN,1033,1034,1035,1026,1024,1025,1053,1031,1063,1038,1030,1037,1060,1061,1062,1058,1036,1027,1028,1055,1054,1032,1067,1066,1059,1056,1057,1029,1064,1065,1052,1051,END'),
(38,65,1,'P.A.',0,0,0,0,0,0,0,0,0,0,0,'s',1,50,'%',0,0,'s',1,50,'%',0,0,'s',1,50,'%',0,0,'s',1,50,'%',25,1,'','BEGIN,1077,1085,1083,1080,1081,1084,END'),
(39,65,3,'GI',2,150,19,150,19,150,19,150,19,0,35,'s',1,50,'%',3,0,'s',1,50,'%',3,0,'s',1,50,'%',3,0,'s',1,50,'%',25,1,'','BEGIN,1078,1076,1073,1075,1074,1079,END'),
(40,65,4,'GI',2,140,18,140,18,140,18,140,18,0,37,'s',1,50,'%',3,0,'s',1,50,'%',3,0,'s',1,50,'%',3,0,'s',1,50,'%',25,1,'','BEGIN,1078,1076,1073,1075,1074,1079,END'),
(42,66,3,'GI',0,0,0,0,0,0,0,0,0,0,0,'s',1,50,'%',0,0,'s',1,50,'%',0,0,'s',1,50,'%',0,0,'s',1,50,'%',1,1,'','BEGIN,1078,1076,1073,1075,1074,1079,END'),
(43,66,4,'GI',0,0,0,0,0,0,0,0,0,0,0,'s',1,50,'%',0,0,'s',1,50,'%',0,0,'s',1,50,'%',0,0,'s',1,50,'%',1,1,'','BEGIN,1078,1076,1073,1075,1074,1079,END'),
(44,65,2,'P.A.',0,0,0,0,0,0,0,0,0,0,0,'s',1,50,'%',0,0,'s',1,50,'%',0,0,'s',1,50,'%',0,0,'s',1,50,'%',25,1,'','BEGIN,1077,1085,1083,1080,1081,1084,END'),
(45,73,1,'P.A.',0,0,0,0,0,0,0,0,0,0,0,'s',1,50,'%',0,0,'s',1,50,'%',0,0,'s',1,50,'%',0,0,'s',1,50,'%',25,1,'','BEGIN,1100,1098,1096,1097,1095,1099,END'),
(46,73,2,'P.A.',0,0,0,0,0,0,0,0,0,0,0,'s',1,50,'%',0,0,'s',1,50,'%',0,0,'s',1,50,'%',0,0,'s',1,50,'%',25,1,'','BEGIN,1100,1098,1096,1097,1095,1099,END'),
(47,73,3,'GI',0,0,0,0,0,0,0,0,0,0,0,'s',1,50,'%',0,0,'s',1,50,'%',0,0,'s',1,50,'%',0,0,'s',1,50,'%',25,1,'','BEGIN,1010,1040,1042,1088,1020,1045,1009,END'),
(48,73,4,'GI',0,0,0,0,0,0,0,0,0,0,0,'s',1,50,'%',0,0,'s',1,50,'%',0,0,'s',1,50,'%',0,0,'s',1,50,'%',25,1,'','BEGIN,1010,1040,1042,1088,1020,1045,1009,END'),
(49,73,5,'GII',2,150,21,150,21,150,21,150,21,0,40,'s',1,50,'%',3,0,'s',1,50,'%',3,0,'s',1,50,'%',5,0,'s',1,50,'%',25,1,'','BEGIN,1052,1086,1064,1065,1087,1061,1062,1037,1051,1029,1034,1025,1035,1030,1067,1089,1027,1036,1054,1055,1028,1092,1090,1091,1094,1093,END'),
(50,73,10,'GII',2,160,20,160,20,160,20,160,20,0,40,'s',1,50,'%',3,0,'s',1,50,'%',3,0,'s',1,50,'%',3,0,'s',1,50,'%',25,1,'','BEGIN,1052,1086,1064,1065,1087,1061,1062,1037,1051,1029,1034,1025,1035,1030,1067,1089,1027,1036,1054,1055,1028,1092,1090,1091,1094,1093,END'),
(51,81,3,'GI',0,0,0,0,0,0,0,0,0,0,0,'s',1,50,'%',0,0,'s',1,50,'%',0,0,'s',1,50,'%',0,0,'s',1,50,'%',1,1,'','BEGIN,633,370,1102,1103,1105,1108,1109,1110,595,995,577,1101,369,629,1107,1072,565,561,573,1106,704,1112,END'),
(52,81,4,'GI',0,0,0,0,0,0,0,0,0,0,0,'s',1,50,'%',0,0,'s',1,50,'%',0,0,'s',1,50,'%',0,0,'s',1,50,'%',1,1,'','BEGIN,633,370,1102,1103,1105,1108,1109,1110,595,995,577,1101,369,629,1107,1072,565,561,573,1106,704,1112,END'),
(53,81,5,'GII',0,0,0,0,0,0,0,0,0,0,0,'s',1,50,'%',0,0,'s',1,50,'%',0,0,'s',1,50,'%',0,0,'s',1,50,'%',1,1,'','BEGIN,272,440,584,167,361,379,785,654,293,483,626,8,413,330,397,348,1111,601,517,95,279,642,386,408,602,576,389,560,355,618,34,588,384,577,995,488,659,723,391,END'),
(54,81,10,'GII',0,0,0,0,0,0,0,0,0,0,0,'s',1,50,'%',0,0,'s',1,50,'%',0,0,'s',1,50,'%',0,0,'s',1,50,'%',1,1,'','BEGIN,272,440,584,167,361,379,785,654,293,483,626,8,413,330,397,348,1111,601,517,95,279,642,386,408,602,576,389,560,355,618,34,588,384,577,995,488,659,723,391,END'),
(55,81,6,'GIII',0,0,0,0,0,0,0,0,0,0,0,'s',1,50,'%',0,0,'s',1,50,'%',0,0,'s',1,50,'%',0,0,'s',1,50,'%',1,1,'','BEGIN,34,71,410,524,25,256,247,262,501,651,43,498,363,309,73,302,743,244,1104,647,648,27,85,607,350,496,447,493,499,401,57,423,32,405,3,78,314,714,23,118,62,505,407,301,312,342,492,292,10,40,100,461,969,316,101,377,442,98,723,147,111,502,299,13,28,2,391,148,END'),
(56,81,11,'GIII',0,0,0,0,0,0,0,0,0,0,0,'s',1,50,'%',0,0,'s',1,50,'%',0,0,'s',1,50,'%',0,0,'s',1,50,'%',1,1,'','BEGIN,34,71,410,524,25,256,247,262,501,651,43,498,363,309,73,302,743,244,1104,647,648,27,85,607,350,496,447,493,499,401,57,423,32,405,3,78,314,714,23,118,62,505,407,301,312,342,492,292,10,40,100,461,969,316,101,377,442,98,723,147,111,502,299,13,28,2,391,148,END'),
(57,82,3,'GI',0,0,0,0,0,0,0,0,0,0,0,'s',1,50,'%',0,0,'s',1,50,'%',0,0,'s',1,50,'%',0,0,'s',1,50,'%',1,1,'','BEGIN,633,370,1102,1103,1108,1109,1110,995,577,561,565,573,1107,595,1101,1105,1106,704,END'),
(58,82,4,'GI',0,0,0,0,0,0,0,0,0,0,0,'s',1,50,'%',0,0,'s',1,50,'%',0,0,'s',1,50,'%',0,0,'s',1,50,'%',1,1,'','BEGIN,633,370,1102,1103,1108,1109,1110,995,577,561,565,573,1107,595,1101,1105,1106,704,END'),
(59,82,5,'GII',0,0,0,0,0,0,0,0,0,0,0,'s',1,50,'%',0,0,'s',1,50,'%',0,0,'s',1,50,'%',0,0,'s',1,50,'%',1,1,'','BEGIN,272,440,584,361,379,785,654,293,483,626,8,397,348,1111,601,517,279,642,386,408,602,576,384,588,330,413,95,34,167,577,995,488,659,723,391,END'),
(60,82,10,'GII',0,0,0,0,0,0,0,0,0,0,0,'s',1,50,'%',0,0,'s',1,50,'%',0,0,'s',1,50,'%',0,0,'s',1,50,'%',1,1,'','BEGIN,272,440,584,361,379,785,654,293,483,626,8,397,348,1111,601,517,279,642,386,408,602,576,384,588,330,413,95,34,167,577,995,488,659,723,391,END'),
(61,82,6,'GIII',0,0,0,0,0,0,0,0,0,0,0,'s',1,50,'%',0,0,'s',1,50,'%',0,0,'s',1,50,'%',0,0,'s',1,50,'%',1,1,'','BEGIN,34,410,524,25,256,247,262,501,651,43,498,363,309,73,302,743,244,1104,647,648,27,85,607,350,496,447,493,499,401,57,423,32,405,3,78,314,714,23,118,62,505,407,301,312,342,492,292,10,40,100,461,969,316,71,442,98,723,147,111,502,299,13,28,2,391,148,END'),
(62,82,11,'GIII',0,0,0,0,0,0,0,0,0,0,0,'s',1,50,'%',0,0,'s',1,50,'%',0,0,'s',1,50,'%',0,0,'s',1,50,'%',1,1,'','BEGIN,34,410,524,25,256,247,262,501,651,43,498,363,309,73,302,743,244,1104,647,648,27,85,607,350,496,447,493,499,401,57,423,32,405,3,78,314,714,23,118,62,505,407,301,312,342,492,292,10,40,100,461,969,316,71,442,98,723,147,111,502,299,13,28,2,391,148,END');
/*!40000 ALTER TABLE `mangas` ENABLE KEYS */;
UNLOCK TABLES;

--
-- Temporary table structure for view `perroguiaclub`
--

DROP TABLE IF EXISTS `perroguiaclub`;
/*!50001 DROP VIEW IF EXISTS `perroguiaclub`*/;
SET @saved_cs_client     = @@character_set_client;
SET character_set_client = utf8;
/*!50001 CREATE TABLE `perroguiaclub` (
  `ID` tinyint NOT NULL,
  `Federation` tinyint NOT NULL,
  `Nombre` tinyint NOT NULL,
  `Raza` tinyint NOT NULL,
  `Licencia` tinyint NOT NULL,
  `LOE_RRC` tinyint NOT NULL,
  `Categoria` tinyint NOT NULL,
  `NombreCategoria` tinyint NOT NULL,
  `Grado` tinyint NOT NULL,
  `NombreGrado` tinyint NOT NULL,
  `Guia` tinyint NOT NULL,
  `NombreGuia` tinyint NOT NULL,
  `Club` tinyint NOT NULL,
  `NombreClub` tinyint NOT NULL,
  `LogoClub` tinyint NOT NULL
) ENGINE=MyISAM */;
SET character_set_client = @saved_cs_client;

--
-- Table structure for table `perros`
--

DROP TABLE IF EXISTS `perros`;
/*!40101 SET @saved_cs_client     = @@character_set_client */;
/*!40101 SET character_set_client = utf8 */;
CREATE TABLE `perros` (
  `ID` int(4) NOT NULL AUTO_INCREMENT,
  `Nombre` varchar(255) NOT NULL,
  `Raza` varchar(255) DEFAULT NULL,
  `LOE_RRC` varchar(255) DEFAULT NULL,
  `Licencia` varchar(255) DEFAULT '--------',
  `Categoria` varchar(1) NOT NULL DEFAULT '-',
  `Guia` int(4) NOT NULL DEFAULT '1',
  `Federation` tinyint(1) NOT NULL DEFAULT '0',
  `Grado` varchar(16) DEFAULT '-',
  PRIMARY KEY (`ID`),
  KEY `Perros_GuiaNombre` (`Guia`),
  KEY `Perros_Categoria` (`Categoria`),
  KEY `Perros_Grado` (`Grado`),
  CONSTRAINT `Perros_ibfk_1` FOREIGN KEY (`Categoria`) REFERENCES `categorias_perro` (`Categoria`) ON UPDATE CASCADE,
  CONSTRAINT `Perros_ibfk_2` FOREIGN KEY (`Grado`) REFERENCES `grados_perro` (`Grado`) ON UPDATE CASCADE,
  CONSTRAINT `Perros_ibfk_3` FOREIGN KEY (`Guia`) REFERENCES `guias` (`ID`) ON UPDATE CASCADE
) ENGINE=InnoDB AUTO_INCREMENT=1113 DEFAULT CHARSET=utf8;
/*!40101 SET character_set_client = @saved_cs_client */;

--
-- Dumping data for table `perros`
--

LOCK TABLES `perros` WRITE;
/*!40000 ALTER TABLE `perros` DISABLE KEYS */;
INSERT INTO `perros` VALUES 
(2,'Yuma','P.B.Malinoise','1936256','A330','L',281,0,'GIII'),
(3,'Hannibal Lecter XIII','Border Collie','1764520','A090','L',444,0,'GIII'),
(4,'Ardi','','79097','729','L',379,0,'-'),
(5,'William',NULL,'1667920','920','L',215,0,'-'),
(6,'Xonny',NULL,'1317156','622','L',92,0,'-'),
(7,'Indiana Jones','','1720531','987','L',273,0,'GIII'),
(8,'Thelma','Border Collie','1515702','824','L',480,0,'GII'),
(9,'Boss','','1528991','797','L',374,0,'GIII'),
(10,'Lee','Border Collie','95245','A084','L',59,0,'GIII'),
(11,'Chinouk',NULL,'1390419','724','L',345,0,'-'),
(12,'Angie',NULL,'1370168','691','L',59,0,'-'),
(13,'Burundi','Perro de Aguas Español','1874262','A310','L',130,0,'GIII'),
(14,'Piter','','110594','A360','L',104,0,'GIII'),
(15,'Napa','','1975832','A401','L',228,0,'GIII'),
(16,'Gon','Border Collie','1725855','A024','L',323,0,'GII'),
(17,'Valerie','','1467667','786','L',318,0,'GIII'),
(18,'Woman','Border Collie','1866186','A206','L',209,0,'GIII'),
(19,'Baloo',NULL,'86974','991','L',389,0,'-'),
(20,'Piter Winers',NULL,'100338','A188','L',240,0,'-'),
(21,'Lula',NULL,'1891977','A344','L',49,0,'-'),
(22,'Karen',NULL,'1970258','A427','L',32,0,'-'),
(23,'Runa','Border Collie','112361','A347','L',26,0,'GIII'),
(24,'Chiruca','Border Collie','1635759','986','L',57,0,'GII'),
(25,'Moss','Border Collie','113891','A391','L',409,0,'GIII'),
(26,'Nena',NULL,'1521753','930','L',289,0,'-'),
(27,'Deby','BorderCollie','101610','A147','L',92,0,'GIII'),
(28,'Noah','Border Collie','1887262','A268','L',457,0,'GIII'),
(29,'Sil',NULL,'1831356','A150','L',323,0,'-'),
(30,'Furia','','1554907','892','L',369,0,'GIII'),
(31,'Mc Coy','Border Collie','1905162','A322','L',87,0,'GIII'),
(32,'Argi','Border Collie','110120','A241','L',319,0,'GIII'),
(33,'Lua',NULL,'118441','A327','L',249,0,'-'),
(34,'Zoe','Border Collie','109748','A289','L',337,0,'GII'),
(35,'Juice','','117997','A387','L',75,0,'GIII'),
(36,'Vega',NULL,'1552296','855','L',32,0,'-'),
(37,'Idris',NULL,'83909','880','L',359,0,'-'),
(38,'Izar',NULL,'1596718','851','L',166,0,'-'),
(39,'Pica','Perro de Aguas Español','104103','A091','L',16,0,'GIII'),
(40,'Nana','Border Collie','1780849','A073','L',241,0,'GIII'),
(41,'Tara',NULL,'No tiene','1466','L',375,0,'-'),
(42,'Finn','','2074557','A596','L',392,0,'GIII'),
(43,'Rocky','','1796496','A355','L',69,0,'GIII'),
(44,'Neil','Flat Coated Retriever','122117','A417','L',192,0,'-'),
(45,'Asia','Border Collie','1958017','A364','L',245,0,'GIII'),
(46,'Xodro','BorderCollie','1959124','A371','L',80,0,'GIII'),
(47,'Bec',NULL,'87712','979','L',250,0,'-'),
(48,'Bely',NULL,'1370171','692','L',168,0,'-'),
(49,'Laia','Border Collie','1594320','921','L',195,0,'GIII'),
(50,'Bamba','','1887258','A242','L',41,0,'GII'),
(51,'Akane','Euskal A Txakurra','101429','A249','L',176,0,'GIII'),
(52,'Mister','Border Collie','99971','A250','L',486,0,'GII'),
(53,'Spyro',NULL,'89457','A155','L',49,0,'-'),
(54,'Becho',NULL,'1831350','A203','L',22,0,'-'),
(55,'Luna',NULL,'1798021','A163','L',456,0,'-'),
(56,'Buh','','1929147','A297','L',389,0,'GIII'),
(57,'Aby','Border Collie','105806','A204','L',410,0,'GIII'),
(58,'Yuma','Border Collie','113067','A385','L',307,0,'GIII'),
(59,'Zak',NULL,'1831579','A160','L',378,0,'-'),
(60,'Tanga','Border Collie','119678','A366','L',425,0,'GIII'),
(61,'Viconte','Mudi','1561797','813','L',313,0,'GII'),
(62,'Dela','P.B. Malinoise','2028765','A377','L',311,0,'GIII'),
(63,'Brus',NULL,'1763613','A140','L',117,0,'-'),
(64,'King','','1520008','856','L',353,0,'GIII'),
(65,'Brujostel','Border Collie','1717447','A231','L',465,0,'GIII'),
(66,'Kora','P.B.Malinoise','111627','A332','L',384,0,'GII'),
(67,'Rubia',NULL,'127474','A481','L',312,0,'-'),
(68,'Fito','Borde Collie','127473','A529','L',312,0,'GIII'),
(69,'Visente',NULL,'116863','A359','L',383,0,'-'),
(70,'Maia',NULL,'1780846','A132','L',66,0,'-'),
(71,'Mecha','P.B.Malinoise','129549','A558','L',234,0,'GIII'),
(72,'Ari',NULL,'1893230','A301','L',54,0,'-'),
(73,'Aslan','Border Collie','1970223','A457','L',182,0,'GIII'),
(74,'Mambo','','1392048','753','L',126,0,'GIII'),
(75,'Nut','Sabueso Anglo-Francés','120681','A430','L',354,0,'GII'),
(76,'Xena',NULL,'1570666','A118','L',252,0,'-'),
(77,'Fiona',NULL,'2010068','A491','L',393,0,'-'),
(78,'Winner','Border Collie','127815','A497','L',407,0,'GIII'),
(79,'Jade','Euskal A Txakurra','','','L',484,0,'GI'),
(80,'Dasher','','2000291','A411','L',273,0,'GIII'),
(81,'Gaston','Border Collie','1717449','A340','L',168,0,'GII'),
(82,'Pipo',NULL,'118271','A458','L',395,0,'-'),
(83,'Grey','Border Collie','1717450','A066','L',64,0,'GIII'),
(84,'Maty','Border Collie','1964043','A333','L',99,0,'GII'),
(85,'Dylan','Border Collie','127444','A461','L',199,0,'GIII'),
(86,'Magia',NULL,'1753228','A104','L',89,0,'-'),
(87,'Lia',NULL,'1842317','A389','L',435,0,'-'),
(88,'Coma','Pastor Blanco Suizo','1957039','A538','L',120,0,'GIII'),
(89,'Isis','','1443353','838','L',33,0,'GIII'),
(90,'Otto',NULL,'91641','A070','L',396,0,'-'),
(91,'Nana','Border Collie','1781905','A225','L',143,0,'GIII'),
(92,'Assucar','Border Collie','1594318','992','L',269,0,'GII'),
(93,'Fantastico',NULL,'109814','A218','L',380,0,'-'),
(94,'Panda','Border Collie','1936233','A474','L',298,0,'GII'),
(95,'Raissa','American Stanford','131570','A563','L',205,0,'GII'),
(96,'Nuka',NULL,'127265','A486','L',27,0,'-'),
(97,'Halcon','Border Collie','126805','A482','L',83,0,'GIII'),
(98,'California','','1967653','A414','L',228,0,'GIII'),
(99,'Astra',NULL,'1551831','783','L',22,0,'-'),
(100,'Fito','Border Collie','1980971','A490','L',435,0,'GIII'),
(101,'Magic-Black','Border Collie','101184','A318','L',401,0,'GIII'),
(102,'Blacky',NULL,'No tiene','1493','L',330,0,'-'),
(103,'Red Magic','Border Collie','1834052','A124','L',131,0,'GII'),
(104,'Beauty','','120728','A452','L',380,0,'GIII'),
(105,'Savannah',NULL,'1627377','833','L',38,0,'-'),
(106,'Ra','P.B. Malinoise','2009048','A494','L',323,0,'GII'),
(107,'Flay','Border Collie','123186','A418','L',179,0,'GII'),
(108,'Bu',NULL,'111416','A519','L',397,0,'-'),
(109,'Heidy','','1727593','A035','L',430,0,'GII'),
(110,'Kiko',NULL,'1780843','A145','L',146,0,'-'),
(111,'Koba','','1533440','843','L',380,0,'GIII'),
(112,'Kiwi',NULL,'1908098','A267','L',183,0,'-'),
(113,'Yun','Border Collie','2001179','A484','L',95,0,'GIII'),
(114,'Nora',NULL,'80601','735','L',437,0,'-'),
(115,'Liss',NULL,'1779665','A212','L',117,0,'-'),
(116,'Rayko','Border Collie','2027590','A321','L',381,0,'GIII'),
(117,'Nani','','1838888','A238','L',286,0,'GII'),
(118,'Rasca','Border Collie','2047380','A564','L',16,0,'GIII'),
(119,'Abby','P. B. Groenendael','2104382','A533','L',215,0,'GIII'),
(120,'Merlin','Border Collie','1996593','A523','L',121,0,'GIII'),
(121,'Rusti','Border Collie','1831356','A227','L',164,0,'GIII'),
(122,'Cora','','No tiene','1525','L',48,0,'GII'),
(123,'Dux','','1727100','A134','L',169,0,'GIII'),
(124,'Urko','BorderCollie','127390','A565','L',237,0,'GIII'),
(125,'Blues',NULL,'1756737','A083','L',327,0,'-'),
(126,'Lia',NULL,'No tiene','1481','L',302,0,'-'),
(127,'Broc',NULL,'1596717','902','L',262,0,'-'),
(128,'Bell',NULL,'1831577','A205','L',429,0,'-'),
(129,'Colombo',NULL,'119957','A437','L',159,0,'-'),
(130,'Cooper',NULL,'1942046','A468','L',219,0,'-'),
(131,'Dunja','Pastor de los Pirineos','131504','A568','L',55,0,'GII'),
(132,'Nova',NULL,'1472107','765','L',367,0,'-'),
(133,'Nuca',NULL,'105491','A431','L',394,0,'-'),
(134,'Nora','Braco','113894','A356','L',402,0,'GII'),
(135,'Kimi',NULL,'1908103','A271','L',107,0,'-'),
(136,'Samba',NULL,'131663','A608','L',78,0,'-'),
(137,'Liss',NULL,'1988114','A429','L',124,0,'-'),
(138,'Nuka',NULL,'No tiene','1418','L',244,0,'-'),
(139,'Samy','Golden Retriever','120731','A432','L',227,0,'GII'),
(140,'Kim',NULL,'125522','A511','L',25,0,'-'),
(141,'Blues',NULL,'No tiene','1400','L',271,0,'-'),
(142,'Naia',NULL,'1970259','A459','L',463,0,'-'),
(143,'Aragorn',NULL,'1568043','A380','L',458,0,'-'),
(144,'Aizu','','1680441','A499','L',293,0,'GII'),
(145,'Avemar',NULL,'1677435','A335','L',320,0,'-'),
(146,'Completa',NULL,'95707','A121','L',380,0,'-'),
(147,'Jayna','Border Collie','1779666','A173','L',235,0,'GIII'),
(148,'Kira','Border Collie','1710175','A116','L',140,0,'GIII'),
(149,'Elfo','P.B. Malinoise','1496681','963','L',260,0,'GII'),
(150,'Choco',NULL,'96941','A058','L',77,0,'-'),
(151,'Gini',NULL,'1891331','A193','L',292,0,'-'),
(152,'Alinka',NULL,'1677160','982','L',452,0,'-'),
(153,'Zazpi',NULL,'1779668','A278','L',117,0,'-'),
(154,'Frasqui',NULL,'1962362','A438','L',159,0,'-'),
(155,'Yhara','','1827258','A357','L',288,0,'GII'),
(156,'Lennon','A. Foxhound','111486','A336','L',347,0,'GII'),
(157,'Irma',NULL,'1779789','A096','L',132,0,'-'),
(158,'Yai','','1879217','A475','L',42,0,'-'),
(159,'Clara','Border Collie','1936237','A462','L',418,0,'GII'),
(160,'Laika',NULL,'93988','A224','L',400,0,'-'),
(161,'Argon','','1926695','987','L',96,0,'GII'),
(162,'Nube','','124447','A465','L',319,0,'-'),
(163,'Blue','Bearded Collie','1863534','A552','L',293,0,'GIII'),
(164,'Hana',NULL,'No tiene','1526','L',412,0,'-'),
(165,'Liss',NULL,'86748','961','L',237,0,'-'),
(166,'Tara',NULL,'123013','A442','L',216,0,'-'),
(167,'Onis','Schnauzer Gigante','1478689','A498','L',236,0,'GII'),
(168,'Qumba',NULL,'2007589','A546','L',275,0,'-'),
(169,'Jotave','','1962366','A407','L',279,0,'GIII'),
(170,'Kora','','124215','A585','L',279,0,'GIII'),
(171,'Zana',NULL,'1634512','A014','L',430,0,'-'),
(172,'Hugo',NULL,'97357','A201','L',246,0,'-'),
(173,'Gus',NULL,'111335','A548','L',454,0,'-'),
(174,'Paco',NULL,'85033','A550','L',454,0,'-'),
(175,'Thor',NULL,'1839333','A348','L',257,0,'-'),
(176,'Fol','','86747','940','L',350,0,'GIII'),
(177,'Fito',NULL,'1914405','A362','L',164,0,'-'),
(178,'Troy','Border Collie','98617','A044','L',238,0,'GIII'),
(179,'Dana',NULL,'No tiene','1528','L',341,0,'-'),
(180,'Doña Sol',NULL,'1885107','A261','L',285,0,'-'),
(181,'Martina',NULL,'1833796','A545','L',129,0,'-'),
(182,'Kiss',NULL,'1626167','912','L',60,0,'-'),
(183,'Nano',NULL,'94485','964','L',279,0,'-'),
(184,'Ariel',NULL,'1835675','A213','L',1,0,'-'),
(185,'Cristina',NULL,'1929150','A352','L',67,0,'-'),
(186,'Rulo',NULL,'1676914','978','L',115,0,'-'),
(187,'Hechizada',NULL,'1663984','A064','L',135,0,'-'),
(188,'Cindy',NULL,'1812230','A189','L',6,0,'-'),
(189,'Rotten','Carea Leonés','','1518','L',243,0,'GII'),
(190,'Pixie Moon','','1879218','A260','L',246,0,'-'),
(191,'Timba','Canaan Dog','119645','A403','L',88,0,'GIII'),
(192,'Nuwa','Border Collie','132677','A597','L',443,0,'GII'),
(193,'Kora',NULL,'99230','A466','L',221,0,'-'),
(194,'Kona',NULL,'1986188','A524','L',53,0,'-'),
(195,'Arwen','Border Collie','1753230','A151','L',97,0,'GII'),
(196,'Blas',NULL,'1761207','A086','L',254,0,'-'),
(197,'Rudy',NULL,'102435','A113','L',310,0,'-'),
(198,'Ira','P.B.Malinoise','101193','A141','L',18,0,'GII'),
(199,'Terra',NULL,'114522','A328','L',274,0,'-'),
(200,'Kira',NULL,'120733','A405','L',12,0,'-'),
(201,'Nube',NULL,'97289','A515','L',245,0,'-'),
(202,'Mara','','80787','A396','L',36,0,'GII'),
(203,'Trasto',NULL,'No tiene','1391','L',6,0,'-'),
(204,'Kiria','','No tiene','A155','L',231,0,'GII'),
(205,'Wind','Border Collie','1881696','A421','L',416,0,'GIII'),
(206,'Rocky',NULL,'1756734','A156','L',239,0,'-'),
(207,'Pepo',NULL,'1756735','A200','L',239,0,'-'),
(208,'Mina',NULL,'124583','A501','L',204,0,'-'),
(209,'Gipsy',NULL,'No tiene','1542','L',206,0,'-'),
(210,'Atril',NULL,'1985153','A454','L',334,0,'-'),
(211,'Max','Perro de Aguas Español','1945286','A487','L',43,0,'GII'),
(212,'N\'Hug','','110043','A283','L',238,0,'GII'),
(213,'Che',NULL,'1472786','A313','L',285,0,'-'),
(214,'Chincheta',NULL,'97802','A165','L',439,0,'-'),
(215,'Nemo',NULL,'1950998','A478','L',142,0,'-'),
(216,'Tao',NULL,'1807243','A554','L',424,0,'-'),
(217,'Luna','','No tiene','1539','L',406,0,'GII'),
(218,'Molsa',NULL,'1710467','A103','L',419,0,'-'),
(219,'Dina','Border Collie','1798019','A136','L',208,0,'GII'),
(220,'Neo','Border Collie','99972','A077','L',58,0,'GIII'),
(221,'Zidanne','','2081050','A591','L',19,0,'GIII'),
(222,'Poly de Terra de Gosos','','2060633','A587','L',246,0,'-'),
(223,'Kinder','','101433','A223','L',400,0,'GII'),
(224,'Juno','','No tiene','1552','L',68,0,'GII'),
(225,'Flash','Border Collie','109519','A420','L',174,0,'GII'),
(226,'Troya','','127255','A527','L',461,0,'GII'),
(227,'Pluto',NULL,'80602','785','L',328,0,'-'),
(228,'Poli',NULL,'98654','A290','L',437,0,'-'),
(229,'Shasta','Border Collie','109487','A272','L',331,0,'GIII'),
(230,'Kira',NULL,'83038','789','L',320,0,'-'),
(231,'Maya',NULL,'1683945','A110','L',283,0,'-'),
(232,'Grace',NULL,'127031','A575','L',375,0,'-'),
(233,'Artemisa',NULL,'1911726','A406','L',449,0,'-'),
(234,'Ron',NULL,'94045','A265','L',132,0,'-'),
(235,'Maña',NULL,'1872301','A423','L',86,0,'-'),
(236,'Blue',NULL,'86743','A180','L',122,0,'-'),
(237,'Golfa',NULL,'1719195','A557','L',200,0,'-'),
(238,'Runa',NULL,'2006235','A537','L',302,0,'-'),
(239,'Fanta','','1940535','A544','L',362,0,'GII'),
(240,'Xula',NULL,'83896','844','M',289,0,'-'),
(241,'Danko','Ratonero Bodeguero Andaluz','113906','A325','M',230,0,'GIII'),
(242,'Hanna',NULL,'1843070','A159','M',369,0,'-'),
(243,'Guti','Cocker Spaniel','111666','A215','M',210,0,'GIII'),
(244,'Cala','Perro de Aguas Español','1691264','A095','M',15,0,'GIII'),
(245,'Milo',NULL,'1399802','718','M',269,0,'-'),
(246,'Gotika',NULL,'1682493','971','M',67,0,'-'),
(247,'Drac','Cocker Spaniel','106327','A196','M',133,0,'GIII'),
(248,'Neo',NULL,'109522','A445','M',174,0,'-'),
(249,'Sra. Maruja','Caniche','1695088','997','M',139,0,'GII'),
(250,'Duna','','93084','953','M',161,0,'GII'),
(251,'Kiwi','','1982934','A525','M',450,0,'GIII'),
(252,'Sucre',NULL,'1558711','938','M',366,0,'-'),
(253,'Lass','Perro de Aguas Español','131981','A580','M',150,0,'GIII'),
(254,'Tuna',NULL,'1731780','A057','M',319,0,'-'),
(255,'Norai',NULL,'97039','A015','M',154,0,'-'),
(256,'Menta','Welsh Terrier','1459964','767','M',14,0,'GIII'),
(257,'Wirbel','Schnnauzer','1252941','588','M',331,0,'Ret.'),
(258,'Pepsi','','1849505','A270','M',76,0,'GII'),
(259,'Kiss',NULL,'1258632','762','M',106,0,'-'),
(260,'Ina',NULL,'No tiene','1549','M',446,0,'-'),
(261,'Kenia',NULL,'86609','954','M',403,0,'-'),
(262,'Gamma','Sheetland','1988761','A307','M',226,0,'GIII'),
(263,'Goku','Fox Terrier Wire ','No tiene','1513','M',266,0,'GIII'),
(264,'Coockie','Cocker Spaniel','120745','A434','M',445,0,'GIII'),
(265,'Habana',NULL,'131393','A634','M',147,0,'-'),
(266,'Dau',NULL,'113713','A446','M',366,0,'-'),
(267,'Jolie','Mudi','1561798','808','M',90,0,'GII'),
(268,'Boira','','1809307','A281','M',100,0,'GIII'),
(269,'Queen','Perro de Aguas Español','93971','989','M',278,0,'GIII'),
(270,'Legend',NULL,'1606337','927','M',440,0,'-'),
(271,'Koku',NULL,'1394913','714','M',372,0,'-'),
(272,'Luna','Fox Terrier Wire','103250','A240','M',382,0,'GII'),
(273,'Nell',NULL,'1329279','A293','M',152,0,'-'),
(274,'Lucas','Podenco Andaluz','112275','A248','M',20,0,'GII'),
(275,'Benavis',NULL,'1803327','A195','M',29,0,'-'),
(276,'Paquita',NULL,'1852290','A229','M',377,0,'-'),
(277,'Fey',NULL,'2063400','A440','M',442,0,'-'),
(278,'Robbi',NULL,'104953','A146','M',448,0,'-'),
(279,'Mate','Schnauzer','1930526','A469','M',109,0,'GII'),
(280,'Veron','','1423605','A412','M',152,0,'GII'),
(281,'Lume','Sheetlan SheepDog','1985134','A416','M',233,0,'GII'),
(282,'Foska',NULL,'108199','A182','M',285,0,'-'),
(283,'Bimba',NULL,'1968121','A451','M',344,0,'-'),
(284,'Chocolate',NULL,'93486','A045','M',439,0,'-'),
(285,'Tuna','Bodeguero Andaliuz','122113','A408','M',230,0,'GII'),
(286,'Naru','Shiba Inu','132678','A598','M',443,0,'GII'),
(287,'Mizar','Schnauzer Miniatura','1876817','A274','M',145,0,'GII'),
(288,'Tina',NULL,'No tiene','1532','M',201,0,'-'),
(289,'Kenya',NULL,'112354','A233','M',294,0,'-'),
(290,'Duque',NULL,'No tiene','1551','M',29,0,'-'),
(291,'Harley','Shetland Sheepdog','2025374','A428','M',128,0,'GII'),
(292,'Johnny Cash','Sheetland','2057033','A594','M',456,0,'GIII'),
(293,'Striptease','','2023589','A577','M',84,0,'GII'),
(294,'Tuco','Shetland','2026054','A419','M',185,0,'GII'),
(295,'Mia','Cocker','121232','A547','M',340,0,'GIII'),
(296,'Gunilla',NULL,'No tiene','1471','M',315,0,'-'),
(297,'Alma',NULL,'90313','A566','M',301,0,'-'),
(298,'Noa','','1926077','A526','M',391,0,'GII'),
(299,'Magia','Sheetland','2032179','A528','S',86,0,'GIII'),
(300,'Saroa','','1789456','A149','S',464,0,'GIII'),
(301,'Melendi','Caniche','1842276','A164','S',311,0,'GIII'),
(302,'Mims','Caniche','102903','A279','S',10,0,'GIII'),
(303,'Hancock',NULL,'131702','A609','S',349,0,'-'),
(304,'Tris','Schnauzer','119441','A398','S',411,0,'GII'),
(305,'Lula','Pinscher','123192','A607','S',118,0,'GIII'),
(306,'Rufo','','123178','A435','S',257,0,'GII'),
(307,'Sira','Teckel','106345','A168','S',112,0,'GIII'),
(308,'Nit','Schnauzer Mini','112007','A208','S',357,0,'GIII'),
(309,'Xira','Schnauzer','124731','A424','S',432,0,'GIII'),
(310,'Che Guevara','Caniche','112448','A230','S',465,0,'GIII'),
(311,'Enzo',NULL,'117909','A444','S',352,0,'-'),
(312,'Nuca','Tibetan Spaniel','109471','A181','S',197,0,'GIII'),
(313,'Gismo','','123726','A449','S',441,0,'GIII'),
(314,'Nana','Caniche','103211','A277','S',424,0,'GIII'),
(315,'Nikita','','123006','A443','S',33,0,'GIII'),
(316,'Xena','Yorkshire Terrier','125524','A509','S',138,0,'GIII'),
(317,'Chula','','106335','A135','S',193,0,'GIII'),
(318,'Dagga','Tibetan Spaniel','127338','A507','S',181,0,'GII'),
(319,'Greta','','1849716','A337','S',72,0,'GII'),
(320,'Bengel','Schnnauzer','1433208','760','S',331,0,'GII'),
(321,'Nei',NULL,'1400011','770','S',191,0,'-'),
(322,'Tess',NULL,'102439','A245','S',203,0,'-'),
(323,'Lia','Brazillian Terrier','132000','A588','S',188,0,'GII'),
(324,'Taca','','128455','A589','S',37,0,'GII'),
(325,'Miche','','1706141','A097','S',321,0,'GII'),
(326,'Manin','Schnauzer miniatura','104120','A100','S',411,0,'GII'),
(327,'Doña Matilde','Caniche','2005359','A514','S',139,0,'GIII'),
(328,'Aqua','Papillon','2056249','A513','S',295,0,'GII'),
(329,'Nuca','Schnauzer','1678476','A088','S',2,0,'GII'),
(330,'Pepa','Jack Rusell','1957259','A393','S',160,0,'GII'),
(331,'Spyro','','131527','A569','S',373,0,'GIII'),
(332,'Della','Shetland Sheepdog','2061744','A467','S',106,0,'GII'),
(333,'Lua','Jack Russel Terrier','116884','A287','S',582,0,'GII'),
(334,'Mayo',NULL,'No tiene','1419','S',364,0,'-'),
(335,'Nala','Jack Russel','108635','A530','S',113,0,'GIII'),
(336,'Lola',NULL,'No tiene','1464','S',211,0,'-'),
(337,'Noah',NULL,'131506','A590','S',227,0,'-'),
(338,'Sully',NULL,'116639','A520','S',397,0,'-'),
(339,'Gus',NULL,'119626','A346','S',56,0,'-'),
(340,'Lola',NULL,'No tiene','1541','S',301,0,'-'),
(341,'Thor','Schnauzer','1939205','A535','S',2,0,'GII'),
(342,'Quillo','Rusky Toy','127443','A604','S',101,0,'GIII'),
(343,'Lennon',NULL,'103239','A144','S',355,0,'-'),
(344,'Boira',NULL,'No tiene','1554','S',420,0,'-'),
(345,'Kyra','Jack Russel','131481','A600','S',30,0,'GIII'),
(346,'Acha','','123731','A483','M',324,0,'-'),
(347,'Ada','Mestizo','','1459','S',398,0,'GII'),
(348,'Aker','P.B. Malinoise','1553051','A397','L',162,0,'GII'),
(349,'Akira',NULL,'125877','A455','L',255,0,'GII'),
(350,'Dama','Fox Terrier Wire','0131204','A641','M',264,0,'GIII'),
(351,'Flai','Fox Terrier Wire','0129738','A815','M',264,0,'GII'),
(352,'Donna','Border Collie','','A795','L',405,0,'GII'),
(353,'Fito','mestizo','','','T',387,0,'GII'),
(354,'paco','','','','T',1,0,'GII'),
(355,'Akela','Border Collie','','A746','L',155,0,'GII'),
(356,'Toska','Border Collie','','','L',220,0,'GI'),
(357,'Sira','P.B.Malinoise','','A584','L',224,0,'GII'),
(358,'Duna','P. Aleman','','A586','L',455,0,'GII'),
(359,'Olivia','Schnauzer','','A742','S',287,0,'GII'),
(360,'Kyle','Schnauzer','','A-539','M',198,0,'GII'),
(361,'Kara','Border Collie','','A541','L',399,0,'GII'),
(362,'Tibet','Border Collie','','','L',59,0,'GII'),
(363,'Beltxa','Schnauzer','','A622','S',432,0,'GIII'),
(365,'Danah','P. Australiano','','A889','L',280,0,'GII'),
(366,'Net','P. Australiano','','','L',192,0,'GI'),
(367,'Sira','Boxer','','','L',111,0,'GI'),
(368,'Maggie','Mestizo','','1570','S',402,0,'GII'),
(369,'Kiss','','','','L',202,0,'GI'),
(370,'Milka','','','','L',207,0,'GI'),
(371,'Mitzy','Braco','','','L',47,0,'GI'),
(372,'Sura','Shar Pei','','','L',335,0,'GI'),
(374,'Neo','','','','L',220,0,'GII'),
(375,'Sitan','','','795','L',224,0,'GII'),
(376,'Kaiser','Schnauzer miniatura','','A383','S',202,0,'GII'),
(377,'Geha','Border Collie','','A162','L',308,0,'GIII'),
(378,'Momo','Borde Collie','','A391','L',409,0,'GII'),
(379,'Skay','Perro de Aguas Español','','A605','L',212,0,'GII'),
(380,'Keko','','','','L',17,0,'GII'),
(381,'Mambo','Border Collie','','','L',39,0,'GI'),
(382,'Swing','','','','M',371,0,'GI'),
(383,'Trufa','Perro de Aguas Español','','','M',415,0,'GI'),
(384,'Soma','Labrador Retriever','','A696','L',343,0,'GII'),
(385,'Phoebe','Border Collie','','A555','M',148,0,'GII'),
(386,'Izzie','West Higland White Terrier','','A275','S',148,0,'GII'),
(387,'Kyra','Border Collie','','1607','L',531,0,'GII'),
(388,'Nika','Border Collie','','','L',74,0,'GI'),
(389,'Dolce','Border Collie','','A681','L',531,0,'GII'),
(390,'Dolce','','','- duplicado -','L',361,0,'GII'),
(391,'Gilda','Border Collie','','A723','L',361,0,'GIII'),
(392,'Noa','Border Collie','','A540','L',384,0,'GIII'),
(393,'Thor','Border Collie','','A835','L',270,0,'GIII'),
(394,'Akira Haru','BorderCollie','','A311','L',172,0,'GII'),
(395,'Nala','BorderCollie','','A142','L',141,0,'GIII'),
(396,'Peka','','','A615','L',259,0,'GII'),
(397,'Milady','Border Collie','','A791','L',407,0,'GII'),
(398,'Yashi','Pastor de los Pirineos','','','M',453,0,'GI'),
(399,'Dollar','Border Collie','','911','L',309,0,'GII'),
(400,'Héctor','Pastor Vasco','','1597','L',114,0,'GII'),
(401,'Ron','Border Collie','','A617','L',376,0,'GIII'),
(402,'Viconte','','','A367','L',284,0,'GII'),
(403,'Agran','Border Collie','','A752','L',8,0,'GII'),
(404,'Bimba','Border Collie','','A288','L',314,0,'GII'),
(405,'Dudy','Border Collie','','A753','L',276,0,'GIII'),
(406,'Kember','Bóxer','','1558','L',7,0,'GII'),
(407,'Luca','Ratonero Bodeguero Andaluz','','A749','M',101,0,'GIII'),
(408,'Kika','West Higland White Terrier','','A722','S',365,0,'GII'),
(409,'Olivia','Caniche','','A701','S',102,0,'GII'),
(410,'Sombra','Border Collie','','A679','L',242,0,'GIII'),
(411,'Noah','Schnauzer','','','S',198,0,'GI'),
(412,'Brea','Mestizo','','','L',31,0,'GII'),
(413,'Lola','Jack Rusell','','A633','S',160,0,'GII'),
(414,'Yeny','Border Collie','','A747','L',245,0,'GII'),
(415,'Sonic','Perro de Aguas Español','','A495','L',98,0,'GII'),
(416,'Wind','Border Collie','','A561','L',427,0,'GII'),
(417,'Crak','Border Collie','','A719','L',374,0,'GIII'),
(418,'Nitra','Caniche','','A743','S',465,0,'GII'),
(419,'Nova','Border Collie','','A642','L',414,0,'GII'),
(420,'Momo','Border Collie','','A621','L',34,0,'GII'),
(421,'Byron','Border Collie','','','L',413,0,'GI'),
(422,'Amis','Border Collie','','A620','L',247,0,'GII'),
(423,'Noa','BorderCollie','','A143','L',213,0,'GIII'),
(424,'Vlad','Perro de Aguas Español','','A752','L',45,0,'GII'),
(425,'Mou','Kelpie Australiano','','','L',82,0,'GI'),
(426,'Black','Border Collie','','','L',258,0,'GI'),
(427,'Kala','Yorkshire Terrier','','1574','S',99,0,'GII'),
(428,'Andy','Border Collie','','A671','L',317,0,'GII'),
(429,'beep','','','','L',392,0,'GI'),
(430,'Ella','Border collie','','A922','L',316,0,'GII'),
(431,'Nya','Border Collie','','','L',3,0,'GI'),
(432,'Tibet','','','','L',103,0,'GI'),
(433,'Kenzo','','','','L',460,0,'GI'),
(434,'Dafne','','','A870','L',272,0,'GI'),
(435,'Nut','','','','L',421,0,'GI'),
(436,'Morgan','Doberman','','','L',133,0,'GI'),
(437,'Juke','','','','L',336,0,'GI'),
(438,'Argi','','','','L',149,0,'GI'),
(439,'Pi','','','','L',169,0,'GI'),
(440,'Horatio','Bulldog Frances','','A847','S',73,0,'GII'),
(441,'Goldie','','','','S',228,0,'GII'),
(442,'Cachirulo','Perro de Aguas Español','','A578','L',116,0,'GIII'),
(443,'Lucky','','','1561','L',23,0,'GII'),
(444,'Chika','Border Collie','','A518','L',291,0,'GII'),
(445,'Inka','P.B. Malinoise','','A699','L',100,0,'GIII'),
(446,'Nupsi','Perro de Aguas Español','','A694','L',75,0,'GII'),
(447,'Inka','Border Collie','','A381','L',386,0,'GIII'),
(449,'Itoitz','','','A713','L',13,0,'GII'),
(450,'Xira','','','1499','L',5,0,'GII'),
(452,'Luna','','','A809','L',50,0,'GII'),
(453,'Lorenzo','Border Collie','','A666','L',389,0,'GII'),
(454,'Bombon','','','A773','L',51,0,'GII'),
(455,'Lluna','','','1537','L',51,0,'GII'),
(456,'Ardi de Rioja','','','0729','L',228,0,'GII'),
(457,'Danko','','','1509','L',110,0,'GII'),
(458,'Tessa','','','A317','L',433,0,'GII'),
(459,'Rex','','','1578','L',438,0,'GII'),
(460,'Chica','','','A703','L',170,0,'GII'),
(461,'Sue','Border Collie','','A788','L',435,0,'GIII'),
(462,'Kira','','','','L',93,0,'GII'),
(463,'Heidy','','','A496','L',282,0,'GII'),
(464,'Bella','','','1586','L',305,0,'GII'),
(465,'Hanna','','','1584','L',11,0,'GII'),
(466,'Eo','Border Collie','','A768','L',323,0,'GII'),
(467,'Panda','','','A797','L',296,0,'GII'),
(468,'Venus','','','A743','L',311,0,'GII'),
(469,'Charly','','','1592','L',232,0,'GII'),
(470,'Argi','','','1600','L',186,0,'GII'),
(471,'Broto','','','A764','L',431,0,'GII'),
(472,'Anouk','','','A480','L',434,0,'GII'),
(473,'Flecha','','','A748','L',423,0,'GII'),
(475,'Moa','Stanfordshire','','A508','L',164,0,'GII'),
(476,'Greta','','','','L',229,0,'GII'),
(477,'Lur','','','A741','M',178,0,'GII'),
(478,'Charli','','','A655','L',63,0,'GII'),
(479,'Lia','','','1563','L',304,0,'GII'),
(480,'Nica','','','A875','S',157,0,'GII'),
(482,'Ursus','','','','S',184,0,'GII'),
(483,'Ela','','','A618','S',363,0,'GII'),
(484,'Lua','','','A786','S',61,0,'GII'),
(485,'Wembley','','','A769','S',76,0,'GII'),
(486,'Rikke','','','','S',62,0,'GII'),
(487,'Imo','','','A631','M',229,0,'GII'),
(488,'Alpargata','Perro de Aguas Español','','A606','M',152,0,'GII'),
(489,'Lucky Luque','Caniche','','A766','S',195,0,'GIII'),
(490,'Salma','','','A521','S',222,0,'GII'),
(491,'Dracma','','','A626','S',138,0,'GII'),
(492,'Jade','Border Collie','','A629','L',225,0,'GIII'),
(493,'Rinoa','Border Collie','','A447','L',325,0,'GIII'),
(494,'Chus','','','934','L',225,0,'GIII'),
(495,'Gala','Border Collie','','A674','L',127,0,'GIII'),
(496,'Chamán','Border Collie','','A262','L',386,0,'GIII'),
(497,'Koira','','','A252','L',326,0,'GIII'),
(498,'Kobu','Brazillian Terrier','','A806','M',187,0,'GIII'),
(499,'Zeus','Cocker Americano','','A139','M',325,0,'GIII'),
(500,'Gea','','','A175','M',629,0,'GII'),
(501,'Sacha','Perro de Aguas Español','','A632','M',167,0,'GIII'),
(502,'Fran','Perro de Aguas Español','','A028','M',116,0,'GIII'),
(503,'Peka','Border Collie','','A291','M',291,0,'GIII'),
(504,'Time','Beagle','','A571','M',416,0,'GIII'),
(505,'Alma','Pastor de los Pirineos','','874','M',136,0,'GIII'),
(506,'Kira','','','A600','S',30,0,'GIII'),
(507,'Cleo','Spitz Aleman Enano','','A152','S',85,0,'GIII'),
(508,'Luna','Spitz Enano','','0956','S',85,0,'GIII'),
(509,'Nika','Cocker Americano','','A082','S',325,0,'GIII'),
(510,'Quenn','Palleiro','','','M',47,0,'GI'),
(511,'Gala','Pastor Alemán','','','L',40,0,'GI'),
(512,'Moly','Jack Rusell','','1633','S',194,0,'GII'),
(513,'Vali','Border Collie','','A811','L',9,0,'GII'),
(514,'Isis','Border Collie','','A981','L',471,0,'GI'),
(515,'Darco','Beagle','','','M',46,0,'GI'),
(516,'Bruce','Ratonero Bodeguero Andaluz','','A813','M',230,0,'GII'),
(517,'Nut','Pastor Belga Malinoise','','A-886','L',162,0,'GII'),
(518,'Lluna','Border Collie','','','L',459,0,'GI'),
(519,'Dunah','Cocker Spaniel','','A635','M',28,0,'GII'),
(520,'Aska','Border Collie','','A899','L',306,0,'GII'),
(521,'Buck','Border Collie','','A877','L',81,0,'GII'),
(522,'Merche','Schnauzer Gigante','','A898','L',303,0,'GII'),
(523,'Bambú','Border Collie','','','L',217,0,'GI'),
(524,'King','Caniche Toy','','A683','S',263,0,'GIII'),
(525,'Toxo','','','A677','S',277,0,'GII'),
(526,'Newton','','','','L',137,0,'GII'),
(527,'Cala','Bearded Collie','','A697','L',293,0,'GII'),
(528,'Onna','','','','L',356,0,'GII'),
(529,'Trasgo','','','A650','L',171,0,'GII'),
(530,'Samba','','','A702','M',385,0,'GII'),
(531,'Charlie','','','A532','S',385,0,'GIII'),
(532,'Alan','Galgo','','','L',190,0,'GI'),
(533,'Moly','','','1621','L',70,0,'GII'),
(534,'Pipa','','','A718','S',297,0,'GII'),
(535,'Chola','Cocker Spaniel','','A691','M',329,0,'GII'),
(536,'Blue','','','','S',21,0,'GI'),
(537,'Fly','Border Collie','','A826','L',180,0,'GIII'),
(538,'Sira','','','','L',338,0,'GII'),
(539,'Xhyla','','','A711','L',108,0,'GII'),
(540,'Lua','','','A689','M',108,0,'GII'),
(541,'Deva','','','','L',451,0,'GI'),
(542,'Duna','','','','L',158,0,'GI'),
(543,'Jefrelú','','','','L',94,0,'GI'),
(544,'Lumy','','','1617','L',24,0,'GII'),
(545,'Magui','Border Collie','','1639','L',94,0,'GII'),
(546,'Trenty','','','','L',322,0,'GI'),
(547,'Xana','Golden Retriever','','','L',368,0,'GI'),
(548,'Zoe','Border Collie','','','L',134,0,'GI'),
(549,'Zoe','','','','L',156,0,'GI'),
(550,'Eria','','','','-',599,0,'P.A.'),
(551,'Tinka','Westie','','','S',342,0,'GI'),
(552,'Blue','Border Collie','','1572','L',346,0,'GII'),
(553,'Dana','Border Collie','','A688','L',346,0,'GII'),
(554,'Phoebe','Border Collie','','A690','L',196,0,'GII'),
(555,'Sella','','','','L',94,0,'GI'),
(556,'botinera','','','','L',466,0,'GI'),
(558,'Rumba','','','','L',467,0,'GI'),
(559,'Perla','Yorkshire','','','S',488,0,'GII'),
(560,'Arturo','Mestizo','','1660','S',477,0,'GII'),
(561,'Yara','','','','L',489,0,'GI'),
(562,'Arya','','','','L',399,0,'P.A.'),
(563,'Sasha','','','','L',490,0,'P.A.'),
(564,'Zar','','','','L',491,0,'P.A.'),
(565,'Lillo','Jack Russel','','','S',492,0,'GI'),
(566,'Amy','','','','L',493,0,'P.A.'),
(567,'Dana','','','','L',493,0,'P.A.'),
(568,'Golfo','','','','L',494,0,'P.A.'),
(569,'Ron','','','','L',494,0,'P.A.'),
(570,'Putt','','','','L',371,0,'P.A.'),
(571,'Onza','PDAE','','','M',496,0,'GI'),
(572,'Sancho','','','','M',497,0,'P.A.'),
(573,'Manzanillo','','','','S',498,0,'GI'),
(574,'Arwen','','','','L',473,0,'GI'),
(575,'Nashira','Border Collie','','A903','L',499,0,'GII'),
(576,'Chuli','Border Collie','','','L',482,0,'GII'),
(577,'Skye','Border Collie','','','L',500,0,'GII'),
(581,'Lady','','','','L',501,0,'P.A.'),
(582,'Zoe','','','','L',502,0,'P.A.'),
(583,'Tabu','','','','L',491,0,'P.A.'),
(584,'Ursula','Jack Russel','','A840','S',478,0,'GII'),
(585,'Ari','Border Collie','','A894','L',468,0,'GII'),
(586,'Hippie','Ratonero Valenciano','','','M',504,0,'GI'),
(587,'Mara','Schnauzer','','','S',472,0,'GI'),
(588,'Greta','Cocker Spaniel','','B028','M',505,0,'GII'),
(589,'Iris','Border Collie','','','L',424,0,'GII'),
(590,'Bruni','Border Collie','','','L',506,0,'GI'),
(591,'Dana','Border Collie','','','L',507,0,'GI'),
(592,'Lua','Mestizo','','','L',508,0,'GI'),
(593,'Ada','Mestizo','','1647','L',475,0,'GII'),
(594,'Mashel','Jack Russel','','A931','S',474,0,'GII'),
(595,'Lola','Whippet','','','M',509,0,'GI'),
(596,'Moly','Border Collie','','','L',7,0,'GI'),
(597,'Coco','Labrador Retriever','','','L',510,0,'GI'),
(598,'Nika','Border Collie','','A821','L',140,0,'GII'),
(599,'Cayenne','Border Collie','','28123','L',511,0,'GIII'),
(600,'Etna','Border Collie','','34873','L',512,0,'GIII'),
(601,'Lee-Ann','Border Colliie','','A986','L',197,0,'GII'),
(602,'Sucre','Border Collie','','A920','L',5,0,'GII'),
(603,'Killa','Mestizo','','Pendiente','L',513,0,'GII'),
(604,'Mizar','Border Collie','','','L',514,0,'GI'),
(605,'Hera','Border Collie','','','L',483,0,'GI'),
(606,'Nora','P.B. Malinoise','','A305','L',515,0,'GII'),
(607,'Hela','Border Collie','','A836','L',92,0,'GIII'),
(608,'Sendy','Border Collie','','A926','L',487,0,'GII'),
(609,'Lumbre','Border Collie','','A932','L',485,0,'GII'),
(610,'Baddy','Border Collie','','','L',481,0,'GII'),
(612,'Ginn','Pastor del Pirineo','','','M',516,0,'GI'),
(613,'Quillo','Pastor del Pirineo','','A904','M',516,0,'GII'),
(614,'Ben','Caniche Enano','','A928','S',517,0,'GIII'),
(615,'Winnie','Pastor del Pirineo','','A929','M',517,0,'GIII'),
(616,'Mika','Mestizo','','','S',518,0,'GI'),
(617,'Wendy','Mestizo','','','M',519,0,'GI'),
(618,'Thais','Labrador','','1640','L',469,0,'GII'),
(620,'Arya','','','','L',520,0,'P.A.'),
(621,'Iris','','','','L',521,0,'P.A.'),
(622,'Truco','Border Collie','','','L',522,0,'GI'),
(623,'Nubia','Pastor Alemán','','A-309','L',276,0,'GII'),
(624,'Bora','Border Collie','','','L',465,0,'GI'),
(625,'Knut','','','','L',523,0,'GI'),
(626,'Hera','Border Collie','','','L',523,0,'GII'),
(627,'Arashi','','','','L',207,0,'P.A.'),
(628,'Shiva','','','','L',40,0,'P.A.'),
(629,'Vash','','','','L',220,0,'GI'),
(630,'Coba','Border Collie','','','L',524,0,'P.A.'),
(631,'Yoda','','','','L',526,0,'P.A.'),
(632,'Parche','','','','L',525,0,'P.A.'),
(633,'Asics','Pastor Belga Malinois','','','L',312,0,'GI'),
(634,'Menta','Border Collie','','A450','L',476,0,'GII'),
(635,'Turco','Perro de Agua Español','','A643','M',175,0,'GIII'),
(636,'Witzig','Pastor Pirineos','','','M',331,0,'GII'),
(637,'Lis','Border Collie','','','L',527,0,'GI'),
(639,'Boss','Border Collie','','','L',111,0,'GI'),
(640,'Nueve','West Highland','','','S',528,0,'GI'),
(641,'Neo','Border Collie','','','L',529,0,'GI'),
(642,'Charly','Jack Rusell','','B041','S',101,0,'GII'),
(643,'Wiki','Borde Collie','','A941','L',39,0,'GII'),
(644,'Boss','Border Collie','','797','L',530,0,'GI'),
(646,'Nora','Border Coliie','','A624','L',265,0,'GII'),
(647,'Maggie','Border Collie','','A817','L',406,0,'GIII'),
(648,'karioka','','','A534','L',35,0,'GIII'),
(649,'Nikita','P.B. Malinoise','','A087','L',532,0,'GIII'),
(651,'Laila','P. B. Groenendael','','A592','L',292,0,'GIII'),
(652,'Panza-Ulima','Perro de Aguas Español','','A614','M',189,0,'GIII'),
(653,'Mixta','Chihuahua','','A842','S',533,0,'GIII'),
(654,'Bandido','Perro de Aguas Español','','A983','L',534,0,'GII'),
(655,'Ringo','','','','L',535,0,'GI'),
(656,'Flipi','','','','L',536,0,'GI'),
(657,'kas','Border Collie','','','L',323,0,'GI'),
(658,'ChanChan','Border Collie','','','L',77,0,'GI'),
(659,'Cherry de Ydre','P.B. Malinoise','','','L',32,0,'GII'),
(660,'Uma','','','','L',537,0,'GI'),
(661,'Olivia','','','','L',538,0,'GI'),
(662,'Cinza','Border Collie','','','L',411,0,'GI'),
(663,'Turka','Perro de Aguas Español','','1665','M',539,0,'GI'),
(664,'Merak','Schnauzer miniatura','','','M',145,0,'GI'),
(665,'Nixon','','','','M',540,0,'GI'),
(666,'Coco','','','','S',541,0,'GI'),
(667,'Chispa','','','','S',542,0,'GI'),
(668,'Ammy','Parson Russel Terrier','','A953','S',112,0,'GII'),
(669,'Hachi','Shetland SheepDog','','A805','S',543,0,'GII'),
(670,'Mambo','Caniche','','A892','S',544,0,'GII'),
(671,'Coco','Schnauzer','','941','S',64,0,'GII'),
(672,'Match','Sheetland SheepDog','','A665','M',233,0,'GII'),
(673,'Mía','Perro de Aguas Español','','','M',545,0,'GII'),
(674,'Ness','Border Collie','','A800','L',546,0,'GII'),
(675,'Roxo','Labrador Retriever','','1644','L',547,0,'GII'),
(676,'Blue','Border Collie','','A630','L',548,0,'GII'),
(677,'Zaila','Border Collie','','A897','L',549,0,'GII'),
(678,'Indi','Border Collie','','A801','L',543,0,'GII'),
(679,'Bela','Border Collie','','A890','L',233,0,'GII'),
(680,'Noara','Labrador Retriever','','A924','L',550,0,'GII'),
(681,'Xesta','Border Collie','','A948','L',277,0,'GII'),
(682,'Ska','Border Collie','','A888','L',181,0,'GII'),
(683,'Luke','Border Collie','','A935','L',551,0,'GII'),
(684,'Blue Jazz','Border Collie','','A854','L',182,0,'GII'),
(685,'Hanna','','','','M',424,0,'P.A.'),
(686,'Ella','','','','S',552,0,'GI'),
(687,'Mía','','','','S',552,0,'P.A.'),
(688,'Luna','','','','L',553,0,'GI'),
(689,'Nala','','','','L',553,0,'GI'),
(690,'Sacha','','','','L',554,0,'P.A.'),
(691,'Guru','','','','L',555,0,'GI'),
(692,'Beltxi','','','','S',556,0,'GI'),
(693,'Maly','','','','M',557,0,'GI'),
(695,'Sombra','','','B009','L',559,0,'GII'),
(697,'Siux','','','','L',326,0,'GI'),
(698,'Xenna','','','','L',560,0,'GI'),
(699,'Belatz','','','','L',561,0,'GI'),
(700,'Stella Maris','P.B. Groenendael','','','L',562,0,'GI'),
(701,'Shura','','','','L',563,0,'GI'),
(702,'Marea','','','','L',564,0,'GI'),
(703,'Onyx','','','','M',565,0,'GI'),
(704,'Sweet','','','','M',566,0,'GI'),
(705,'Kenua','','','','M',567,0,'GI'),
(706,'Kalesy','','','','S',568,0,'GI'),
(707,'Cheroky','Border Collie','','A736','L',569,0,'GII'),
(708,'Alteza','','','','L',35,0,'GII'),
(709,'Tato','','','A893','L',232,0,'GII'),
(710,'Malú','','','A882','L',570,0,'GII'),
(711,'Lía','','','A813','L',189,0,'GII'),
(712,'Shoyer','','','A476','L',123,0,'GII'),
(713,'Fox','Border Collie','','','L',360,0,'GII'),
(714,'Gala','Border Collie','','A500','L',571,0,'GIII'),
(715,'Cuco','','','1555','L',91,0,'GII'),
(716,'Patxi','Border Collie','','A668','L',290,0,'GII'),
(717,'Luna','','','1643','L',572,0,'GII'),
(718,'Izar','','','A943','L',573,0,'GII'),
(719,'Mitsuko Kika','Border Collie','','','L',143,0,'GII'),
(720,'Duncan','Border Collie','','A684','L',574,0,'GII'),
(721,'Tom','P.B. Groenendael','','1648','L',575,0,'GII'),
(722,'Hiru','','','A601','L',576,0,'GII'),
(723,'Gamberro','Perro de Aguas Español','','','L',380,0,'GII'),
(724,'Coba','','','','L',380,0,'GII'),
(725,'Argón','','','A488','L',577,0,'GII'),
(726,'Sira','Pastor Belga','','A968','L',578,0,'GII'),
(727,'Xari','','','','L',63,0,'GII'),
(728,'Peke','','','A883','M',19,0,'GII'),
(729,'Banda','','','A834','M',10,0,'GII'),
(730,'Audrey','','','A849','M',579,0,'GII'),
(731,'Lug','','','A841','M',138,0,'GII'),
(732,'Rumba','Schnauzer miniatura','','A972','M',580,0,'GII'),
(733,'Shira','','','A960','M',581,0,'GII'),
(734,'Nana','','','A912','S',157,0,'GII'),
(735,'Ava','Caniche','','A667','S',583,0,'GII'),
(736,'Alegra','Papillon','','A258','S',360,0,'GIII'),
(737,'Simona','','','A971','S',584,0,'GII'),
(738,'Ray','Pinscher','','1622','S',561,0,'GII'),
(739,'Bruno','','','A951','S',585,0,'GII'),
(740,'Lua','','','A729','L',586,0,'GIII'),
(741,'Maqui','','','1575','L',251,0,'GIII'),
(742,'Shiro','Shetland Sheepdog','','A799','M',587,0,'GIII'),
(743,'Kenia','Parson Russel Terrier','','A686','S',267,0,'GIII'),
(744,'Zuri','Border Collie','','A952','L',158,0,'GII'),
(748,'Cora','Border Collie','','','L',588,0,'GI'),
(751,'Bosco','','','1664','L',590,0,'GII'),
(752,'Pincho','Jack Rusell','','A819','S',591,0,'GII'),
(753,'Lío','Chihuahua','','','S',592,0,'GI'),
(754,'Thor','Border Collie','','','L',593,0,'P.A.'),
(755,'Bella','Border Collie','','','L',594,0,'GI'),
(756,'Castañuela','Perro de aguas','','','S',595,0,'P.A.'),
(757,'Kata','','','','S',601,0,'P.A.'),
(758,'Tasha','Border collie','','','L',596,0,'P.A.'),
(759,'Loli','Carea Leonés','','','L',597,0,'GII'),
(760,'Mía','Border Collie','','','L',598,0,'GI'),
(761,'Xaiden','','','','M',598,0,'P.A.'),
(764,'Bowie','','','','L',600,0,'P.A.'),
(765,'Naia','Border collie','','','L',602,0,'P.A.'),
(766,'Tana','Border collie','','','L',603,0,'P.A.'),
(767,'Penny','Pincher','','','M',604,0,'P.A.'),
(768,'Dobra','Border collie','','','M',451,0,'GI'),
(769,'Alvaro','Border collie','','','L',606,0,'GI'),
(770,'Frida','Labrador','','','M',607,0,'P.A.'),
(771,'Frida','','','','M',607,0,'P.A.'),
(772,'Trancas','Schnauzer','','','M',608,0,'P.A.'),
(773,'Kena','Border collie','','','M',609,0,'P.A.'),
(774,'Atila','','','','M',610,0,'P.A.'),
(776,'Nuka','Jack Russell','','','S',613,0,'GI'),
(777,'Puka','Westie','','1612','S',613,0,'GII'),
(778,'Suko','Bóxer','','A873','L',611,0,'GII'),
(779,'Senda','','','','S',611,0,'P.A.'),
(780,'Cloe','Border Collie','','','S',368,0,'P.A.'),
(781,'Yachie','','','','S',612,0,'P.A.'),
(782,'Yuna','Perro de aguas','','','M',614,0,'GI'),
(783,'Zoe','Border collie','','','M',614,0,'GI'),
(784,'Uka','','','A749','L',615,0,'GII'),
(785,'Honta','','','A748','L',615,0,'GII'),
(786,'Kira','','','','L',616,0,'GI'),
(788,'Tute','Border collie','','','M',617,0,'P.A.'),
(789,'Daxa','','','A862','L',618,0,'GII'),
(791,'Candela','','','','L',619,0,'GII'),
(793,'Baxter','','','','L',620,0,'GI'),
(794,'Mika','','','','M',621,0,'GI'),
(795,'Seven','','','','L',622,0,'GI'),
(797,'Miga','','','','S',623,0,'GI'),
(798,'Troita','','','','S',623,0,'P.A.'),
(799,'Gen','','','','S',624,0,'P.A.'),
(800,'Berna','','','','S',624,0,'P.A.'),
(801,'Dana','','','','M',625,0,'GI'),
(802,'Baffy','','','','S',626,0,'P.A.'),
(803,'Mia','','','','M',622,0,'P.A.'),
(804,'Luna','Border collie','','','L',627,0,'GI'),
(805,'Kenia','Shetland','','','M',567,0,'GI'),
(806,'Beta','','','','S',268,0,'GI'),
(807,'Enzo','','','A942','S',628,0,'GII'),
(808,'Duna','Labrador','','','L',630,0,'GII'),
(809,'Gyiro','','Labrador','A966','L',631,0,'GII'),
(810,'Gustavo','Shetland','','','S',628,0,'GI'),
(811,'Yuen','Border collie','','','S',307,0,'P.A.'),
(812,'Argi','','','','L',632,0,'GI'),
(813,'Mendi','Border collie','','','L',633,0,'GI'),
(814,'Xena','Border collie','','','L',560,0,'GI'),
(815,'Frankie','Beagle','','','M',634,0,'GI'),
(816,'Hartza','Beagle','','','M',635,0,'GI'),
(818,'Luna','','','','L',636,0,'GI'),
(819,'Shiva','Border collie','','','L',637,0,'GI'),
(821,'Luka','Westie','','A721','S',638,0,'GII'),
(822,'Kyo','Bull terrier','','','S',639,0,'P.A.'),
(823,'Aker','PDAE','','','S',640,0,'P.A.'),
(824,'Laski','','','','S',641,0,'P.A.'),
(825,'India','Doberman','','','S',642,0,'P.A.'),
(827,'Oli','Border collie','','','S',643,0,'P.A.'),
(828,'Mafalda','Bull terrier','','','S',644,0,'P.A.'),
(829,'Logan','Shetland','','','S',639,0,'P.A.'),
(830,'Kira','Border collie','','','S',645,0,'P.A.'),
(831,'Alai','Border collie','','','S',646,0,'P.A.'),
(832,'Beltz','Border collie','','','S',647,0,'P.A.'),
(833,'Georgina','Border collie','','','S',648,0,'P.A.'),
(834,'Oker','Border collie','','','S',649,0,'P.A.'),
(835,'Wanda','Caniche','','','S',650,0,'P.A.'),
(836,'Pepa','PDAE','','','S',651,0,'P.A.'),
(837,'Sua','Border collie','','','S',652,0,'P.A.'),
(838,'Log','','','','S',653,0,'P.A.'),
(839,'Leslie','Jack Russell','','','S',654,0,'P.A.'),
(841,'Charlie','Border collie','','','M',655,0,'P.A.'),
(842,'Cheroky','','','A736','L',1,0,'GII'),
(843,'Inca','','','1652','L',656,0,'GII'),
(844,'Erinka','Papillon','','A716','S',657,0,'GIII'),
(845,'Nora','PDA','','','M',658,0,'GI'),
(846,'Zain','Border collie','','','L',659,0,'GI'),
(847,'Bruno','PAE','','','L',660,0,'GI'),
(848,'Buzz','Teckel','','','S',661,0,'GI'),
(849,'Kenia','Galgo italiano','','','S',662,0,'GI'),
(850,'Urki','Border collie','','','L',663,0,'GI'),
(851,'Rita','Jack rusell','','','S',664,0,'GI'),
(852,'Thera','Carlino','','A720','S',665,0,'GII'),
(853,'Illun','Border collie','','1610','L',666,0,'GII'),
(854,'Bubu','Caniche','','A934','S',667,0,'GII'),
(855,'Oker','','','','L',668,0,'GII'),
(856,'Carbin','Border collie','','','S',669,0,'P.A.'),
(857,'Tor','Labrador','','','S',670,0,'P.A.'),
(858,'Bart','Border collie','','','S',671,0,'P.A.'),
(859,'Bimba','','','','S',70,0,'P.A.'),
(861,'Trufa','PDAE','','','S',672,0,'P.A.'),
(862,'Bellita','Chihuahua','','','S',673,0,'P.A.'),
(863,'Noa','','','','M',674,0,'P.A.'),
(864,'Rufo','P.Bree','','','M',675,0,'P.A.'),
(865,'Ringo','Carea leonés','','1663','L',676,0,'GII'),
(866,'Musa','Carea leonés','','','L',677,0,'GI'),
(867,'Llum','Carea leonés','','1556','L',677,0,'GII'),
(868,'Wally','Parson terrier','','','M',678,0,'P.A.'),
(869,'Peque','PDAE','','B015','M',383,0,'GII'),
(870,'Noa','','','','L',679,0,'GI'),
(871,'Lur','','','A741','M',1,0,'GII'),
(872,'Oker','','','A915','L',680,0,'GII'),
(873,'Lola','','','','S',681,0,'GI'),
(874,'Chispa','','','','S',682,0,'P.A.'),
(875,'Bruck','','','A939','L',683,0,'GII'),
(876,'Maclaren','','','','L',329,0,'GI'),
(877,'Aiss','','','','S',338,0,'P.A.'),
(878,'Button','','','','S',684,0,'P.A.'),
(879,'Sella','','','','-',539,0,'P.A.'),
(880,'Sonic','Border collie','','','L',685,0,'GI'),
(881,'Neco','PDA','','','L',686,0,'GIII'),
(882,'Onix','Border collie','','','S',687,0,'P.A.'),
(883,'Llan','Border collie','','','S',686,0,'P.A.'),
(884,'Lola','Shetland','','','S',385,0,'P.A.'),
(885,'India','Border collie','','','S',689,0,'P.A.'),
(886,'Pitu','Schauzer','','A977','S',690,0,'GII'),
(887,'Neo','','','','L',691,0,'GII'),
(888,'Brown','Border collie','','','L',692,0,'GII'),
(889,'Ghost','Border collie','','','L',693,0,'GI'),
(890,'Noa','Border collie','','','L',689,0,'GI'),
(891,'Hera','Border collie','','','L',687,0,'GI'),
(892,'Kenji','Border collie','','','L',694,0,'GI'),
(893,'Gru','Shetland','','','L',171,0,'GI'),
(894,'Truffa','Schauzer','','','M',695,0,'GI'),
(895,'Dream','Border collie','','','M',696,0,'GI'),
(896,'Lala','','','','L',697,0,'GII'),
(897,'Marnie blue','','','','L',697,0,'GI'),
(898,'Onza','','','','L',698,0,'GI'),
(899,'Bhoni','','','','L',699,0,'P.A.'),
(900,'Cus-cus','Shetland','','','S',229,0,'P.A.'),
(901,'Cacao','PDAE','','','M',152,0,'P.A.'),
(902,'Kimy','','','','-',616,0,'P.A.'),
(903,'Rafa','','','','L',346,0,'GI'),
(904,'Naima','','','','L',700,0,'GI'),
(905,'Roy','','','','M',701,0,'P.A.'),
(906,'Nai','','','A687','L',702,0,'GII'),
(907,'Candela','Perro de Aguas Español','','','M',703,0,'GI'),
(908,'Bolisa','Papillon','','','S',228,0,'P.A.'),
(909,'Deva','Border Collie','','','L',435,0,'GI'),
(910,'chica','Pastor Aleman','','1620','L',704,0,'GII'),
(911,'Crunch','Border Collie','','A954','L',705,0,'GII'),
(912,'Hada','Border Collie','','A329','L',426,0,'GII'),
(913,'Ibra','Border Collie','','A698','L',274,0,'GII'),
(914,'sky','Golden Retriever','','A700','L',706,0,'GII'),
(915,'Tacas','Border Collie','','A404','L',125,0,'GII'),
(916,'Teo','Border Collie','','A153','L',125,0,'GII'),
(917,'Baldufa','Pastor de los Pirineos','','1624','M',707,0,'GII'),
(918,'Lara Croft','Shetland Sheepdog','','A640','M',128,0,'GII'),
(919,'Viitta','Pastor de los Pirineos','','','M',55,0,'GII'),
(920,'Nina','Teckel','','A685','S',708,0,'GII'),
(921,'Roma','Jack Russel','','A869','S',709,0,'GII'),
(922,'Nube','Perro de Aguas Español','','','L',710,0,'GI'),
(923,'Bruce','Schnauzer miniatura','','','M',711,0,'GI'),
(924,'Cora','P.B. Groenendael','','A839','L',712,0,'GII'),
(925,'Golfa','Setter','','A837','L',713,0,'GII'),
(926,'Taboo','Pastor de los pirineos','','A859','M',714,0,'GII'),
(927,'Nina','Papillon','','','S',120,0,'GI'),
(928,'Wifi','Schipperke','','1568','S',715,0,'GII'),
(929,'Pati','Border Collie','','','L',428,0,'GI'),
(930,'Obelix','Bearded Collie','','','L',716,0,'GII'),
(932,'Honey','Shetland sheepdog','','','M',717,0,'GI'),
(933,'Scott','','','','M',718,0,'GII'),
(934,'klaus','Cavalier KCS','','','S',288,0,'GI'),
(936,'Nami','','','','S',719,0,'GI'),
(937,'Mel','Caniche','','A705','S',720,0,'GII'),
(938,'Xena','Schnauzer miniatura','','A706','S',721,0,'GII'),
(939,'Geluk','','','','L',722,0,'GI'),
(940,'Inox del Fluvi','Rough Collie','','','L',723,0,'GII'),
(941,'Mind','Border Collie','','','L',27,0,'GII'),
(942,'Titania del Fluvi','Rough Collie','','A745','L',724,0,'GII'),
(943,'Maoui','Carea Leones','','1575','L',251,0,'GIII'),
(944,'Chepe','P.B. Tervueren','','A676','L',103,0,'GII'),
(945,'Gina-Jolie','P.B. Tervueren','','988','L',345,0,'GII'),
(946,'Onix','Sheetland sheepdog','','B019','M',565,0,'GII'),
(947,'Sugar','Bearded Collie','','A710','L',725,0,'GII'),
(948,'kibu','Tibetan Terrier','','','M',725,0,'GI'),
(949,'Perla','Caniche','','A595','S',65,0,'GII'),
(950,'Bye','Border Collie','','','L',726,0,'GI'),
(951,'Chiqui','Pastor Belga','','A512','L',417,0,'GIII'),
(952,'Diva','Shetland Sheepdog','','','M',727,0,'GI'),
(953,'Tana','Shetlan sheepdog','','','S',728,0,'GI'),
(954,'Beauty','Border Collie','','A823','L',352,0,'GII'),
(955,'Memphis','Border Collie','','A658','L',261,0,'GII'),
(956,'Noa','Schnauzer','','','M',729,0,'GII'),
(957,'Swing','Schnauzer','','','S',730,0,'GI'),
(958,'Eiden','','','A756','L',731,0,'GII'),
(959,'Roy','P.B. Malinoise','','A860','L',732,0,'GII'),
(960,'Aileen','Border Collie','','','M',733,0,'GI'),
(961,'Megan','Shetland sheepdog','','A731','M',403,0,'GII'),
(962,'Cigro','','','','L',734,0,'GI'),
(963,'Meibis','Border Collie','','','L',735,0,'GI'),
(964,'Himaya','P.B. Malinoise','','A709','L',736,0,'GII'),
(965,'Sam','P.B. Malinoise','','651','L',737,0,'GII'),
(966,'zoeh','','','1613','L',738,0,'GII'),
(967,'Chico','','','','S',738,0,'GII'),
(968,'Artillera','Perro de Aguas Español','','A901','M',372,0,'GIII'),
(969,'Tirillas','Border Collie','','A782','L',241,0,'GIII'),
(970,'kenia','Border Collie','','','L',739,0,'GI'),
(971,'Thai','','','','L',219,0,'GI'),
(972,'Simón','','','','L',740,0,'GI'),
(973,'Bruss','Labrador Retriever','','','L',469,0,'GI'),
(977,'Keiko','Shar Pei','','','L',335,0,'GI'),
(979,'Uca','Border Collie','','','L',741,0,'GI'),
(980,'Yoshy','Samoyedo','','','L',742,0,'GI'),
(981,'Zeta','','','','L',308,0,'GI'),
(982,'Bella','Beagle','','','M',743,0,'GI'),
(983,'Cia','','','','L',741,0,'P.A.'),
(984,'Tierra','','','','L',744,0,'P.A.'),
(985,'Sweet','Shetland sheepdog','','','M',745,0,'P.A.'),
(986,'Bruja','Border Collie','','B031','L',192,0,'GII'),
(987,'Xendy','Border Collie','','','L',746,0,'GI'),
(988,'Donna','','','A796','L',747,0,'GII'),
(989,'Coco','Labrador Retriever','','','L',748,0,'GI'),
(990,'Tugba','Labrador Retriever','','','L',749,0,'GI'),
(991,'Remigio','Sussex Spaniel','','','M',750,0,'GI'),
(992,'Daisy','','','','L',751,0,'P.A.'),
(993,'Laska','','','','L',752,0,'P.A.'),
(994,'Momo','Border Collie','','','L',753,0,'GI'),
(995,'Sally','Perro de Aguas Español','','B042','M',109,0,'GII'),
(996,'Dama','Fox Terrier Wire','','2014990020P000000003','S',754,1,'GII'),
(997,'Rocky','','','C00933','S',755,2,'P.A.'),
(999,'Asshai','','','C00952','S',756,2,'P.A.'),
(1000,'Dana','','','C00723','S',757,2,'P.A.'),
(1001,'Kyra','','','C00953','M',758,2,'P.A.'),
(1002,'Brugal','','','C00928','M',759,2,'P.A.'),
(1003,'Bala','','','C00983','M',760,2,'P.A.'),
(1004,'Dexter','','','C00955','L',761,2,'P.A.'),
(1005,'Maya','','','C00859','L',762,2,'P.A.'),
(1006,'Ares','','','C00931','L',763,2,'P.A.'),
(1007,'Trasto','','','C00930','L',764,2,'P.A.'),
(1008,'Canela','','','C00932','L',765,2,'P.A.'),
(1009,'Arpa','','','C00024C','M',766,2,'GI'),
(1010,'Onza','','','C00849','M',767,2,'GI'),
(1011,'Nella','','','C00884','M',768,2,'GI'),
(1012,'Lis','','','C00805','M',769,2,'GI'),
(1013,'Alpha','','','C00954','L',770,2,'GI'),
(1014,'Truco','','','C00739','L',771,2,'GI'),
(1015,'Vasch','','','C00866B','L',772,2,'GI'),
(1016,'Loghan','','','C00355B','L',773,2,'GI'),
(1017,'Honney','','','C00945','L',774,2,'GI'),
(1018,'Rigo','','','C00944','L',775,2,'GI'),
(1019,'Zoe','','','C00914','L',776,2,'GI'),
(1020,'Maddy','','','C00929','L',777,2,'GI'),
(1021,'Kiko','','','C00855','L',778,2,'GI'),
(1022,'Dante','','','C00788','L',779,2,'GI'),
(1023,'Pipa','','','C00787','L',780,2,'GI'),
(1024,'Hera','','','C00409B','M',781,2,'GII'),
(1025,'Maggie','','','C00505B','M',782,2,'GII'),
(1026,'Gurú','','','C00622','M',783,2,'GII'),
(1027,'Bimba','','','C00314','M',784,2,'GII'),
(1028,'Lucas','','','C00659','M',785,2,'GII'),
(1029,'Nut','','','C00131','M',786,2,'GII'),
(1030,'Magic Black','','','C00366','M',787,2,'GII'),
(1031,'Coronita','','','C00134','M',788,2,'GII'),
(1032,'Thais','','','C00865B','L',789,2,'GII'),
(1033,'Knut','','','C00409C','L',781,2,'GII'),
(1034,'Lisa','','','C00505','L',782,2,'GII'),
(1035,'Ori','','','C00063','L',790,2,'GII'),
(1036,'Xannda','','','C00752','L',791,2,'GII'),
(1037,'Soma','','','C00749','L',792,2,'GII'),
(1038,'Assucar','','','C00733B','L',793,2,'GII'),
(1039,'Beltxi','','','C00850','T',794,2,'GI'),
(1040,'Mika','','','C00703','T',795,2,'GI'),
(1041,'Pepe','','','C00706','T',796,2,'GI'),
(1042,'Dana','','','C00063B','S',790,2,'GI'),
(1043,'Greta','','','C00979','S',797,2,'GI'),
(1044,'Samba','','','C00751','S',798,2,'GI'),
(1045,'Ra','','','C00664B','S',799,2,'GI'),
(1046,'Sayuri','','','C00733C','S',793,2,'GI'),
(1047,'Seni','','','C00675B','S',800,2,'GI'),
(1048,'Duma','','','C00675','S',800,2,'GI'),
(1049,'Toska','','','C00866','M',772,2,'GI'),
(1050,'Layla','','','C00946','M',801,2,'GI'),
(1051,'Ada','','','C00424','T',802,2,'GII'),
(1052,'Ursula','','','C00851','T',803,2,'GII'),
(1053,'Lennon','','','C00355','T',773,2,'GII'),
(1054,'Isis','','','C00623','T',804,2,'GII'),
(1055,'Anubis','','','C00623B','T',804,2,'GII'),
(1056,'Ella','','','C00621','T',805,2,'GII'),
(1057,'Mía','','','C00621B','T',805,2,'GII'),
(1058,'Manzanillo','','','C00750','T',806,2,'GII'),
(1059,'Swing','','','C00697','S',807,2,'GII'),
(1060,'Greta','','','C00755','S',808,2,'GII'),
(1061,'Trufa','','','C00670','S',809,2,'GII'),
(1062,'Wendy','','','C00731','S',810,2,'GII'),
(1063,'Flaca','','','C00134B','S',788,2,'GII'),
(1064,'Chuly','','','C00728','M',811,2,'GII'),
(1065,'Kira','','','C00297','M',812,2,'GII'),
(1066,'Onís','','','C00860','M',813,2,'GII'),
(1067,'Geha','','','C00848','M',814,2,'GII'),
(1068,'Daisy','','','','M',815,0,'GI'),
(1069,'Vega','','','','L',816,0,'GI'),
(1070,'Greta','','','','L',817,0,'GI'),
(1071,'Kiko','','','','L',818,0,'GI'),
(1072,'Sayuri','','','','M',269,0,'GI'),
(1073,'Mika','','','20144990017P000000004','T',819,1,'GI'),
(1074,'Dana','','','','S',820,1,'GI'),
(1075,'Shishuk','','','','L',821,1,'GI'),
(1076,'Alpha','','','2015990053P000000001','L',822,1,'GI'),
(1077,'Asshay','Sheetland Sheepdog','','2015990053P000000004','S',823,1,'P.A.'),
(1078,'Thelma','','','','L',824,1,'GI'),
(1079,'Mady','','','2015990016P000000005','L',825,1,'GI'),
(1080,'kira','','','2015990049P000000005','M',826,1,'P.A.'),
(1081,'Sparrow','Labrador Retriever','','2015990049P000000006','M',827,1,'P.A.'),
(1082,'Zizou','Border Collie','','2015990049P000000004','M',828,1,'P.A.'),
(1083,'Noah','Golden Retriever','','2015990049P000000003','L',829,1,'P.A.'),
(1084,'Spies','Mestizo','','','T',830,1,'P.A.'),
(1085,'Ella','Bearded Collie','','','L',831,1,'P.A.'),
(1086,'Skye','Border Collie','','C00767','M',832,2,'GII'),
(1087,'Wind','Border Collie','','C00086B','M',833,2,'GII'),
(1088,'Shishuk','Border Collie','','','L',834,2,'GI'),
(1089,'Lara','Border Collie','','','M',835,2,'GII'),
(1090,'Hada','Border Collie','','C416','M',836,2,'GII'),
(1091,'Jara','Border Collie','','C305','M',837,2,'GII'),
(1092,'Jana','P.B. Malinoise','','C024','L',766,2,'GII'),
(1093,'Gazelle','P. Pirineos','','C047','S',838,2,'GII'),
(1094,'Eclair','P. Pirineo','','C047B','M',838,2,'GII'),
(1095,'Kira','Beagle','','C903','S',839,2,'P.A.'),
(1096,'Sparrow','Labrador','','C901','L',840,2,'P.A.'),
(1097,'Zizou','Border Collie','','C902','M',841,2,'P.A.'),
(1098,'Noa','Golden Retriever','','C900','L',842,2,'P.A.'),
(1099,'Spies','Mestizo','','C985','T',843,2,'P.A.'),
(1100,'Ella','Bearded Collie','','C986','L',844,2,'P.A.'),
(1101,'Tyrion','Sheetland Sheepdog','','','M',845,0,'GI'),
(1102,'Dora','Border Collie','','','L',846,0,'GI'),
(1103,'Puchi','Mestizo','','','S',846,0,'GI'),
(1104,'Kika','Pastor Belga Malinoise','','A802','L',847,0,'GIII'),
(1105,'Atreyu','Mestizo','','','L',848,0,'GI'),
(1106,'Narnia','','','','S',86,0,'GI'),
(1107,'Jessei','Border Collie','','','L',849,0,'GI'),
(1108,'Lisa','Border Collie','','','L',850,0,'GI'),
(1109,'Lolo','Mestizo','','','L',851,0,'GI'),
(1110,'Maggie','Border Collie','','','L',850,0,'GI'),
(1111,'Dante','Border Collie','','A470','L',852,0,'GII'),
(1112,'Indar','Sheetland Sheepdog','','','S',186,0,'GI');
/*!40000 ALTER TABLE `perros` ENABLE KEYS */;
UNLOCK TABLES;

--
-- Table structure for table `provincias`
--

DROP TABLE IF EXISTS `provincias`;
/*!40101 SET @saved_cs_client     = @@character_set_client */;
/*!40101 SET character_set_client = utf8 */;
CREATE TABLE `provincias` (
  `Provincia` varchar(32) NOT NULL DEFAULT '',
  `Comunidad` varchar(32) DEFAULT NULL,
  `Codigo` int(2) NOT NULL DEFAULT '0',
  PRIMARY KEY (`Provincia`),
  UNIQUE KEY `Provincias_Codigo` (`Codigo`)
) ENGINE=InnoDB DEFAULT CHARSET=utf8;
/*!40101 SET character_set_client = @saved_cs_client */;

--
-- Dumping data for table `provincias`
--

LOCK TABLES `provincias` WRITE;
/*!40000 ALTER TABLE `provincias` DISABLE KEYS */;
INSERT INTO `provincias` VALUES 
('-- Sin asignar --','NO BORRAR: Usado para cuando no ',0),
('Albacete','Castilla - La Mancha',2),
('Alicante/Alacant','Comunitat Valenciana',3),
('Almería','Andalucía',4),
('Araba/Álava','País Vasco',1),
('Asturias','Cantabria',33),
('Ávila','Castilla y León',5),
('Badajoz','Extremadura',6),
('Balears, Illes','Balears, Illes',7),
('Barcelona','Cataluña',8),
('Bizkaia/Vizcaya','País Vasco',48),
('Burgos','Castilla y León',9),
('Cáceres','Extremadura',10),
('Cádiz','Andalucía',11),
('Cantabria','Cantabria',39),
('Castellón/Castelló','Comunitat Valenciana',12),
('Ceuta','Ceuta',51),
('Ciudad Real','Castilla - La Mancha',13),
('Córdoba','Andalucía',14),
('Coruña, A','Galicia',15),
('Cuenca','Castilla - La Mancha',16),
('Gipuzkoa/Guipúzcoa','País Vasco',20),
('Girona/Gerona','Cataluña',17),
('Granada','Andalucía',18),
('Guadalajara','Castilla - La Mancha',19),
('Huelva','Andalucía',21),
('Huesca','Aragón',22),
('Jaén','Andalucía',23),
('León','Castilla y León',24),
('Lleida/Lérida','Cataluña',25),
('Lugo','Galicia',27),
('Madrid','Madrid, Comunidad de',28),
('Málaga','Andalucía',29),
('Melilla','Melilla',52),
('Murcia','Murcia, Región de',30),
('Navarra','Navarra, Comunidad Foral de',31),
('Ourense/Orense','Galicia',32),
('Palencia','Castilla y León',34),
('Palmas, Las','Canarias',35),
('Pontevedra','Galicia',36),
('Rioja, La','Rioja, La',26),
('Salamanca','Castilla y León',37),
('Santa Cruz de Te','Canarias',38),
('Segovia','Castilla y León',40),
('Sevilla','Andalucía',41),
('Soria','Castilla y León',42),
('Tarragona','Cataluña',43),
('Teruel','Aragón',44),
('Toledo','Castilla - La Mancha',45),
('Valencia/Valéncia','Comunitat Valenciana',46),
('Valladolid','Castilla y León',47),
('Zamora','Castilla y León',49),
('Zaragoza','Aragón',50);
/*!40000 ALTER TABLE `provincias` ENABLE KEYS */;
UNLOCK TABLES;

--
-- Table structure for table `pruebas`
--

DROP TABLE IF EXISTS `pruebas`;
/*!40101 SET @saved_cs_client     = @@character_set_client */;
/*!40101 SET character_set_client = utf8 */;
CREATE TABLE `pruebas` (
  `ID` int(4) NOT NULL AUTO_INCREMENT,
  `Operador` int(4) DEFAULT NULL,
  `Nombre` varchar(255) NOT NULL,
  `Club` int(4) NOT NULL DEFAULT '1',
  `Ubicacion` varchar(255) DEFAULT NULL,
  `Triptico` longblob,
  `Cartel` longblob,
  `Observaciones` varchar(255) DEFAULT NULL,
  `RSCE` tinyint(1) NOT NULL DEFAULT '0',
  `Selectiva` tinyint(1) NOT NULL DEFAULT '0',
  `Cerrada` tinyint(1) NOT NULL DEFAULT '0',
  PRIMARY KEY (`ID`),
  KEY `Pruebas_Club` (`Club`),
  CONSTRAINT `Pruebas_ibfk_1` FOREIGN KEY (`Club`) REFERENCES `clubes` (`ID`) ON UPDATE CASCADE
) ENGINE=InnoDB AUTO_INCREMENT=12 DEFAULT CHARSET=utf8;
/*!40101 SET character_set_client = @saved_cs_client */;

--
-- Dumping data for table `pruebas`
--

LOCK TABLES `pruebas` WRITE;
/*!40000 ALTER TABLE `pruebas` DISABLE KEYS */;
INSERT INTO `pruebas` VALUES 
(1,NULL,'-- Sin asignar --',1,NULL,NULL,NULL,'NO BORRAR: Prueba por defecto para jornadas huerfanas',0,0,1),
(2,NULL,'Test Equipos',4,'','','','',0,0,0),
(8,NULL,'1ª Prueba UCA Agility Pinto',101,'','','','',2,0,0),
(9,NULL,'Prueba de Promoción RFEC',94,'Instalaciones del club','','','',1,0,0),
(10,NULL,'UCA Avila 17-Mayo',94,'San Esteban de los Patos','','','',2,0,0),
(11,NULL,'Selectiva RSCE Madrid',106,'IFEMA','','','',0,1,0);
/*!40000 ALTER TABLE `pruebas` ENABLE KEYS */;
UNLOCK TABLES;

--
-- Table structure for table `resultados`
--

DROP TABLE IF EXISTS `resultados`;
/*!40101 SET @saved_cs_client     = @@character_set_client */;
/*!40101 SET character_set_client = utf8 */;
CREATE TABLE `resultados` (
  `Prueba` int(4) NOT NULL,
  `Jornada` int(4) NOT NULL,
  `Manga` int(4) NOT NULL,
  `Dorsal` int(4) NOT NULL,
  `Perro` int(4) NOT NULL,
  `Equipo` int(4) NOT NULL DEFAULT '0',
  `Nombre` varchar(255) NOT NULL,
  `Raza` varchar(255) NOT NULL DEFAULT '',
  `Licencia` varchar(255) NOT NULL DEFAULT '--------',
  `Categoria` varchar(1) NOT NULL DEFAULT '-',
  `Grado` varchar(16) NOT NULL DEFAULT '-',
  `Celo` tinyint(1) NOT NULL DEFAULT '0',
  `NombreGuia` varchar(255) NOT NULL DEFAULT '-- Sin asignar --',
  `NombreClub` varchar(255) NOT NULL DEFAULT '-- Sin asignar --',
  `Entrada` timestamp NOT NULL DEFAULT '2014-01-01 00:00:00',
  `Comienzo` timestamp NOT NULL DEFAULT '2014-01-01 00:00:00',
  `Faltas` int(4) NOT NULL DEFAULT '0',
  `Rehuses` int(4) NOT NULL DEFAULT '0',
  `Tocados` int(4) NOT NULL DEFAULT '0',
  `Eliminado` tinyint(1) NOT NULL DEFAULT '0',
  `NoPresentado` tinyint(1) NOT NULL DEFAULT '0',
  `Tiempo` double NOT NULL DEFAULT '0',
  `Observaciones` varchar(255) NOT NULL DEFAULT '',
  `Pendiente` tinyint(1) NOT NULL DEFAULT '1',
  PRIMARY KEY (`Manga`,`Perro`),
  KEY `Resultados_Perro` (`Perro`),
  KEY `Resultados_Manga` (`Manga`),
  KEY `Resultados_Dorsal` (`Dorsal`),
  KEY `Resultados_Jornada` (`Jornada`),
  KEY `Resultados_Prueba` (`Prueba`),
  CONSTRAINT `Resultados_ibfk_1` FOREIGN KEY (`Perro`) REFERENCES `perros` (`ID`) ON DELETE CASCADE ON UPDATE CASCADE,
  CONSTRAINT `Resultados_ibfk_2` FOREIGN KEY (`Manga`) REFERENCES `mangas` (`ID`) ON DELETE CASCADE ON UPDATE CASCADE,
  CONSTRAINT `Resultados_ibfk_3` FOREIGN KEY (`Prueba`) REFERENCES `pruebas` (`ID`) ON DELETE CASCADE ON UPDATE CASCADE,
  CONSTRAINT `Resultados_ibfk_4` FOREIGN KEY (`Jornada`) REFERENCES `jornadas` (`ID`) ON DELETE CASCADE ON UPDATE CASCADE
) ENGINE=InnoDB DEFAULT CHARSET=utf8;
/*!40101 SET character_set_client = @saved_cs_client */;

--
-- Dumping data for table `resultados`
--

LOCK TABLES `resultados` WRITE;
/*!40000 ALTER TABLE `resultados` DISABLE KEYS */;
INSERT INTO `resultados` VALUES 
(2,9,1,12,8,18,'Thelma','Border Collie','824','L','GII',0,'Fabian Santolaya','A. D. A. Pozuelo','2015-04-29 13:02:32','2015-04-29 13:02:32',0,0,0,0,0,40.7,'',0),
(2,9,1,8,9,20,'Boss','','797','L','GIII',0,'Oscar Muñiz','A-0','2014-01-01 00:00:00','2014-01-01 00:00:00',0,0,0,0,0,0,'',1),
(2,9,1,14,45,20,'Asia','Border Collie','A364','L','GIII',0,'José Luis Romero','A. D. A. Pozuelo','2015-05-07 06:32:23','2015-05-07 06:32:23',0,0,0,0,1,0,'',0),
(2,9,1,21,52,21,'Mister','Border Collie','A250','L','GII',0,'Rubén García','Eslón','2014-01-01 00:00:00','2014-01-01 00:00:00',0,0,0,0,0,0,'',1),
(2,9,1,7,66,17,'Kora','P.B.Malinoise','A332','L','GII',0,'Pedro Delgado Fernandez','A-0','2015-04-29 10:49:25','2015-04-29 10:49:25',0,0,0,0,0,37.43,'',0),
(2,9,1,20,84,21,'Maty','Border Collie','A333','L','GII',0,'Cristina Cortijo','Eslón','2015-05-12 10:13:43','2015-05-12 10:13:43',0,0,0,0,0,47.8,'',0),
(2,9,1,22,156,21,'Lennon','A. Foxhound','A336','L','GII',0,'Miguel Angel García','Eslón','2014-01-01 00:00:00','2014-01-01 00:00:00',0,0,0,0,0,0,'',1),
(2,9,1,17,350,19,'Dama','Fox Terrier Wire','A641','M','GIII',0,'Juan Antonio Martinez','Eslón','2014-01-01 00:00:00','2014-01-01 00:00:00',0,0,0,0,0,0,'',1),
(2,9,1,18,351,19,'Flai','Fox Terrier Wire','A815','M','GII',0,'Juan Antonio Martinez','Eslón','2014-01-01 00:00:00','2014-01-01 00:00:00',0,0,0,0,0,0,'',1),
(2,9,1,5,389,20,'Dolce','Border Collie','A681','L','GII',0,'Andres Morilla Sánchez','A-0','2014-01-01 00:00:00','2014-01-01 00:00:00',0,0,0,0,0,0,'',1),
(2,9,1,4,390,17,'Dolce','','','L','GII',0,'Natividad Ruiz García','A-0','2015-04-29 10:40:22','2015-04-29 10:40:22',0,0,0,1,0,0,'',0),
(2,9,1,6,391,9,'Gilda','Border Collie','A723','L','GIII',1,'Natividad Ruiz García','A-0','2014-01-01 00:00:00','2014-01-01 00:00:00',0,0,0,0,0,0,'',1),
(2,9,1,11,397,18,'Milady','Border Collie','A791','L','GII',1,'Ricardo Santolaya','A. D. A. Pozuelo','2015-04-29 13:02:47','2015-04-29 13:02:47',0,0,0,0,1,0,'',0),
(2,9,1,15,413,19,'Lola','Jack Rusell','A633','S','GII',1,'Francisco de la Cruz','A. D. A. Pozuelo','2014-01-01 00:00:00','2014-01-01 00:00:00',0,0,0,0,0,0,'',1),
(2,9,1,13,414,18,'Yeny','Border Collie','A747','L','GII',0,'José Luis Romero','A. D. A. Pozuelo','2015-04-29 13:02:27','2015-04-29 13:02:27',1,0,0,0,0,32.5,'',0),
(2,9,1,9,417,20,'Crak','Border Collie','A719','L','GIII',0,'Oscar Muñiz','A-0','2015-05-06 10:09:03','2015-05-06 10:09:03',0,0,0,1,0,0,'',0),
(2,9,1,23,556,9,'botinera','','','L','GI',0,'Maria Jorge','AA Y CIA','2015-05-13 06:24:35','2015-05-13 06:24:35',0,0,0,0,1,0,'',0),
(2,9,1,3,585,17,'Ari','Border Collie','A894','L','GII',0,'Veronica Roda','A-0','2015-05-07 06:32:02','2015-05-07 06:32:02',0,0,0,0,0,34,'',0),
(2,9,1,10,589,18,'Iris','Border Collie','','L','GII',0,'Sara Montila','A. D. A. Pozuelo','2015-04-29 13:02:38','2015-04-29 13:02:38',0,0,0,0,0,41.2,'',0),
(2,9,1,19,609,21,'Lumbre','Border Collie','A932','L','GII',0,'Arancha Ruipérez Moslares','Eslón','2015-05-12 10:02:02','2015-05-12 10:02:02',0,0,0,0,1,0,'',0),
(2,9,1,1,633,9,'Asics','Pastor Belga Malinois','','L','GI',0,'Luis Miguel Rodrigo','A-0','2015-04-29 13:01:25','2015-04-29 13:01:25',0,0,0,0,0,33.5,'',0),
(2,9,1,2,644,17,'Boss','Border Collie','797','L','GI',0,'Álvaro Muñiz','A-0','2015-05-07 06:32:03','2015-05-07 06:32:03',1,0,0,0,0,42,'',0),
(2,9,1,16,692,19,'Beltxi','','','S','GI',0,'Amaia Peña Gómez','A. D. A. Pozuelo','2015-05-13 06:54:55','2015-05-13 06:54:55',0,0,0,0,1,0,'',0),
(2,9,2,12,8,18,'Thelma','Border Collie','824','L','GII',0,'Fabian Santolaya','A. D. A. Pozuelo','2014-01-01 00:00:00','2014-01-01 00:00:00',0,0,0,0,0,0,'',1),
(2,9,2,8,9,20,'Boss','','797','L','GIII',0,'Oscar Muñiz','A-0','2014-01-01 00:00:00','2014-01-01 00:00:00',0,0,0,0,0,0,'',1),
(2,9,2,14,45,20,'Asia','Border Collie','A364','L','GIII',0,'José Luis Romero','A. D. A. Pozuelo','2014-01-01 00:00:00','2014-01-01 00:00:00',0,0,0,0,0,0,'',1),
(2,9,2,21,52,21,'Mister','Border Collie','A250','L','GII',0,'Rubén García','Eslón','2014-01-01 00:00:00','2014-01-01 00:00:00',0,0,0,0,0,0,'',1),
(2,9,2,7,66,17,'Kora','P.B.Malinoise','A332','L','GII',0,'Pedro Delgado Fernandez','A-0','2014-01-01 00:00:00','2014-01-01 00:00:00',0,0,0,0,0,0,'',1),
(2,9,2,20,84,21,'Maty','Border Collie','A333','L','GII',0,'Cristina Cortijo','Eslón','2014-01-01 00:00:00','2014-01-01 00:00:00',0,0,0,0,0,0,'',1),
(2,9,2,22,156,21,'Lennon','A. Foxhound','A336','L','GII',0,'Miguel Angel García','Eslón','2014-01-01 00:00:00','2014-01-01 00:00:00',0,0,0,0,0,0,'',1),
(2,9,2,17,350,19,'Dama','Fox Terrier Wire','A641','M','GIII',0,'Juan Antonio Martinez','Eslón','2014-01-01 00:00:00','2014-01-01 00:00:00',0,0,0,0,0,0,'',1),
(2,9,2,18,351,19,'Flai','Fox Terrier Wire','A815','M','GII',0,'Juan Antonio Martinez','Eslón','2014-01-01 00:00:00','2014-01-01 00:00:00',0,0,0,0,0,0,'',1),
(2,9,2,5,389,20,'Dolce','Border Collie','A681','L','GII',0,'Andres Morilla Sánchez','A-0','2014-01-01 00:00:00','2014-01-01 00:00:00',0,0,0,0,0,0,'',1),
(2,9,2,4,390,17,'Dolce','','','L','GII',0,'Natividad Ruiz García','A-0','2014-01-01 00:00:00','2014-01-01 00:00:00',0,0,0,0,0,0,'',1),
(2,9,2,6,391,9,'Gilda','Border Collie','A723','L','GIII',1,'Natividad Ruiz García','A-0','2014-01-01 00:00:00','2014-01-01 00:00:00',0,0,0,0,0,0,'',1),
(2,9,2,11,397,18,'Milady','Border Collie','A791','L','GII',1,'Ricardo Santolaya','A. D. A. Pozuelo','2014-01-01 00:00:00','2014-01-01 00:00:00',0,0,0,0,0,0,'',1),
(2,9,2,15,413,19,'Lola','Jack Rusell','A633','S','GII',1,'Francisco de la Cruz','A. D. A. Pozuelo','2014-01-01 00:00:00','2014-01-01 00:00:00',0,0,0,0,0,0,'',1),
(2,9,2,13,414,18,'Yeny','Border Collie','A747','L','GII',0,'José Luis Romero','A. D. A. Pozuelo','2014-01-01 00:00:00','2014-01-01 00:00:00',0,0,0,0,0,0,'',1),
(2,9,2,9,417,20,'Crak','Border Collie','A719','L','GIII',0,'Oscar Muñiz','A-0','2014-01-01 00:00:00','2014-01-01 00:00:00',0,0,0,0,0,0,'',1),
(2,9,2,23,556,9,'botinera','','','L','GI',0,'Maria Jorge','AA Y CIA','2014-01-01 00:00:00','2014-01-01 00:00:00',0,0,0,0,0,0,'',1),
(2,9,2,3,585,17,'Ari','Border Collie','A894','L','GII',0,'Veronica Roda','A-0','2014-01-01 00:00:00','2014-01-01 00:00:00',0,0,0,0,0,0,'',1),
(2,9,2,10,589,18,'Iris','Border Collie','','L','GII',0,'Sara Montila','A. D. A. Pozuelo','2014-01-01 00:00:00','2014-01-01 00:00:00',0,0,0,0,0,0,'',1),
(2,9,2,19,609,21,'Lumbre','Border Collie','A932','L','GII',0,'Arancha Ruipérez Moslares','Eslón','2014-01-01 00:00:00','2014-01-01 00:00:00',0,0,0,0,0,0,'',1),
(2,9,2,1,633,9,'Asics','Pastor Belga Malinois','','L','GI',0,'Luis Miguel Rodrigo','A-0','2014-01-01 00:00:00','2014-01-01 00:00:00',0,0,0,0,0,0,'',1),
(2,9,2,2,644,17,'Boss','Border Collie','797','L','GI',0,'Álvaro Muñiz','A-0','2014-01-01 00:00:00','2014-01-01 00:00:00',0,0,0,0,0,0,'',1),
(2,9,2,16,692,19,'Beltxi','','','S','GI',0,'Amaia Peña Gómez','A. D. A. Pozuelo','2014-01-01 00:00:00','2014-01-01 00:00:00',0,0,0,0,0,0,'',1),
(2,10,3,23,556,10,'botinera','','','L','GI',0,'Maria Jorge','AA Y CIA','2015-05-12 06:48:54','2015-05-12 06:48:54',0,2,0,0,0,51.3,'',0),
(2,10,3,1,633,10,'Asics','Pastor Belga Malinois','','L','GI',0,'Luis Miguel Rodrigo','A-0','2015-05-12 06:48:37','2015-05-12 06:48:37',0,0,0,0,0,43.5,'',0),
(2,10,3,2,644,10,'Boss','Border Collie','797','L','GI',0,'Álvaro Muñiz','A-0','2015-05-12 06:48:42','2015-05-12 06:48:42',1,0,0,0,0,50.3,'',0),
(2,10,3,16,692,10,'Beltxi','','','S','GI',0,'Amaia Peña Gómez','A. D. A. Pozuelo','2015-05-12 06:49:03','2015-05-12 06:49:03',1,1,0,0,0,55.2,'',0),
(2,10,4,23,556,10,'botinera','','','L','GI',0,'Maria Jorge','AA Y CIA','2014-01-01 00:00:00','2014-01-01 00:00:00',0,0,0,0,0,0,'',1),
(2,10,4,1,633,10,'Asics','Pastor Belga Malinois','','L','GI',0,'Luis Miguel Rodrigo','A-0','2014-01-01 00:00:00','2014-01-01 00:00:00',0,0,0,0,0,0,'',1),
(2,10,4,2,644,10,'Boss','Border Collie','797','L','GI',0,'Álvaro Muñiz','A-0','2014-01-01 00:00:00','2014-01-01 00:00:00',0,0,0,0,0,0,'',1),
(2,10,4,16,692,10,'Beltxi','','','S','GI',0,'Amaia Peña Gómez','A. D. A. Pozuelo','2014-01-01 00:00:00','2014-01-01 00:00:00',0,0,0,0,0,0,'',1),
(2,10,5,12,8,10,'Thelma','Border Collie','824','L','GII',0,'Fabian Santolaya','A. D. A. Pozuelo','2014-01-01 00:00:00','2014-01-01 00:00:00',0,0,0,0,0,0,'',1),
(2,10,5,21,52,10,'Mister','Border Collie','A250','L','GII',0,'Rubén García','Eslón','2014-01-01 00:00:00','2014-01-01 00:00:00',0,0,0,0,0,0,'',1),
(2,10,5,7,66,10,'Kora','P.B.Malinoise','A332','L','GII',0,'Pedro Delgado Fernandez','A-0','2015-05-08 10:31:21','2015-05-08 10:31:21',0,0,0,0,1,0,'',0),
(2,10,5,20,84,10,'Maty','Border Collie','A333','L','GII',0,'Cristina Cortijo','Eslón','2014-01-01 00:00:00','2014-01-01 00:00:00',0,0,0,0,0,0,'',1),
(2,10,5,22,156,10,'Lennon','A. Foxhound','A336','L','GII',0,'Miguel Angel García','Eslón','2014-01-01 00:00:00','2014-01-01 00:00:00',0,0,0,0,0,0,'',1),
(2,10,5,18,351,10,'Flai','Fox Terrier Wire','A815','M','GII',0,'Juan Antonio Martinez','Eslón','2014-01-01 00:00:00','2014-01-01 00:00:00',0,0,0,0,0,0,'',1),
(2,10,5,5,389,10,'Dolce','Border Collie','A681','L','GII',0,'Andres Morilla Sánchez','A-0','2015-05-08 10:31:13','2015-05-08 10:31:13',1,1,1,0,0,42.57,'',0),
(2,10,5,4,390,10,'Dolce','','','L','GII',0,'Natividad Ruiz García','A-0','2015-05-08 10:30:47','2015-05-08 10:30:47',0,0,0,0,0,32.96,'',0),
(2,10,5,11,397,10,'Milady','Border Collie','A791','L','GII',1,'Ricardo Santolaya','A. D. A. Pozuelo','2014-01-01 00:00:00','2014-01-01 00:00:00',0,0,0,0,0,0,'',1),
(2,10,5,15,413,10,'Lola','Jack Rusell','A633','S','GII',1,'Francisco de la Cruz','A. D. A. Pozuelo','2014-01-01 00:00:00','2014-01-01 00:00:00',0,0,0,0,0,0,'',1),
(2,10,5,13,414,10,'Yeny','Border Collie','A747','L','GII',0,'José Luis Romero','A. D. A. Pozuelo','2014-01-01 00:00:00','2014-01-01 00:00:00',0,0,0,0,0,0,'',1),
(2,10,5,3,585,10,'Ari','Border Collie','A894','L','GII',0,'Veronica Roda','A-0','2015-05-08 10:30:30','2015-05-08 10:30:30',0,3,0,1,0,0,'',0),
(2,10,5,10,589,10,'Iris','Border Collie','','L','GII',0,'Sara Montila','A. D. A. Pozuelo','2014-01-01 00:00:00','2014-01-01 00:00:00',0,0,0,0,0,0,'',1),
(2,10,5,19,609,10,'Lumbre','Border Collie','A932','L','GII',0,'Arancha Ruipérez Moslares','Eslón','2014-01-01 00:00:00','2014-01-01 00:00:00',0,0,0,0,0,0,'',1),
(2,10,6,12,8,10,'Thelma','Border Collie','824','L','GII',0,'Fabian Santolaya','A. D. A. Pozuelo','2014-01-01 00:00:00','2014-01-01 00:00:00',0,0,0,0,0,0,'',1),
(2,10,6,21,52,10,'Mister','Border Collie','A250','L','GII',0,'Rubén García','Eslón','2014-01-01 00:00:00','2014-01-01 00:00:00',0,0,0,0,0,0,'',1),
(2,10,6,7,66,10,'Kora','P.B.Malinoise','A332','L','GII',0,'Pedro Delgado Fernandez','A-0','2014-01-01 00:00:00','2014-01-01 00:00:00',0,0,0,0,0,0,'',1),
(2,10,6,20,84,10,'Maty','Border Collie','A333','L','GII',0,'Cristina Cortijo','Eslón','2014-01-01 00:00:00','2014-01-01 00:00:00',0,0,0,0,0,0,'',1),
(2,10,6,22,156,10,'Lennon','A. Foxhound','A336','L','GII',0,'Miguel Angel García','Eslón','2014-01-01 00:00:00','2014-01-01 00:00:00',0,0,0,0,0,0,'',1),
(2,10,6,18,351,10,'Flai','Fox Terrier Wire','A815','M','GII',0,'Juan Antonio Martinez','Eslón','2014-01-01 00:00:00','2014-01-01 00:00:00',0,0,0,0,0,0,'',1),
(2,10,6,5,389,10,'Dolce','Border Collie','A681','L','GII',0,'Andres Morilla Sánchez','A-0','2014-01-01 00:00:00','2014-01-01 00:00:00',0,0,0,0,0,0,'',1),
(2,10,6,4,390,10,'Dolce','','','L','GII',0,'Natividad Ruiz García','A-0','2014-01-01 00:00:00','2014-01-01 00:00:00',0,0,0,0,0,0,'',1),
(2,10,6,11,397,10,'Milady','Border Collie','A791','L','GII',1,'Ricardo Santolaya','A. D. A. Pozuelo','2014-01-01 00:00:00','2014-01-01 00:00:00',0,0,0,0,0,0,'',1),
(2,10,6,15,413,10,'Lola','Jack Rusell','A633','S','GII',1,'Francisco de la Cruz','A. D. A. Pozuelo','2014-01-01 00:00:00','2014-01-01 00:00:00',0,0,0,0,0,0,'',1),
(2,10,6,13,414,10,'Yeny','Border Collie','A747','L','GII',0,'José Luis Romero','A. D. A. Pozuelo','2014-01-01 00:00:00','2014-01-01 00:00:00',0,0,0,0,0,0,'',1),
(2,10,6,3,585,10,'Ari','Border Collie','A894','L','GII',0,'Veronica Roda','A-0','2014-01-01 00:00:00','2014-01-01 00:00:00',0,0,0,0,0,0,'',1),
(2,10,6,10,589,10,'Iris','Border Collie','','L','GII',0,'Sara Montila','A. D. A. Pozuelo','2014-01-01 00:00:00','2014-01-01 00:00:00',0,0,0,0,0,0,'',1),
(2,10,6,19,609,10,'Lumbre','Border Collie','A932','L','GII',0,'Arancha Ruipérez Moslares','Eslón','2014-01-01 00:00:00','2014-01-01 00:00:00',0,0,0,0,0,0,'',1),
(2,10,7,8,9,10,'Boss','','797','L','GIII',0,'Oscar Muñiz','A-0','2015-04-29 12:20:37','2015-04-29 12:20:37',0,0,0,0,1,0,'',0),
(2,10,7,14,45,10,'Asia','Border Collie','A364','L','GIII',0,'José Luis Romero','A. D. A. Pozuelo','2014-01-01 00:00:00','2014-01-01 00:00:00',0,0,0,0,0,0,'',1),
(2,10,7,17,350,10,'Dama','Fox Terrier Wire','A641','M','GIII',0,'Juan Antonio Martinez','Eslón','2014-01-01 00:00:00','2014-01-01 00:00:00',0,0,0,0,0,0,'',1),
(2,10,7,6,391,10,'Gilda','Border Collie','A723','L','GIII',1,'Natividad Ruiz García','A-0','2014-01-01 00:00:00','2014-01-01 00:00:00',0,0,0,0,0,0,'',1),
(2,10,7,9,417,10,'Crak','Border Collie','A719','L','GIII',0,'Oscar Muñiz','A-0','2014-01-01 00:00:00','2014-01-01 00:00:00',0,0,0,0,0,0,'',1),
(2,10,8,8,9,10,'Boss','','797','L','GIII',0,'Oscar Muñiz','A-0','2014-01-01 00:00:00','2014-01-01 00:00:00',0,0,0,0,0,0,'',1),
(2,10,8,14,45,10,'Asia','Border Collie','A364','L','GIII',0,'José Luis Romero','A. D. A. Pozuelo','2014-01-01 00:00:00','2014-01-01 00:00:00',0,0,0,0,0,0,'',1),
(2,10,8,17,350,10,'Dama','Fox Terrier Wire','A641','M','GIII',0,'Juan Antonio Martinez','Eslón','2014-01-01 00:00:00','2014-01-01 00:00:00',0,0,0,0,0,0,'',1),
(2,10,8,6,391,10,'Gilda','Border Collie','A723','L','GIII',1,'Natividad Ruiz García','A-0','2014-01-01 00:00:00','2014-01-01 00:00:00',0,0,0,0,0,0,'',1),
(2,10,8,9,417,10,'Crak','Border Collie','A719','L','GIII',0,'Oscar Muñiz','A-0','2014-01-01 00:00:00','2014-01-01 00:00:00',0,0,0,0,0,0,'',1),
(2,11,10,23,556,11,'botinera','','','L','GI',0,'Maria Jorge','AA Y CIA','2014-01-01 00:00:00','2014-01-01 00:00:00',0,0,0,0,0,0,'',1),
(2,11,10,1,633,11,'Asics','Pastor Belga Malinois','','L','GI',0,'Luis Miguel Rodrigo','A-0','2014-01-01 00:00:00','2014-01-01 00:00:00',0,0,0,0,0,0,'',1),
(2,11,10,2,644,11,'Boss','Border Collie','797','L','GI',0,'Álvaro Muñiz','A-0','2014-01-01 00:00:00','2014-01-01 00:00:00',0,0,0,0,0,0,'',1),
(2,11,10,16,692,11,'Beltxi','','','S','GI',0,'Amaia Peña Gómez','A. D. A. Pozuelo','2014-01-01 00:00:00','2014-01-01 00:00:00',0,0,0,0,0,0,'',1),
(2,11,11,23,556,11,'botinera','','','L','GI',0,'Maria Jorge','AA Y CIA','2014-01-01 00:00:00','2014-01-01 00:00:00',0,0,0,0,0,0,'',1),
(2,11,11,1,633,11,'Asics','Pastor Belga Malinois','','L','GI',0,'Luis Miguel Rodrigo','A-0','2014-01-01 00:00:00','2014-01-01 00:00:00',0,0,0,0,0,0,'',1),
(2,11,11,2,644,11,'Boss','Border Collie','797','L','GI',0,'Álvaro Muñiz','A-0','2014-01-01 00:00:00','2014-01-01 00:00:00',0,0,0,0,0,0,'',1),
(2,11,11,16,692,11,'Beltxi','','','S','GI',0,'Amaia Peña Gómez','A. D. A. Pozuelo','2014-01-01 00:00:00','2014-01-01 00:00:00',0,0,0,0,0,0,'',1),
(2,11,12,12,8,11,'Thelma','Border Collie','824','L','GII',0,'Fabian Santolaya','A. D. A. Pozuelo','2014-01-01 00:00:00','2014-01-01 00:00:00',0,0,0,0,0,0,'',1),
(2,11,12,21,52,11,'Mister','Border Collie','A250','L','GII',0,'Rubén García','Eslón','2014-01-01 00:00:00','2014-01-01 00:00:00',0,0,0,0,0,0,'',1),
(2,11,12,7,66,11,'Kora','P.B.Malinoise','A332','L','GII',0,'Pedro Delgado Fernandez','A-0','2014-01-01 00:00:00','2014-01-01 00:00:00',0,0,0,0,0,0,'',1),
(2,11,12,20,84,11,'Maty','Border Collie','A333','L','GII',0,'Cristina Cortijo','Eslón','2014-01-01 00:00:00','2014-01-01 00:00:00',0,0,0,0,0,0,'',1),
(2,11,12,22,156,11,'Lennon','A. Foxhound','A336','L','GII',0,'Miguel Angel García','Eslón','2014-01-01 00:00:00','2014-01-01 00:00:00',0,0,0,0,0,0,'',1),
(2,11,12,18,351,11,'Flai','Fox Terrier Wire','A815','M','GII',0,'Juan Antonio Martinez','Eslón','2014-01-01 00:00:00','2014-01-01 00:00:00',0,0,0,0,0,0,'',1),
(2,11,12,5,389,11,'Dolce','Border Collie','A681','L','GII',0,'Andres Morilla Sánchez','A-0','2014-01-01 00:00:00','2014-01-01 00:00:00',0,0,0,0,0,0,'',1),
(2,11,12,4,390,11,'Dolce','','','L','GII',0,'Natividad Ruiz García','A-0','2014-01-01 00:00:00','2014-01-01 00:00:00',0,0,0,0,0,0,'',1),
(2,11,12,11,397,11,'Milady','Border Collie','A791','L','GII',1,'Ricardo Santolaya','A. D. A. Pozuelo','2014-01-01 00:00:00','2014-01-01 00:00:00',0,0,0,0,0,0,'',1),
(2,11,12,15,413,11,'Lola','Jack Rusell','A633','S','GII',1,'Francisco de la Cruz','A. D. A. Pozuelo','2014-01-01 00:00:00','2014-01-01 00:00:00',0,0,0,0,0,0,'',1),
(2,11,12,13,414,11,'Yeny','Border Collie','A747','L','GII',0,'José Luis Romero','A. D. A. Pozuelo','2014-01-01 00:00:00','2014-01-01 00:00:00',0,0,0,0,0,0,'',1),
(2,11,12,3,585,11,'Ari','Border Collie','A894','L','GII',0,'Veronica Roda','A-0','2014-01-01 00:00:00','2014-01-01 00:00:00',0,0,0,0,0,0,'',1),
(2,11,12,10,589,11,'Iris','Border Collie','','L','GII',0,'Sara Montila','A. D. A. Pozuelo','2014-01-01 00:00:00','2014-01-01 00:00:00',0,0,0,0,0,0,'',1),
(2,11,12,19,609,11,'Lumbre','Border Collie','A932','L','GII',0,'Arancha Ruipérez Moslares','Eslón','2014-01-01 00:00:00','2014-01-01 00:00:00',0,0,0,0,0,0,'',1),
(2,11,13,12,8,11,'Thelma','Border Collie','824','L','GII',0,'Fabian Santolaya','A. D. A. Pozuelo','2014-01-01 00:00:00','2014-01-01 00:00:00',0,0,0,0,0,0,'',1),
(2,11,13,21,52,11,'Mister','Border Collie','A250','L','GII',0,'Rubén García','Eslón','2014-01-01 00:00:00','2014-01-01 00:00:00',0,0,0,0,0,0,'',1),
(2,11,13,7,66,11,'Kora','P.B.Malinoise','A332','L','GII',0,'Pedro Delgado Fernandez','A-0','2014-01-01 00:00:00','2014-01-01 00:00:00',0,0,0,0,0,0,'',1),
(2,11,13,20,84,11,'Maty','Border Collie','A333','L','GII',0,'Cristina Cortijo','Eslón','2014-01-01 00:00:00','2014-01-01 00:00:00',0,0,0,0,0,0,'',1),
(2,11,13,22,156,11,'Lennon','A. Foxhound','A336','L','GII',0,'Miguel Angel García','Eslón','2014-01-01 00:00:00','2014-01-01 00:00:00',0,0,0,0,0,0,'',1),
(2,11,13,18,351,11,'Flai','Fox Terrier Wire','A815','M','GII',0,'Juan Antonio Martinez','Eslón','2014-01-01 00:00:00','2014-01-01 00:00:00',0,0,0,0,0,0,'',1),
(2,11,13,5,389,11,'Dolce','Border Collie','A681','L','GII',0,'Andres Morilla Sánchez','A-0','2014-01-01 00:00:00','2014-01-01 00:00:00',0,0,0,0,0,0,'',1),
(2,11,13,4,390,11,'Dolce','','','L','GII',0,'Natividad Ruiz García','A-0','2014-01-01 00:00:00','2014-01-01 00:00:00',0,0,0,0,0,0,'',1),
(2,11,13,11,397,11,'Milady','Border Collie','A791','L','GII',1,'Ricardo Santolaya','A. D. A. Pozuelo','2014-01-01 00:00:00','2014-01-01 00:00:00',0,0,0,0,0,0,'',1),
(2,11,13,15,413,11,'Lola','Jack Rusell','A633','S','GII',1,'Francisco de la Cruz','A. D. A. Pozuelo','2014-01-01 00:00:00','2014-01-01 00:00:00',0,0,0,0,0,0,'',1),
(2,11,13,13,414,11,'Yeny','Border Collie','A747','L','GII',0,'José Luis Romero','A. D. A. Pozuelo','2014-01-01 00:00:00','2014-01-01 00:00:00',0,0,0,0,0,0,'',1),
(2,11,13,3,585,11,'Ari','Border Collie','A894','L','GII',0,'Veronica Roda','A-0','2014-01-01 00:00:00','2014-01-01 00:00:00',0,0,0,0,0,0,'',1),
(2,11,13,10,589,11,'Iris','Border Collie','','L','GII',0,'Sara Montila','A. D. A. Pozuelo','2014-01-01 00:00:00','2014-01-01 00:00:00',0,0,0,0,0,0,'',1),
(2,11,13,19,609,11,'Lumbre','Border Collie','A932','L','GII',0,'Arancha Ruipérez Moslares','Eslón','2014-01-01 00:00:00','2014-01-01 00:00:00',0,0,0,0,0,0,'',1),
(2,11,14,8,9,11,'Boss','','797','L','GIII',0,'Oscar Muñiz','A-0','2014-01-01 00:00:00','2014-01-01 00:00:00',0,0,0,0,0,0,'',1),
(2,11,14,14,45,11,'Asia','Border Collie','A364','L','GIII',0,'José Luis Romero','A. D. A. Pozuelo','2014-01-01 00:00:00','2014-01-01 00:00:00',0,0,0,0,0,0,'',1),
(2,11,14,17,350,11,'Dama','Fox Terrier Wire','A641','M','GIII',0,'Juan Antonio Martinez','Eslón','2014-01-01 00:00:00','2014-01-01 00:00:00',0,0,0,0,0,0,'',1),
(2,11,14,6,391,11,'Gilda','Border Collie','A723','L','GIII',1,'Natividad Ruiz García','A-0','2014-01-01 00:00:00','2014-01-01 00:00:00',0,0,0,0,0,0,'',1),
(2,11,14,9,417,11,'Crak','Border Collie','A719','L','GIII',0,'Oscar Muñiz','A-0','2014-01-01 00:00:00','2014-01-01 00:00:00',0,0,0,0,0,0,'',1),
(2,11,15,8,9,11,'Boss','','797','L','GIII',0,'Oscar Muñiz','A-0','2014-01-01 00:00:00','2014-01-01 00:00:00',0,0,0,0,0,0,'',1),
(2,11,15,14,45,11,'Asia','Border Collie','A364','L','GIII',0,'José Luis Romero','A. D. A. Pozuelo','2014-01-01 00:00:00','2014-01-01 00:00:00',0,0,0,0,0,0,'',1),
(2,11,15,17,350,11,'Dama','Fox Terrier Wire','A641','M','GIII',0,'Juan Antonio Martinez','Eslón','2014-01-01 00:00:00','2014-01-01 00:00:00',0,0,0,0,0,0,'',1),
(2,11,15,6,391,11,'Gilda','Border Collie','A723','L','GIII',1,'Natividad Ruiz García','A-0','2014-01-01 00:00:00','2014-01-01 00:00:00',0,0,0,0,0,0,'',1),
(2,11,15,9,417,11,'Crak','Border Collie','A719','L','GIII',0,'Oscar Muñiz','A-0','2014-01-01 00:00:00','2014-01-01 00:00:00',0,0,0,0,0,0,'',1),
(8,57,32,62,997,62,'Rocky','','C00933','S','P.A.',0,'Marcos Lapaz','Petercan','2014-01-01 00:00:00','2014-01-01 00:00:00',0,0,0,0,0,0,'',1),
(8,57,32,10,999,62,'Asshai','','C00952','S','P.A.',0,'José Luis Cristóbal','Agility Pinto','2014-01-01 00:00:00','2014-01-01 00:00:00',0,0,0,0,0,0,'',1),
(8,57,32,70,1000,62,'Dana','','C00723','S','P.A.',0,'M. Angeles León','Tandem','2014-01-01 00:00:00','2014-01-01 00:00:00',0,0,0,0,0,0,'',1),
(8,57,32,9,1001,62,'Kyra','','C00953','M','P.A.',0,'José Antonio Galán','Agility Pinto','2014-01-01 00:00:00','2014-01-01 00:00:00',0,0,0,0,0,0,'',1),
(8,57,32,61,1002,62,'Brugal','','C00928','M','P.A.',0,'Virginia Cámara','Petercan','2014-01-01 00:00:00','2014-01-01 00:00:00',0,0,0,0,0,0,'',1),
(8,57,32,60,1003,62,'Bala','','C00983','M','P.A.',0,'José Antonio Aparicio','Petercan','2014-01-01 00:00:00','2014-01-01 00:00:00',0,0,0,0,0,0,'',1),
(8,57,32,8,1004,62,'Dexter','','C00955','L','P.A.',0,'Kiko del Moral','Agility Pinto','2014-01-01 00:00:00','2014-01-01 00:00:00',0,0,0,0,0,0,'',1),
(8,57,32,69,1005,62,'Maya','','C00859','L','P.A.',0,'Sergio Arias','Tandem','2014-01-01 00:00:00','2014-01-01 00:00:00',0,0,0,0,0,0,'',1),
(8,57,32,57,1006,62,'Ares','','C00931','L','P.A.',0,'Sonia Sánchez','Petercan','2014-01-01 00:00:00','2014-01-01 00:00:00',0,0,0,0,0,0,'',1),
(8,57,32,59,1007,62,'Trasto','','C00930','L','P.A.',0,'Mercedes Gómez','Petercan','2014-01-01 00:00:00','2014-01-01 00:00:00',0,0,0,0,0,0,'',1),
(8,57,32,58,1008,62,'Canela','','C00932','L','P.A.',0,'Alicia Gómez','Petercan','2014-01-01 00:00:00','2014-01-01 00:00:00',0,0,0,0,0,0,'',1),
(8,57,33,62,997,62,'Rocky','','C00933','S','P.A.',0,'Marcos Lapaz','Petercan','2014-01-01 00:00:00','2014-01-01 00:00:00',0,0,0,0,0,0,'',1),
(8,57,33,10,999,62,'Asshai','','C00952','S','P.A.',0,'José Luis Cristóbal','Agility Pinto','2014-01-01 00:00:00','2014-01-01 00:00:00',0,0,0,0,0,0,'',1),
(8,57,33,70,1000,62,'Dana','','C00723','S','P.A.',0,'M. Angeles León','Tandem','2014-01-01 00:00:00','2014-01-01 00:00:00',0,0,0,0,0,0,'',1),
(8,57,33,9,1001,62,'Kyra','','C00953','M','P.A.',0,'José Antonio Galán','Agility Pinto','2014-01-01 00:00:00','2014-01-01 00:00:00',0,0,0,0,0,0,'',1),
(8,57,33,61,1002,62,'Brugal','','C00928','M','P.A.',0,'Virginia Cámara','Petercan','2014-01-01 00:00:00','2014-01-01 00:00:00',0,0,0,0,0,0,'',1),
(8,57,33,60,1003,62,'Bala','','C00983','M','P.A.',0,'José Antonio Aparicio','Petercan','2014-01-01 00:00:00','2014-01-01 00:00:00',0,0,0,0,0,0,'',1),
(8,57,33,8,1004,62,'Dexter','','C00955','L','P.A.',0,'Kiko del Moral','Agility Pinto','2014-01-01 00:00:00','2014-01-01 00:00:00',0,0,0,0,0,0,'',1),
(8,57,33,69,1005,62,'Maya','','C00859','L','P.A.',0,'Sergio Arias','Tandem','2014-01-01 00:00:00','2014-01-01 00:00:00',0,0,0,0,0,0,'',1),
(8,57,33,57,1006,62,'Ares','','C00931','L','P.A.',0,'Sonia Sánchez','Petercan','2014-01-01 00:00:00','2014-01-01 00:00:00',0,0,0,0,0,0,'',1),
(8,57,33,59,1007,62,'Trasto','','C00930','L','P.A.',0,'Mercedes Gómez','Petercan','2014-01-01 00:00:00','2014-01-01 00:00:00',0,0,0,0,0,0,'',1),
(8,57,33,58,1008,62,'Canela','','C00932','L','P.A.',0,'Alicia Gómez','Petercan','2014-01-01 00:00:00','2014-01-01 00:00:00',0,0,0,0,0,0,'',1),
(8,57,34,11,1009,62,'Arpa','','C00024C','M','GI',0,'Luis Carlos Rodríguez','Agility Valladolid','2014-01-01 00:00:00','2014-01-01 00:00:00',0,0,0,0,0,0,'',1),
(8,57,34,23,1010,62,'Onza','','C00849','M','GI',0,'Irene Blanco','Deporcan','2014-01-01 00:00:00','2014-01-01 00:00:00',0,0,0,0,0,0,'',1),
(8,57,34,22,1011,62,'Nella','','C00884','M','GI',0,'Laura Pérez','Deporcan','2014-01-01 00:00:00','2014-01-01 00:00:00',0,0,0,0,0,0,'',1),
(8,57,34,65,1012,62,'Lis','','C00805','M','GI',0,'Miriam Villar','Tandem','2014-01-01 00:00:00','2014-01-01 00:00:00',0,0,0,0,0,0,'',1),
(8,57,34,7,1013,62,'Alpha','','C00954','L','GI',0,'Javier Rosado','Agility Pinto','2014-01-01 00:00:00','2014-01-01 00:00:00',0,0,0,0,0,0,'',1),
(8,57,34,30,1014,62,'Truco','','C00739','L','GI',0,'Germán López','Formadog','2014-01-01 00:00:00','2014-01-01 00:00:00',0,0,0,0,0,0,'',1),
(8,57,34,2,1015,62,'Vasch','','C00866B','L','GI',0,'Jesús Gómez','Agilcan','2014-01-01 00:00:00','2014-01-01 00:00:00',0,0,0,0,0,0,'',1),
(8,57,34,32,1016,62,'Loghan','','C00355B','L','GI',0,'Mónica Saavedra','Mi Perro 10','2014-01-01 00:00:00','2014-01-01 00:00:00',0,0,0,0,0,0,'',1),
(8,57,34,31,1017,62,'Honney','','C00945','L','GI',0,'Beatriz Fernández','Mi Perro 10','2014-01-01 00:00:00','2014-01-01 00:00:00',0,0,0,0,0,0,'',1),
(8,57,34,33,1018,62,'Rigo','','C00944','L','GI',0,'Alberto Prieto','Mi Perro 10','2014-01-01 00:00:00','2014-01-01 00:00:00',0,0,0,0,0,0,'',1),
(8,57,34,46,1019,62,'Zoe','','C00914','L','GI',0,'Marta Sánchez','Narub','2014-01-01 00:00:00','2014-01-01 00:00:00',0,0,0,0,0,0,'',1),
(8,57,34,45,1020,62,'Maddy','','C00929','L','GI',0,'Estefania Sánchez','Narub','2014-01-01 00:00:00','2014-01-01 00:00:00',0,0,0,0,0,0,'',1),
(8,57,34,64,1021,62,'Kiko','','C00855','L','GI',0,'Jesús Sánchez','Tandem','2014-01-01 00:00:00','2014-01-01 00:00:00',0,0,0,0,0,0,'',1),
(8,57,34,50,1022,62,'Dante','','C00788','L','GI',0,'Alfonso Sánchez','Petercan','2014-01-01 00:00:00','2014-01-01 00:00:00',0,0,0,0,0,0,'',1),
(8,57,34,51,1023,62,'Pipa','','C00787','L','GI',0,'Begoña de Ramón','Petercan','2014-01-01 00:00:00','2014-01-01 00:00:00',0,0,0,0,0,0,'',1),
(8,57,34,37,1039,62,'Beltxi','','C00850','T','GI',0,'Amaila Peña','Mi Perro 10','2014-01-01 00:00:00','2014-01-01 00:00:00',0,0,0,0,0,0,'',1),
(8,57,34,24,1040,62,'Mika','','C00703','T','GI',0,'Eli Brandsaeter','Deporcan','2014-01-01 00:00:00','2014-01-01 00:00:00',0,0,0,0,0,0,'',1),
(8,57,34,54,1041,62,'Pepe','','C00706','T','GI',0,'Jesús Montes','Petercan','2014-01-01 00:00:00','2014-01-01 00:00:00',0,0,0,0,0,0,'',1),
(8,57,34,35,1042,62,'Dana','','C00063B','S','GI',0,'Ana Nevado','Mi Perro 10','2014-01-01 00:00:00','2014-01-01 00:00:00',0,0,0,0,0,0,'',1),
(8,57,34,36,1043,62,'Greta','','C00979','S','GI',0,'Diego Martín','Mi Perro 10','2014-01-01 00:00:00','2014-01-01 00:00:00',0,0,0,0,0,0,'',1),
(8,57,34,13,1044,62,'Samba','','C00751','S','GI',0,'Julia Gómez','Agility Valladolid','2014-01-01 00:00:00','2014-01-01 00:00:00',0,0,0,0,0,0,'',1),
(8,57,34,12,1045,62,'Ra','','C00664B','S','GI',0,'Irene Arranz','Agility Valladolid','2014-01-01 00:00:00','2014-01-01 00:00:00',0,0,0,0,0,0,'',1),
(8,57,34,66,1046,62,'Sayuri','','C00733C','S','GI',0,'Juan Carlos Redondo','Tandem','2014-01-01 00:00:00','2014-01-01 00:00:00',0,0,0,0,0,0,'',1),
(8,57,34,53,1047,62,'Seni','','C00675B','S','GI',0,'Inés Sanchez','Petercan','2014-01-01 00:00:00','2014-01-01 00:00:00',0,0,0,0,0,0,'',1),
(8,57,34,52,1048,62,'Duma','','C00675','S','GI',0,'Inés Sanchez','Petercan','2014-01-01 00:00:00','2014-01-01 00:00:00',0,0,0,0,0,0,'',1),
(8,57,34,3,1049,62,'Toska','','C00866','M','GI',0,'Jesús Gómez','Agilcan','2014-01-01 00:00:00','2014-01-01 00:00:00',0,0,0,0,0,0,'',1),
(8,57,34,34,1050,62,'Layla','','C00946','M','GI',0,'Gloria Hernández','Mi Perro 10','2014-01-01 00:00:00','2014-01-01 00:00:00',0,0,0,0,0,0,'',1),
(8,57,35,11,1009,62,'Arpa','','C00024C','M','GI',0,'Luis Carlos Rodríguez','Agility Valladolid','2014-01-01 00:00:00','2014-01-01 00:00:00',0,0,0,0,0,0,'',1),
(8,57,35,23,1010,62,'Onza','','C00849','M','GI',0,'Irene Blanco','Deporcan','2014-01-01 00:00:00','2014-01-01 00:00:00',0,0,0,0,0,0,'',1),
(8,57,35,22,1011,62,'Nella','','C00884','M','GI',0,'Laura Pérez','Deporcan','2014-01-01 00:00:00','2014-01-01 00:00:00',0,0,0,0,0,0,'',1),
(8,57,35,65,1012,62,'Lis','','C00805','M','GI',0,'Miriam Villar','Tandem','2014-01-01 00:00:00','2014-01-01 00:00:00',0,0,0,0,0,0,'',1),
(8,57,35,7,1013,62,'Alpha','','C00954','L','GI',0,'Javier Rosado','Agility Pinto','2014-01-01 00:00:00','2014-01-01 00:00:00',0,0,0,0,0,0,'',1),
(8,57,35,30,1014,62,'Truco','','C00739','L','GI',0,'Germán López','Formadog','2014-01-01 00:00:00','2014-01-01 00:00:00',0,0,0,0,0,0,'',1),
(8,57,35,2,1015,62,'Vasch','','C00866B','L','GI',0,'Jesús Gómez','Agilcan','2014-01-01 00:00:00','2014-01-01 00:00:00',0,0,0,0,0,0,'',1),
(8,57,35,32,1016,62,'Loghan','','C00355B','L','GI',0,'Mónica Saavedra','Mi Perro 10','2014-01-01 00:00:00','2014-01-01 00:00:00',0,0,0,0,0,0,'',1),
(8,57,35,31,1017,62,'Honney','','C00945','L','GI',0,'Beatriz Fernández','Mi Perro 10','2014-01-01 00:00:00','2014-01-01 00:00:00',0,0,0,0,0,0,'',1),
(8,57,35,33,1018,62,'Rigo','','C00944','L','GI',0,'Alberto Prieto','Mi Perro 10','2014-01-01 00:00:00','2014-01-01 00:00:00',0,0,0,0,0,0,'',1),
(8,57,35,46,1019,62,'Zoe','','C00914','L','GI',0,'Marta Sánchez','Narub','2014-01-01 00:00:00','2014-01-01 00:00:00',0,0,0,0,0,0,'',1),
(8,57,35,45,1020,62,'Maddy','','C00929','L','GI',0,'Estefania Sánchez','Narub','2014-01-01 00:00:00','2014-01-01 00:00:00',0,0,0,0,0,0,'',1),
(8,57,35,64,1021,62,'Kiko','','C00855','L','GI',0,'Jesús Sánchez','Tandem','2014-01-01 00:00:00','2014-01-01 00:00:00',0,0,0,0,0,0,'',1),
(8,57,35,50,1022,62,'Dante','','C00788','L','GI',0,'Alfonso Sánchez','Petercan','2014-01-01 00:00:00','2014-01-01 00:00:00',0,0,0,0,0,0,'',1),
(8,57,35,51,1023,62,'Pipa','','C00787','L','GI',0,'Begoña de Ramón','Petercan','2014-01-01 00:00:00','2014-01-01 00:00:00',0,0,0,0,0,0,'',1),
(8,57,35,37,1039,62,'Beltxi','','C00850','T','GI',0,'Amaila Peña','Mi Perro 10','2014-01-01 00:00:00','2014-01-01 00:00:00',0,0,0,0,0,0,'',1),
(8,57,35,24,1040,62,'Mika','','C00703','T','GI',0,'Eli Brandsaeter','Deporcan','2014-01-01 00:00:00','2014-01-01 00:00:00',0,0,0,0,0,0,'',1),
(8,57,35,54,1041,62,'Pepe','','C00706','T','GI',0,'Jesús Montes','Petercan','2014-01-01 00:00:00','2014-01-01 00:00:00',0,0,0,0,0,0,'',1),
(8,57,35,35,1042,62,'Dana','','C00063B','S','GI',0,'Ana Nevado','Mi Perro 10','2014-01-01 00:00:00','2014-01-01 00:00:00',0,0,0,0,0,0,'',1),
(8,57,35,36,1043,62,'Greta','','C00979','S','GI',0,'Diego Martín','Mi Perro 10','2014-01-01 00:00:00','2014-01-01 00:00:00',0,0,0,0,0,0,'',1),
(8,57,35,13,1044,62,'Samba','','C00751','S','GI',0,'Julia Gómez','Agility Valladolid','2014-01-01 00:00:00','2014-01-01 00:00:00',0,0,0,0,0,0,'',1),
(8,57,35,12,1045,62,'Ra','','C00664B','S','GI',0,'Irene Arranz','Agility Valladolid','2014-01-01 00:00:00','2014-01-01 00:00:00',0,0,0,0,0,0,'',1),
(8,57,35,66,1046,62,'Sayuri','','C00733C','S','GI',0,'Juan Carlos Redondo','Tandem','2014-01-01 00:00:00','2014-01-01 00:00:00',0,0,0,0,0,0,'',1),
(8,57,35,53,1047,62,'Seni','','C00675B','S','GI',0,'Inés Sanchez','Petercan','2014-01-01 00:00:00','2014-01-01 00:00:00',0,0,0,0,0,0,'',1),
(8,57,35,52,1048,62,'Duma','','C00675','S','GI',0,'Inés Sanchez','Petercan','2014-01-01 00:00:00','2014-01-01 00:00:00',0,0,0,0,0,0,'',1),
(8,57,35,3,1049,62,'Toska','','C00866','M','GI',0,'Jesús Gómez','Agilcan','2014-01-01 00:00:00','2014-01-01 00:00:00',0,0,0,0,0,0,'',1),
(8,57,35,34,1050,62,'Layla','','C00946','M','GI',0,'Gloria Hernández','Mi Perro 10','2014-01-01 00:00:00','2014-01-01 00:00:00',0,0,0,0,0,0,'',1),
(8,57,36,42,1024,62,'Hera','','C00409B','M','GII',0,'Jesús Fernández','Mi Perro 10','2014-01-01 00:00:00','2014-01-01 00:00:00',0,0,0,0,0,0,'',1),
(8,57,36,43,1025,62,'Maggie','','C00505B','M','GII',0,'María Estada','Mi Perro 10','2014-01-01 00:00:00','2014-01-01 00:00:00',0,0,0,0,0,0,'',1),
(8,57,36,41,1026,62,'Gurú','','C00622','M','GII',0,'Ricardo de la Cruz','Mi Perro 10','2014-01-01 00:00:00','2014-01-01 00:00:00',0,0,0,0,0,0,'',1),
(8,57,36,15,1027,62,'Bimba','','C00314','M','GII',0,'Raúl Garrosa','Agility Valladolid','2014-01-01 00:00:00','2014-01-01 00:00:00',0,0,0,0,0,0,'',1),
(8,57,36,16,1028,62,'Lucas','','C00659','M','GII',0,'Alberto Conde','Agility Valladolid','2014-01-01 00:00:00','2014-01-01 00:00:00',0,0,0,0,0,0,'',1),
(8,57,36,1,1029,62,'Nut','','C00131','M','GII',0,'Mónica Rodríguez','AA Y CIA','2014-01-01 00:00:00','2014-01-01 00:00:00',0,0,0,0,0,0,'',1),
(8,57,36,68,1030,62,'Magic Black','','C00366','M','GII',0,'Raquel Garrido','Tandem','2014-01-01 00:00:00','2014-01-01 00:00:00',0,0,0,0,0,0,'',1),
(8,57,36,55,1031,62,'Coronita','','C00134','M','GII',0,'Sara Valle','Petercan','2014-01-01 00:00:00','2014-01-01 00:00:00',0,0,0,0,0,0,'',1),
(8,57,36,4,1032,62,'Thais','','C00865B','L','GII',0,'Elena Cardenal','Agilcan','2014-01-01 00:00:00','2014-01-01 00:00:00',0,0,0,0,0,0,'',1),
(8,57,36,38,1033,62,'Knut','','C00409C','L','GII',0,'Jesús Fernández','Mi Perro 10','2014-01-01 00:00:00','2014-01-01 00:00:00',0,0,0,0,0,0,'',1),
(8,57,36,39,1034,62,'Lisa','','C00505','L','GII',0,'María Estada','Mi Perro 10','2014-01-01 00:00:00','2014-01-01 00:00:00',0,0,0,0,0,0,'',1),
(8,57,36,40,1035,62,'Ori','','C00063','L','GII',0,'Ana Nevado','Mi Perro 10','2014-01-01 00:00:00','2014-01-01 00:00:00',0,0,0,0,0,0,'',1),
(8,57,36,14,1036,62,'Xannda','','C00752','L','GII',0,'Guillermo Muñoz','Agility Valladolid','2014-01-01 00:00:00','2014-01-01 00:00:00',0,0,0,0,0,0,'',1),
(8,57,36,25,1037,62,'Soma','','C00749','L','GII',0,'Carmen Melcón','Deporcan','2014-01-01 00:00:00','2014-01-01 00:00:00',0,0,0,0,0,0,'',1),
(8,57,36,67,1038,62,'Assucar','','C00733B','L','GII',0,'Juan Carlos Redondo','Tandem','2014-01-01 00:00:00','2014-01-01 00:00:00',0,0,0,0,0,0,'',1),
(8,57,36,63,1051,62,'Ada','','C00424','T','GII',0,'Ramón Arribas','Pura Vida','2014-01-01 00:00:00','2014-01-01 00:00:00',0,0,0,0,0,0,'',1),
(8,57,36,21,1052,62,'Ursula','','C00851','T','GII',0,'Pablo Martínez Lago','Black&White','2014-01-01 00:00:00','2014-01-01 00:00:00',0,0,0,0,0,0,'',1),
(8,57,36,44,1053,62,'Lennon','','C00355','T','GII',0,'Mónica Saavedra','Mi Perro 10','2014-01-01 00:00:00','2014-01-01 00:00:00',0,0,0,0,0,0,'',1),
(8,57,36,18,1054,62,'Isis','','C00623','T','GII',0,'Francisco Sáiz','Agility Valladolid','2014-01-01 00:00:00','2014-01-01 00:00:00',0,0,0,0,0,0,'',1),
(8,57,36,17,1055,62,'Anubis','','C00623B','T','GII',0,'Francisco Sáiz','Agility Valladolid','2014-01-01 00:00:00','2014-01-01 00:00:00',0,0,0,0,0,0,'',1),
(8,57,36,48,1056,62,'Ella','','C00621','T','GII',0,'Rafael García','Narub','2014-01-01 00:00:00','2014-01-01 00:00:00',0,0,0,0,0,0,'',1),
(8,57,36,49,1057,62,'Mía','','C00621B','T','GII',0,'Rafael García','Narub','2014-01-01 00:00:00','2014-01-01 00:00:00',0,0,0,0,0,0,'',1),
(8,57,36,29,1058,62,'Manzanillo','','C00750','T','GII',0,'Virginia Pastor','Deporcan','2014-01-01 00:00:00','2014-01-01 00:00:00',0,0,0,0,0,0,'',1),
(8,57,36,47,1059,62,'Swing','','C00697','S','GII',0,'Olga Palomares','Narub','2014-01-01 00:00:00','2014-01-01 00:00:00',0,0,0,0,0,0,'',1),
(8,57,36,26,1060,62,'Greta','','C00755','S','GII',0,'Susana Martín','Deporcan','2014-01-01 00:00:00','2014-01-01 00:00:00',0,0,0,0,0,0,'',1),
(8,57,36,27,1061,62,'Trufa','','C00670','S','GII',0,'Rosa Rubio','Deporcan','2014-01-01 00:00:00','2014-01-01 00:00:00',0,0,0,0,0,0,'',1),
(8,57,36,28,1062,62,'Wendy','','C00731','S','GII',0,'Nicolás Alcaide','Deporcan','2014-01-01 00:00:00','2014-01-01 00:00:00',0,0,0,0,0,0,'',1),
(8,57,36,56,1063,62,'Flaca','','C00134B','S','GII',0,'Sara Valle','Petercan','2014-01-01 00:00:00','2014-01-01 00:00:00',0,0,0,0,0,0,'',1),
(8,57,36,19,1064,62,'Chuly','','C00728','M','GII',0,'Yaiza Caballero','Black&White','2014-01-01 00:00:00','2014-01-01 00:00:00',0,0,0,0,0,0,'',1),
(8,57,36,20,1065,62,'Kira','','C00297','M','GII',0,'Enrique Alonso Queija','Black&White','2014-01-01 00:00:00','2014-01-01 00:00:00',0,0,0,0,0,0,'',1),
(8,57,36,6,1066,62,'Onís','','C00860','M','GII',0,'Jose Antonio Vega','Agilcan','2014-01-01 00:00:00','2014-01-01 00:00:00',0,0,0,0,0,0,'',1),
(8,57,36,5,1067,62,'Geha','','C00848','M','GII',0,'Luis Carlos Sánchez','Agilcan','2014-01-01 00:00:00','2014-01-01 00:00:00',0,0,0,0,0,0,'',1),
(8,57,37,42,1024,62,'Hera','','C00409B','M','GII',0,'Jesús Fernández','Mi Perro 10','2014-01-01 00:00:00','2014-01-01 00:00:00',0,0,0,0,0,0,'',1),
(8,57,37,43,1025,62,'Maggie','','C00505B','M','GII',0,'María Estada','Mi Perro 10','2014-01-01 00:00:00','2014-01-01 00:00:00',0,0,0,0,0,0,'',1),
(8,57,37,41,1026,62,'Gurú','','C00622','M','GII',0,'Ricardo de la Cruz','Mi Perro 10','2014-01-01 00:00:00','2014-01-01 00:00:00',0,0,0,0,0,0,'',1),
(8,57,37,15,1027,62,'Bimba','','C00314','M','GII',0,'Raúl Garrosa','Agility Valladolid','2014-01-01 00:00:00','2014-01-01 00:00:00',0,0,0,0,0,0,'',1),
(8,57,37,16,1028,62,'Lucas','','C00659','M','GII',0,'Alberto Conde','Agility Valladolid','2014-01-01 00:00:00','2014-01-01 00:00:00',0,0,0,0,0,0,'',1),
(8,57,37,1,1029,62,'Nut','','C00131','M','GII',0,'Mónica Rodríguez','AA Y CIA','2014-01-01 00:00:00','2014-01-01 00:00:00',0,0,0,0,0,0,'',1),
(8,57,37,68,1030,62,'Magic Black','','C00366','M','GII',0,'Raquel Garrido','Tandem','2014-01-01 00:00:00','2014-01-01 00:00:00',0,0,0,0,0,0,'',1),
(8,57,37,55,1031,62,'Coronita','','C00134','M','GII',0,'Sara Valle','Petercan','2014-01-01 00:00:00','2014-01-01 00:00:00',0,0,0,0,0,0,'',1),
(8,57,37,4,1032,62,'Thais','','C00865B','L','GII',0,'Elena Cardenal','Agilcan','2014-01-01 00:00:00','2014-01-01 00:00:00',0,0,0,0,0,0,'',1),
(8,57,37,38,1033,62,'Knut','','C00409C','L','GII',0,'Jesús Fernández','Mi Perro 10','2014-01-01 00:00:00','2014-01-01 00:00:00',0,0,0,0,0,0,'',1),
(8,57,37,39,1034,62,'Lisa','','C00505','L','GII',0,'María Estada','Mi Perro 10','2014-01-01 00:00:00','2014-01-01 00:00:00',0,0,0,0,0,0,'',1),
(8,57,37,40,1035,62,'Ori','','C00063','L','GII',0,'Ana Nevado','Mi Perro 10','2014-01-01 00:00:00','2014-01-01 00:00:00',0,0,0,0,0,0,'',1),
(8,57,37,14,1036,62,'Xannda','','C00752','L','GII',0,'Guillermo Muñoz','Agility Valladolid','2014-01-01 00:00:00','2014-01-01 00:00:00',0,0,0,0,0,0,'',1),
(8,57,37,25,1037,62,'Soma','','C00749','L','GII',0,'Carmen Melcón','Deporcan','2014-01-01 00:00:00','2014-01-01 00:00:00',0,0,0,0,0,0,'',1),
(8,57,37,67,1038,62,'Assucar','','C00733B','L','GII',0,'Juan Carlos Redondo','Tandem','2014-01-01 00:00:00','2014-01-01 00:00:00',0,0,0,0,0,0,'',1),
(8,57,37,63,1051,62,'Ada','','C00424','T','GII',0,'Ramón Arribas','Pura Vida','2014-01-01 00:00:00','2014-01-01 00:00:00',0,0,0,0,0,0,'',1),
(8,57,37,21,1052,62,'Ursula','','C00851','T','GII',0,'Pablo Martínez Lago','Black&White','2014-01-01 00:00:00','2014-01-01 00:00:00',0,0,0,0,0,0,'',1),
(8,57,37,44,1053,62,'Lennon','','C00355','T','GII',0,'Mónica Saavedra','Mi Perro 10','2014-01-01 00:00:00','2014-01-01 00:00:00',0,0,0,0,0,0,'',1),
(8,57,37,18,1054,62,'Isis','','C00623','T','GII',0,'Francisco Sáiz','Agility Valladolid','2014-01-01 00:00:00','2014-01-01 00:00:00',0,0,0,0,0,0,'',1),
(8,57,37,17,1055,62,'Anubis','','C00623B','T','GII',0,'Francisco Sáiz','Agility Valladolid','2014-01-01 00:00:00','2014-01-01 00:00:00',0,0,0,0,0,0,'',1),
(8,57,37,48,1056,62,'Ella','','C00621','T','GII',0,'Rafael García','Narub','2014-01-01 00:00:00','2014-01-01 00:00:00',0,0,0,0,0,0,'',1),
(8,57,37,49,1057,62,'Mía','','C00621B','T','GII',0,'Rafael García','Narub','2014-01-01 00:00:00','2014-01-01 00:00:00',0,0,0,0,0,0,'',1),
(8,57,37,29,1058,62,'Manzanillo','','C00750','T','GII',0,'Virginia Pastor','Deporcan','2014-01-01 00:00:00','2014-01-01 00:00:00',0,0,0,0,0,0,'',1),
(8,57,37,47,1059,62,'Swing','','C00697','S','GII',0,'Olga Palomares','Narub','2014-01-01 00:00:00','2014-01-01 00:00:00',0,0,0,0,0,0,'',1),
(8,57,37,26,1060,62,'Greta','','C00755','S','GII',0,'Susana Martín','Deporcan','2014-01-01 00:00:00','2014-01-01 00:00:00',0,0,0,0,0,0,'',1),
(8,57,37,27,1061,62,'Trufa','','C00670','S','GII',0,'Rosa Rubio','Deporcan','2014-01-01 00:00:00','2014-01-01 00:00:00',0,0,0,0,0,0,'',1),
(8,57,37,28,1062,62,'Wendy','','C00731','S','GII',0,'Nicolás Alcaide','Deporcan','2014-01-01 00:00:00','2014-01-01 00:00:00',0,0,0,0,0,0,'',1),
(8,57,37,56,1063,62,'Flaca','','C00134B','S','GII',0,'Sara Valle','Petercan','2014-01-01 00:00:00','2014-01-01 00:00:00',0,0,0,0,0,0,'',1),
(8,57,37,19,1064,62,'Chuly','','C00728','M','GII',0,'Yaiza Caballero','Black&White','2014-01-01 00:00:00','2014-01-01 00:00:00',0,0,0,0,0,0,'',1),
(8,57,37,20,1065,62,'Kira','','C00297','M','GII',0,'Enrique Alonso Queija','Black&White','2014-01-01 00:00:00','2014-01-01 00:00:00',0,0,0,0,0,0,'',1),
(8,57,37,6,1066,62,'Onís','','C00860','M','GII',0,'Jose Antonio Vega','Agilcan','2014-01-01 00:00:00','2014-01-01 00:00:00',0,0,0,0,0,0,'',1),
(8,57,37,5,1067,62,'Geha','','C00848','M','GII',0,'Luis Carlos Sánchez','Agilcan','2014-01-01 00:00:00','2014-01-01 00:00:00',0,0,0,0,0,0,'',1),
(9,65,38,3,1077,70,'Asshay','Sheetland Sheepdog','2015990053P000000004','S','P.A.',0,'José Luis Cristobal','Agility Pinto','2014-01-01 00:00:00','2014-01-01 00:00:00',0,0,0,0,0,0,'',1),
(9,65,38,6,1080,70,'kira','','2015990049P000000005','M','P.A.',0,'Angel Llorente','Avila','2014-01-01 00:00:00','2014-01-01 00:00:00',0,0,0,0,0,0,'',1),
(9,65,38,7,1081,70,'Sparrow','Labrador Retriever','2015990049P000000006','M','P.A.',0,'David Martínez','Avila','2014-01-01 00:00:00','2014-01-01 00:00:00',0,0,0,0,0,0,'',1),
(9,65,38,5,1083,70,'Noah','Golden Retriever','2015990049P000000003','L','P.A.',0,'Ana Isabel Gutiérrez','Avila','2014-01-01 00:00:00','2014-01-01 00:00:00',0,0,0,0,0,0,'',1),
(9,65,38,8,1084,70,'Spies','Mestizo','','T','P.A.',0,'Laura García','Avila','2014-01-01 00:00:00','2014-01-01 00:00:00',0,0,0,0,0,0,'',1),
(9,65,38,4,1085,70,'Ella','Bearded Collie','','L','P.A.',0,'Raquel Soler','Avila','2014-01-01 00:00:00','2014-01-01 00:00:00',0,0,0,0,0,0,'',1),
(9,65,39,9,1073,70,'Mika','','20144990017P000000004','T','GI',0,'Eli Brandsaeter','Deporcan','2014-01-01 00:00:00','2014-01-01 00:00:00',0,0,0,0,0,0,'',1),
(9,65,39,11,1074,70,'Dana','','','S','GI',0,'Ana Nevado','Mi Perro 10','2014-01-01 00:00:00','2014-01-01 00:00:00',0,0,0,0,0,0,'',1),
(9,65,39,10,1075,70,'Shishuk','','','L','GI',0,'Ana Costa','Mi Perro 10','2014-01-01 00:00:00','2014-01-01 00:00:00',0,0,0,0,0,0,'',1),
(9,65,39,2,1076,70,'Alpha','','2015990053P000000001','L','GI',0,'Javier Rosado','Agility Pinto','2014-01-01 00:00:00','2014-01-01 00:00:00',0,0,0,0,0,0,'',1),
(9,65,39,1,1078,70,'Thelma','','','L','GI',0,'Fabian Santolaya','A. D. A. Pozuelo','2001-01-01 01:27:53','2001-01-01 01:27:53',0,0,0,0,0,0,'',1),
(9,65,39,12,1079,70,'Mady','','2015990016P000000005','L','GI',0,'Fanny Sánchez','Narub','2014-01-01 00:00:00','2014-01-01 00:00:00',0,0,0,0,0,0,'',1),
(9,65,40,9,1073,70,'Mika','','20144990017P000000004','T','GI',0,'Eli Brandsaeter','Deporcan','2014-01-01 00:00:00','2014-01-01 00:00:00',0,0,0,0,0,0,'',1),
(9,65,40,11,1074,70,'Dana','','','S','GI',0,'Ana Nevado','Mi Perro 10','2014-01-01 00:00:00','2014-01-01 00:00:00',0,0,0,0,0,0,'',1),
(9,65,40,10,1075,70,'Shishuk','','','L','GI',0,'Ana Costa','Mi Perro 10','2014-01-01 00:00:00','2014-01-01 00:00:00',0,0,0,0,0,0,'',1),
(9,65,40,2,1076,70,'Alpha','','2015990053P000000001','L','GI',0,'Javier Rosado','Agility Pinto','2014-01-01 00:00:00','2014-01-01 00:00:00',0,0,0,0,0,0,'',1),
(9,65,40,1,1078,70,'Thelma','','','L','GI',0,'Fabian Santolaya','A. D. A. Pozuelo','2001-01-01 01:28:06','2001-01-01 01:28:06',0,0,0,0,0,0,'',1),
(9,65,40,12,1079,70,'Mady','','2015990016P000000005','L','GI',0,'Fanny Sánchez','Narub','2014-01-01 00:00:00','2014-01-01 00:00:00',0,0,0,0,0,0,'',1),
(9,66,42,9,1073,71,'Mika','','20144990017P000000004','T','GI',0,'Eli Brandsaeter','Deporcan','2014-01-01 00:00:00','2014-01-01 00:00:00',0,0,0,0,0,0,'',1),
(9,66,42,11,1074,71,'Dana','','','S','GI',0,'Ana Nevado','Mi Perro 10','2014-01-01 00:00:00','2014-01-01 00:00:00',0,0,0,0,0,0,'',1),
(9,66,42,10,1075,71,'Shishuk','','','L','GI',0,'Ana Costa','Mi Perro 10','2014-01-01 00:00:00','2014-01-01 00:00:00',0,0,0,0,0,0,'',1),
(9,66,42,2,1076,71,'Alpha','','2015990053P000000001','L','GI',0,'Javier Rosado','Agility Pinto','2014-01-01 00:00:00','2014-01-01 00:00:00',0,0,0,0,0,0,'',1),
(9,66,42,1,1078,71,'Thelma','','','L','GI',0,'Fabian Santolaya','A. D. A. Pozuelo','2014-01-01 00:00:00','2014-01-01 00:00:00',0,0,0,0,0,0,'',1),
(9,66,42,12,1079,71,'Mady','','2015990016P000000005','L','GI',0,'Fanny Sánchez','Narub','2014-01-01 00:00:00','2014-01-01 00:00:00',0,0,0,0,0,0,'',1),
(9,66,43,9,1073,71,'Mika','','20144990017P000000004','T','GI',0,'Eli Brandsaeter','Deporcan','2014-01-01 00:00:00','2014-01-01 00:00:00',0,0,0,0,0,0,'',1),
(9,66,43,11,1074,71,'Dana','','','S','GI',0,'Ana Nevado','Mi Perro 10','2014-01-01 00:00:00','2014-01-01 00:00:00',0,0,0,0,0,0,'',1),
(9,66,43,10,1075,71,'Shishuk','','','L','GI',0,'Ana Costa','Mi Perro 10','2014-01-01 00:00:00','2014-01-01 00:00:00',0,0,0,0,0,0,'',1),
(9,66,43,2,1076,71,'Alpha','','2015990053P000000001','L','GI',0,'Javier Rosado','Agility Pinto','2014-01-01 00:00:00','2014-01-01 00:00:00',0,0,0,0,0,0,'',1),
(9,66,43,1,1078,71,'Thelma','','','L','GI',0,'Fabian Santolaya','A. D. A. Pozuelo','2014-01-01 00:00:00','2014-01-01 00:00:00',0,0,0,0,0,0,'',1),
(9,66,43,12,1079,71,'Mady','','2015990016P000000005','L','GI',0,'Fanny Sánchez','Narub','2014-01-01 00:00:00','2014-01-01 00:00:00',0,0,0,0,0,0,'',1),
(9,65,44,3,1077,70,'Asshay','Sheetland Sheepdog','2015990053P000000004','S','P.A.',0,'José Luis Cristobal','Agility Pinto','2014-01-01 00:00:00','2014-01-01 00:00:00',0,0,0,0,0,0,'',1),
(9,65,44,6,1080,70,'kira','','2015990049P000000005','M','P.A.',0,'Angel Llorente','Avila','2014-01-01 00:00:00','2014-01-01 00:00:00',0,0,0,0,0,0,'',1),
(9,65,44,7,1081,70,'Sparrow','Labrador Retriever','2015990049P000000006','M','P.A.',0,'David Martínez','Avila','2014-01-01 00:00:00','2014-01-01 00:00:00',0,0,0,0,0,0,'',1),
(9,65,44,5,1083,70,'Noah','Golden Retriever','2015990049P000000003','L','P.A.',0,'Ana Isabel Gutiérrez','Avila','2014-01-01 00:00:00','2014-01-01 00:00:00',0,0,0,0,0,0,'',1),
(9,65,44,8,1084,70,'Spies','Mestizo','','T','P.A.',0,'Laura García','Avila','2014-01-01 00:00:00','2014-01-01 00:00:00',0,0,0,0,0,0,'',1),
(9,65,44,4,1085,70,'Ella','Bearded Collie','','L','P.A.',0,'Raquel Soler','Avila','2014-01-01 00:00:00','2014-01-01 00:00:00',0,0,0,0,0,0,'',1),
(10,73,45,19,1095,78,'Kira','Beagle','C903','S','P.A.',0,'Angel Llorente','Avila','2014-01-01 00:00:00','2014-01-01 00:00:00',0,0,0,0,0,0,'',1),
(10,73,45,17,1096,78,'Sparrow','Labrador','C901','L','P.A.',0,'David Martínez','Avila','2014-01-01 00:00:00','2014-01-01 00:00:00',0,0,0,0,0,0,'',1),
(10,73,45,18,1097,78,'Zizou','Border Collie','C902','M','P.A.',0,'Luis Miguel Sánchez Galán','Avila','2014-01-01 00:00:00','2014-01-01 00:00:00',0,0,0,0,0,0,'',1),
(10,73,45,16,1098,78,'Noa','Golden Retriever','C900','L','P.A.',0,'Ana Isabel Gutierrez Arias','Avila','2014-01-01 00:00:00','2014-01-01 00:00:00',0,0,0,0,0,0,'',1),
(10,73,45,20,1099,78,'Spies','Mestizo','C985','T','P.A.',0,'Laura García','Avila','2014-01-01 00:00:00','2014-01-01 00:00:00',0,0,0,0,0,0,'',1),
(10,73,45,15,1100,78,'Ella','Bearded Collie','C986','L','P.A.',0,'Raquel Soler','Avila','2014-01-01 00:00:00','2014-01-01 00:00:00',0,0,0,0,0,0,'',1),
(10,73,46,19,1095,78,'Kira','Beagle','C903','S','P.A.',0,'Angel Llorente','Avila','2014-01-01 00:00:00','2014-01-01 00:00:00',0,0,0,0,0,0,'',1),
(10,73,46,17,1096,78,'Sparrow','Labrador','C901','L','P.A.',0,'David Martínez','Avila','2014-01-01 00:00:00','2014-01-01 00:00:00',0,0,0,0,0,0,'',1),
(10,73,46,18,1097,78,'Zizou','Border Collie','C902','M','P.A.',0,'Luis Miguel Sánchez Galán','Avila','2014-01-01 00:00:00','2014-01-01 00:00:00',0,0,0,0,0,0,'',1),
(10,73,46,16,1098,78,'Noa','Golden Retriever','C900','L','P.A.',0,'Ana Isabel Gutierrez Arias','Avila','2014-01-01 00:00:00','2014-01-01 00:00:00',0,0,0,0,0,0,'',1),
(10,73,46,20,1099,78,'Spies','Mestizo','C985','T','P.A.',0,'Laura García','Avila','2014-01-01 00:00:00','2014-01-01 00:00:00',0,0,0,0,0,0,'',1),
(10,73,46,15,1100,78,'Ella','Bearded Collie','C986','L','P.A.',0,'Raquel Soler','Avila','2014-01-01 00:00:00','2014-01-01 00:00:00',0,0,0,0,0,0,'',1),
(10,73,47,3,1009,78,'Arpa','','C00024C','M','GI',0,'Luis Carlos Rodríguez','Agility Valladolid','2014-01-01 00:00:00','2014-01-01 00:00:00',0,0,0,0,0,0,'',1),
(10,73,47,26,1010,78,'Onza','','C00849','M','GI',0,'Irene Blanco','Deporcan','2014-01-01 00:00:00','2014-01-01 00:00:00',0,0,0,0,0,0,'',1),
(10,73,47,36,1020,78,'Maddy','','C00929','L','GI',0,'Estefania Sánchez','Narub','2014-01-01 00:00:00','2014-01-01 00:00:00',0,0,0,0,0,0,'',1),
(10,73,47,27,1040,78,'Mika','','C00703','T','GI',0,'Eli Brandsaeter','Deporcan','2014-01-01 00:00:00','2014-01-01 00:00:00',0,0,0,0,0,0,'',1),
(10,73,47,32,1042,78,'Dana','','C00063B','S','GI',0,'Ana Nevado','Mi Perro 10','2014-01-01 00:00:00','2014-01-01 00:00:00',0,0,0,0,0,0,'',1),
(10,73,47,4,1045,78,'Ra','','C00664B','S','GI',0,'Irene Arranz','Agility Valladolid','2014-01-01 00:00:00','2014-01-01 00:00:00',0,0,0,0,0,0,'',1),
(10,73,47,31,1088,78,'Shishuk','Border Collie','','L','GI',0,'Ana Costa','Mi Perro 10','2014-01-01 00:00:00','2014-01-01 00:00:00',0,0,0,0,0,0,'',1),
(10,73,48,3,1009,78,'Arpa','','C00024C','M','GI',0,'Luis Carlos Rodríguez','Agility Valladolid','2014-01-01 00:00:00','2014-01-01 00:00:00',0,0,0,0,0,0,'',1),
(10,73,48,26,1010,78,'Onza','','C00849','M','GI',0,'Irene Blanco','Deporcan','2014-01-01 00:00:00','2014-01-01 00:00:00',0,0,0,0,0,0,'',1),
(10,73,48,36,1020,78,'Maddy','','C00929','L','GI',0,'Estefania Sánchez','Narub','2014-01-01 00:00:00','2014-01-01 00:00:00',0,0,0,0,0,0,'',1),
(10,73,48,27,1040,78,'Mika','','C00703','T','GI',0,'Eli Brandsaeter','Deporcan','2014-01-01 00:00:00','2014-01-01 00:00:00',0,0,0,0,0,0,'',1),
(10,73,48,32,1042,78,'Dana','','C00063B','S','GI',0,'Ana Nevado','Mi Perro 10','2014-01-01 00:00:00','2014-01-01 00:00:00',0,0,0,0,0,0,'',1),
(10,73,48,4,1045,78,'Ra','','C00664B','S','GI',0,'Irene Arranz','Agility Valladolid','2014-01-01 00:00:00','2014-01-01 00:00:00',0,0,0,0,0,0,'',1),
(10,73,48,31,1088,78,'Shishuk','Border Collie','','L','GI',0,'Ana Costa','Mi Perro 10','2014-01-01 00:00:00','2014-01-01 00:00:00',0,0,0,0,0,0,'',1),
(10,73,49,35,1025,78,'Maggie','','C00505B','M','GII',0,'María Estada','Mi Perro 10','2014-01-01 00:00:00','2014-01-01 00:00:00',0,0,0,0,0,0,'',1),
(10,73,49,7,1027,78,'Bimba','','C00314','M','GII',0,'Raúl Garrosa','Agility Valladolid','2014-01-01 00:00:00','2014-01-01 00:00:00',0,0,0,0,0,0,'',1),
(10,73,49,10,1028,78,'Lucas','','C00659','M','GII',0,'Alberto Conde','Agility Valladolid','2014-01-01 00:00:00','2014-01-01 00:00:00',0,0,0,0,0,0,'',1),
(10,73,49,1,1029,78,'Nut','','C00131','M','GII',0,'Mónica Rodríguez','AA Y CIA','2014-01-01 00:00:00','2014-01-01 00:00:00',0,0,0,0,0,0,'',1),
(10,73,49,39,1030,78,'Magic Black','','C00366','M','GII',0,'Raquel Garrido','Tandem','2014-01-01 00:00:00','2014-01-01 00:00:00',0,0,0,0,0,0,'',1),
(10,73,49,33,1034,78,'Lisa','','C00505','L','GII',0,'María Estada','Mi Perro 10','2014-01-01 00:00:00','2014-01-01 00:00:00',0,0,0,0,0,0,'',1),
(10,73,49,34,1035,78,'Ori','','C00063','L','GII',0,'Ana Nevado','Mi Perro 10','2014-01-01 00:00:00','2014-01-01 00:00:00',0,0,0,0,0,0,'',1),
(10,73,49,6,1036,78,'Xannda','','C00752','L','GII',0,'Guillermo Muñoz','Agility Valladolid','2014-01-01 00:00:00','2014-01-01 00:00:00',0,0,0,0,0,0,'',1),
(10,73,49,28,1037,78,'Soma','','C00749','L','GII',0,'Carmen Melcón','Deporcan','2001-01-01 01:11:50','2001-01-01 01:11:50',0,0,0,0,0,0,'',1),
(10,73,49,38,1051,78,'Ada','','C00424','T','GII',0,'Ramón Arribas','Pura Vida','2014-01-01 00:00:00','2014-01-01 00:00:00',0,0,0,0,0,0,'',1),
(10,73,49,25,1052,78,'Ursula','','C00851','T','GII',0,'Pablo Martínez Lago','Black&White','2014-01-01 00:00:00','2014-01-01 00:00:00',0,0,0,0,0,0,'',1),
(10,73,49,12,1054,78,'Isis','','C00623','T','GII',0,'Francisco Sáiz','Agility Valladolid','2014-01-01 00:00:00','2014-01-01 00:00:00',0,0,0,0,0,0,'',1),
(10,73,49,11,1055,78,'Anubis','','C00623B','T','GII',0,'Francisco Sáiz','Agility Valladolid','2014-01-01 00:00:00','2014-01-01 00:00:00',0,0,0,0,0,0,'',1),
(10,73,49,29,1061,78,'Trufa','','C00670','S','GII',0,'Rosa Rubio','Deporcan','2014-01-01 00:00:00','2014-01-01 00:00:00',0,0,0,0,0,0,'',1),
(10,73,49,30,1062,78,'Wendy','','C00731','S','GII',0,'Nicolás Alcaide','Deporcan','2014-01-01 00:00:00','2014-01-01 00:00:00',0,0,0,0,0,0,'',1),
(10,73,49,21,1064,78,'Chuly','','C00728','M','GII',0,'Yaiza Caballero','Black&White','2014-01-01 00:00:00','2014-01-01 00:00:00',0,0,0,0,0,0,'',1),
(10,73,49,22,1065,78,'Kira','','C00297','M','GII',0,'Enrique Alonso Queija','Black&White','2014-01-01 00:00:00','2014-01-01 00:00:00',0,0,0,0,0,0,'',1),
(10,73,49,2,1067,78,'Geha','','C00848','M','GII',0,'Luis Carlos Sánchez','Agilcan','2014-01-01 00:00:00','2014-01-01 00:00:00',0,0,0,0,0,0,'',1),
(10,73,49,23,1086,78,'Skye','Border Collie','C00767','M','GII',0,'Ana Belén Ondategui','Black&White','2014-01-01 00:00:00','2014-01-01 00:00:00',0,0,0,0,0,0,'',1),
(10,73,49,24,1087,78,'Wind','Border Collie','C00086B','M','GII',0,'Sergio Casalins','Black&White','2014-01-01 00:00:00','2014-01-01 00:00:00',0,0,0,0,0,0,'',1),
(10,73,49,37,1089,78,'Lara','Border Collie','','M','GII',0,'Francisco Moeno','Narub','2014-01-01 00:00:00','2014-01-01 00:00:00',0,0,0,0,0,0,'',1),
(10,73,49,8,1090,78,'Hada','Border Collie','C416','M','GII',0,'Ruth Blanco Pérez','Agility Valladolid','2014-01-01 00:00:00','2014-01-01 00:00:00',0,0,0,0,0,0,'',1),
(10,73,49,9,1091,78,'Jara','Border Collie','C305','M','GII',0,'Eugenio Cid Cebrian','Agility Valladolid','2014-01-01 00:00:00','2014-01-01 00:00:00',0,0,0,0,0,0,'',1),
(10,73,49,5,1092,78,'Jana','P.B. Malinoise','C024','L','GII',0,'Luis Carlos Rodríguez','Agility Valladolid','2014-01-01 00:00:00','2014-01-01 00:00:00',0,0,0,0,0,0,'',1),
(10,73,49,14,1093,78,'Gazelle','P. Pirineos','C047','S','GII',0,'Ana Pose','Avila','2014-01-01 00:00:00','2014-01-01 00:00:00',0,0,0,0,0,0,'',1),
(10,73,49,13,1094,78,'Eclair','P. Pirineo','C047B','M','GII',0,'Ana Pose','Avila','2014-01-01 00:00:00','2014-01-01 00:00:00',0,0,0,0,0,0,'',1),
(10,73,50,35,1025,78,'Maggie','','C00505B','M','GII',0,'María Estada','Mi Perro 10','2014-01-01 00:00:00','2014-01-01 00:00:00',0,0,0,0,0,0,'',1),
(10,73,50,7,1027,78,'Bimba','','C00314','M','GII',0,'Raúl Garrosa','Agility Valladolid','2014-01-01 00:00:00','2014-01-01 00:00:00',0,0,0,0,0,0,'',1),
(10,73,50,10,1028,78,'Lucas','','C00659','M','GII',0,'Alberto Conde','Agility Valladolid','2014-01-01 00:00:00','2014-01-01 00:00:00',0,0,0,0,0,0,'',1),
(10,73,50,1,1029,78,'Nut','','C00131','M','GII',0,'Mónica Rodríguez','AA Y CIA','2014-01-01 00:00:00','2014-01-01 00:00:00',0,0,0,0,0,0,'',1),
(10,73,50,39,1030,78,'Magic Black','','C00366','M','GII',0,'Raquel Garrido','Tandem','2014-01-01 00:00:00','2014-01-01 00:00:00',0,0,0,0,0,0,'',1),
(10,73,50,33,1034,78,'Lisa','','C00505','L','GII',0,'María Estada','Mi Perro 10','2014-01-01 00:00:00','2014-01-01 00:00:00',0,0,0,0,0,0,'',1),
(10,73,50,34,1035,78,'Ori','','C00063','L','GII',0,'Ana Nevado','Mi Perro 10','2014-01-01 00:00:00','2014-01-01 00:00:00',0,0,0,0,0,0,'',1),
(10,73,50,6,1036,78,'Xannda','','C00752','L','GII',0,'Guillermo Muñoz','Agility Valladolid','2014-01-01 00:00:00','2014-01-01 00:00:00',0,0,0,0,0,0,'',1),
(10,73,50,28,1037,78,'Soma','','C00749','L','GII',0,'Carmen Melcón','Deporcan','2001-01-01 01:12:06','2001-01-01 01:12:06',0,0,0,0,0,0,'',1),
(10,73,50,38,1051,78,'Ada','','C00424','T','GII',0,'Ramón Arribas','Pura Vida','2014-01-01 00:00:00','2014-01-01 00:00:00',0,0,0,0,0,0,'',1),
(10,73,50,25,1052,78,'Ursula','','C00851','T','GII',0,'Pablo Martínez Lago','Black&White','2014-01-01 00:00:00','2014-01-01 00:00:00',0,0,0,0,0,0,'',1),
(10,73,50,12,1054,78,'Isis','','C00623','T','GII',0,'Francisco Sáiz','Agility Valladolid','2014-01-01 00:00:00','2014-01-01 00:00:00',0,0,0,0,0,0,'',1),
(10,73,50,11,1055,78,'Anubis','','C00623B','T','GII',0,'Francisco Sáiz','Agility Valladolid','2014-01-01 00:00:00','2014-01-01 00:00:00',0,0,0,0,0,0,'',1),
(10,73,50,29,1061,78,'Trufa','','C00670','S','GII',0,'Rosa Rubio','Deporcan','2014-01-01 00:00:00','2014-01-01 00:00:00',0,0,0,0,0,0,'',1),
(10,73,50,30,1062,78,'Wendy','','C00731','S','GII',0,'Nicolás Alcaide','Deporcan','2014-01-01 00:00:00','2014-01-01 00:00:00',0,0,0,0,0,0,'',1),
(10,73,50,21,1064,78,'Chuly','','C00728','M','GII',0,'Yaiza Caballero','Black&White','2014-01-01 00:00:00','2014-01-01 00:00:00',0,0,0,0,0,0,'',1),
(10,73,50,22,1065,78,'Kira','','C00297','M','GII',0,'Enrique Alonso Queija','Black&White','2014-01-01 00:00:00','2014-01-01 00:00:00',0,0,0,0,0,0,'',1),
(10,73,50,2,1067,78,'Geha','','C00848','M','GII',0,'Luis Carlos Sánchez','Agilcan','2014-01-01 00:00:00','2014-01-01 00:00:00',0,0,0,0,0,0,'',1),
(10,73,50,23,1086,78,'Skye','Border Collie','C00767','M','GII',0,'Ana Belén Ondategui','Black&White','2014-01-01 00:00:00','2014-01-01 00:00:00',0,0,0,0,0,0,'',1),
(10,73,50,24,1087,78,'Wind','Border Collie','C00086B','M','GII',0,'Sergio Casalins','Black&White','2014-01-01 00:00:00','2014-01-01 00:00:00',0,0,0,0,0,0,'',1),
(10,73,50,37,1089,78,'Lara','Border Collie','','M','GII',0,'Francisco Moeno','Narub','2014-01-01 00:00:00','2014-01-01 00:00:00',0,0,0,0,0,0,'',1),
(10,73,50,8,1090,78,'Hada','Border Collie','C416','M','GII',0,'Ruth Blanco Pérez','Agility Valladolid','2014-01-01 00:00:00','2014-01-01 00:00:00',0,0,0,0,0,0,'',1),
(10,73,50,9,1091,78,'Jara','Border Collie','C305','M','GII',0,'Eugenio Cid Cebrian','Agility Valladolid','2014-01-01 00:00:00','2014-01-01 00:00:00',0,0,0,0,0,0,'',1),
(10,73,50,5,1092,78,'Jana','P.B. Malinoise','C024','L','GII',0,'Luis Carlos Rodríguez','Agility Valladolid','2014-01-01 00:00:00','2014-01-01 00:00:00',0,0,0,0,0,0,'',1),
(10,73,50,14,1093,78,'Gazelle','P. Pirineos','C047','S','GII',0,'Ana Pose','Avila','2014-01-01 00:00:00','2014-01-01 00:00:00',0,0,0,0,0,0,'',1),
(10,73,50,13,1094,78,'Eclair','P. Pirineo','C047B','M','GII',0,'Ana Pose','Avila','2014-01-01 00:00:00','2014-01-01 00:00:00',0,0,0,0,0,0,'',1),
(11,81,51,21,369,86,'Kiss','','','L','GI',0,'Jara Pérez','Agilcan','2014-01-01 00:00:00','2014-01-01 00:00:00',0,0,0,0,0,0,'',1),
(11,81,51,22,370,86,'Milka','','','L','GI',0,'Javier Martín','Agilcan','2014-01-01 00:00:00','2014-01-01 00:00:00',0,0,0,0,0,0,'',1),
(11,81,51,38,561,86,'Yara','','','L','GI',0,'Sonia Gil','Cinco Huesos','2014-01-01 00:00:00','2014-01-01 00:00:00',0,0,0,0,0,0,'',1),
(11,81,51,39,565,86,'Lillo','Jack Russel','','S','GI',0,'Mari Carmen Martí Sanz','Cinco Huesos','2014-01-01 00:00:00','2014-01-01 00:00:00',0,0,0,0,0,0,'',1),
(11,81,51,51,573,86,'Manzanillo','','','S','GI',0,'Virginia Pastor','Deporcan','2014-01-01 00:00:00','2014-01-01 00:00:00',0,0,0,0,0,0,'',1),
(11,81,51,23,629,86,'Vash','','','L','GI',0,'Jesús Gómez','Agilcan','2014-01-01 00:00:00','2014-01-01 00:00:00',0,0,0,0,0,0,'',1),
(11,81,51,1,633,86,'Asics','Pastor Belga Malinois','','L','GI',0,'Luis Miguel Rodrigo','A-0','2014-01-01 00:00:00','2014-01-01 00:00:00',0,0,0,0,0,0,'',1),
(11,81,51,75,704,86,'Sweet','','','M','GI',0,'David Chinchilla','L\'Horta Nord','2014-01-01 00:00:00','2014-01-01 00:00:00',0,0,0,0,0,0,'',1),
(11,81,51,94,1072,86,'Sayuri','','','M','GI',0,'Juan Carlos Redondo','Tandem','2014-01-01 00:00:00','2014-01-01 00:00:00',0,0,0,0,0,0,'',1),
(11,81,51,28,1102,86,'Dora','Border Collie','','L','GI',0,'Tania López','Canedupo','2014-01-01 00:00:00','2014-01-01 00:00:00',0,0,0,0,0,0,'',1),
(11,81,51,29,1103,86,'Puchi','Mestizo','','S','GI',0,'Tania López','Canedupo','2014-01-01 00:00:00','2014-01-01 00:00:00',0,0,0,0,0,0,'',1),
(11,81,51,66,1106,86,'Narnia','','','S','GI',0,'Carmen Briceño','L\'Almozara','2014-01-01 00:00:00','2014-01-01 00:00:00',0,0,0,0,0,0,'',1),
(11,81,51,84,1107,86,'Jessei','Border Collie','','L','GI',0,'Antonio Cid','Mi Perro 10','2014-01-01 00:00:00','2014-01-01 00:00:00',0,0,0,0,0,0,'',1),
(11,81,51,85,1108,86,'Lisa','Border Collie','','L','GI',0,'Maria Estada','Mi Perro 10','2014-01-01 00:00:00','2014-01-01 00:00:00',0,0,0,0,0,0,'',1),
(11,81,51,86,1109,86,'Lolo','Mestizo','','L','GI',0,'Laura Moral','Mi Perro 10','2014-01-01 00:00:00','2014-01-01 00:00:00',0,0,0,0,0,0,'',1),
(11,81,51,87,1110,86,'Maggie','Border Collie','','L','GI',0,'Maria Estada','Mi Perro 10','2014-01-01 00:00:00','2014-01-01 00:00:00',0,0,0,0,0,0,'',1),
(11,81,51,76,1112,86,'Indar','Sheetland Sheepdog','','S','GI',0,'Irati Diego','L\'Horta Nord','2014-01-01 00:00:00','2014-01-01 00:00:00',0,0,0,0,0,0,'',1),
(11,81,52,21,369,86,'Kiss','','','L','GI',0,'Jara Pérez','Agilcan','2014-01-01 00:00:00','2014-01-01 00:00:00',0,0,0,0,0,0,'',1),
(11,81,52,22,370,86,'Milka','','','L','GI',0,'Javier Martín','Agilcan','2014-01-01 00:00:00','2014-01-01 00:00:00',0,0,0,0,0,0,'',1),
(11,81,52,38,561,86,'Yara','','','L','GI',0,'Sonia Gil','Cinco Huesos','2014-01-01 00:00:00','2014-01-01 00:00:00',0,0,0,0,0,0,'',1),
(11,81,52,39,565,86,'Lillo','Jack Russel','','S','GI',0,'Mari Carmen Martí Sanz','Cinco Huesos','2014-01-01 00:00:00','2014-01-01 00:00:00',0,0,0,0,0,0,'',1),
(11,81,52,51,573,86,'Manzanillo','','','S','GI',0,'Virginia Pastor','Deporcan','2014-01-01 00:00:00','2014-01-01 00:00:00',0,0,0,0,0,0,'',1),
(11,81,52,23,629,86,'Vash','','','L','GI',0,'Jesús Gómez','Agilcan','2014-01-01 00:00:00','2014-01-01 00:00:00',0,0,0,0,0,0,'',1),
(11,81,52,1,633,86,'Asics','Pastor Belga Malinois','','L','GI',0,'Luis Miguel Rodrigo','A-0','2014-01-01 00:00:00','2014-01-01 00:00:00',0,0,0,0,0,0,'',1),
(11,81,52,75,704,86,'Sweet','','','M','GI',0,'David Chinchilla','L\'Horta Nord','2014-01-01 00:00:00','2014-01-01 00:00:00',0,0,0,0,0,0,'',1),
(11,81,52,94,1072,86,'Sayuri','','','M','GI',0,'Juan Carlos Redondo','Tandem','2014-01-01 00:00:00','2014-01-01 00:00:00',0,0,0,0,0,0,'',1),
(11,81,52,28,1102,86,'Dora','Border Collie','','L','GI',0,'Tania López','Canedupo','2014-01-01 00:00:00','2014-01-01 00:00:00',0,0,0,0,0,0,'',1),
(11,81,52,29,1103,86,'Puchi','Mestizo','','S','GI',0,'Tania López','Canedupo','2014-01-01 00:00:00','2014-01-01 00:00:00',0,0,0,0,0,0,'',1),
(11,81,52,66,1106,86,'Narnia','','','S','GI',0,'Carmen Briceño','L\'Almozara','2014-01-01 00:00:00','2014-01-01 00:00:00',0,0,0,0,0,0,'',1),
(11,81,52,84,1107,86,'Jessei','Border Collie','','L','GI',0,'Antonio Cid','Mi Perro 10','2014-01-01 00:00:00','2014-01-01 00:00:00',0,0,0,0,0,0,'',1),
(11,81,52,85,1108,86,'Lisa','Border Collie','','L','GI',0,'Maria Estada','Mi Perro 10','2014-01-01 00:00:00','2014-01-01 00:00:00',0,0,0,0,0,0,'',1),
(11,81,52,86,1109,86,'Lolo','Mestizo','','L','GI',0,'Laura Moral','Mi Perro 10','2014-01-01 00:00:00','2014-01-01 00:00:00',0,0,0,0,0,0,'',1),
(11,81,52,87,1110,86,'Maggie','Border Collie','','L','GI',0,'Maria Estada','Mi Perro 10','2014-01-01 00:00:00','2014-01-01 00:00:00',0,0,0,0,0,0,'',1),
(11,81,52,76,1112,86,'Indar','Sheetland Sheepdog','','S','GI',0,'Irati Diego','L\'Horta Nord','2014-01-01 00:00:00','2014-01-01 00:00:00',0,0,0,0,0,0,'',1),
(11,81,53,12,8,86,'Thelma','Border Collie','824','L','GII',0,'Fabian Santolaya','A. D. A. Pozuelo','2014-01-01 00:00:00','2014-01-01 00:00:00',0,0,0,0,0,0,'',1),
(11,81,53,4,34,86,'Zoe','Border Collie','A289','L','GII',0,'Marta Sánchez','A-0','2014-01-01 00:00:00','2014-01-01 00:00:00',0,0,0,0,0,0,'',1),
(11,81,53,5,272,86,'Luna','Fox Terrier Wire','A240','M','GII',0,'Paula Rello','A-0','2014-01-01 00:00:00','2014-01-01 00:00:00',0,0,0,0,0,0,'',1),
(11,81,53,103,279,86,'Mate','Schnauzer','A469','M','GII',0,'David Alique','Vallgorguina','2014-01-01 00:00:00','2014-01-01 00:00:00',0,0,0,0,0,0,'',1),
(11,81,53,32,293,86,'Striptease','','A577','M','GII',0,'Carmen Alos','Canic','2014-01-01 00:00:00','2014-01-01 00:00:00',0,0,0,0,0,0,'',1),
(11,81,53,98,348,86,'Aker','P.B. Malinoise','A397','L','GII',0,'Francisco Javier Jaen','Vallgorguina','2014-01-01 00:00:00','2014-01-01 00:00:00',0,0,0,0,0,0,'',1),
(11,81,53,24,355,86,'Akela','Border Collie','A746','L','GII',0,'Fernando Bibián','Agilcan','2014-01-01 00:00:00','2014-01-01 00:00:00',0,0,0,0,0,0,'',1),
(11,81,53,40,361,86,'Kara','Border Collie','A541','L','GII',0,'Ramón García Maroto','Cinco Huesos','2014-01-01 00:00:00','2014-01-01 00:00:00',0,0,0,0,0,0,'',1),
(11,81,53,41,379,86,'Skay','Perro de Aguas Español','A605','L','GII',0,'Javier Santisteban','Cinco Huesos','2014-01-01 00:00:00','2014-01-01 00:00:00',0,0,0,0,0,0,'',1),
(11,81,53,52,384,86,'Soma','Labrador Retriever','A696','L','GII',0,'Menchu Melcom','Deporcan','2014-01-01 00:00:00','2014-01-01 00:00:00',0,0,0,0,0,0,'',1),
(11,81,53,105,386,86,'Izzie','West Higland White Terrier','A275','S','GII',0,'Estíbaliz Pereda Navarro','Vallgorguina','2014-01-01 00:00:00','2014-01-01 00:00:00',0,0,0,0,0,0,'',1),
(11,81,53,2,389,86,'Dolce','Border Collie','A681','L','GII',0,'Andres Morilla Sánchez','A-0','2014-01-01 00:00:00','2014-01-01 00:00:00',0,0,0,0,0,0,'',1),
(11,81,53,11,397,86,'Milady','Border Collie','A791','L','GII',0,'Ricardo Santolaya','A. D. A. Pozuelo','2014-01-01 00:00:00','2014-01-01 00:00:00',0,0,0,0,0,0,'',1),
(11,81,53,106,408,86,'Kika','West Higland White Terrier','A722','S','GII',0,'Noelia Mouchet','Vallgorguina','2014-01-01 00:00:00','2014-01-01 00:00:00',0,0,0,0,0,0,'',1),
(11,81,53,7,440,86,'Horatio','Bulldog Frances','A847','S','GII',0,'Beatriz Juan','A-0','2014-01-01 00:00:00','2014-01-01 00:00:00',0,0,0,0,0,0,'',1),
(11,81,53,33,483,86,'Ela','','A618','S','GII',0,'Neus Baró','Canic','2014-01-01 00:00:00','2014-01-01 00:00:00',0,0,0,0,0,0,'',1),
(11,81,53,67,488,86,'Alpargata','Perro de Aguas Español','A606','M','GII',0,'Eva Vázquez Morales','L\'Almozara','2014-01-01 00:00:00','2014-01-01 00:00:00',0,0,0,0,0,0,'',1),
(11,81,53,101,517,86,'Nut','Pastor Belga Malinoise','A-886','L','GII',0,'Francisco Javier Jaen','Vallgorguina','2014-01-01 00:00:00','2014-01-01 00:00:00',0,0,0,0,0,0,'',1),
(11,81,53,6,560,86,'Arturo','Mestizo','1660','S','GII',0,'Dolores Rosas','A-0','2014-01-01 00:00:00','2014-01-01 00:00:00',0,0,0,0,0,0,'',1),
(11,81,53,118,576,86,'Chuli','Border Collie','','L','GII',0,'Yaiza Caballero Fernández','Xanastur','2014-01-01 00:00:00','2014-01-01 00:00:00',0,0,0,0,0,0,'',1),
(11,81,53,117,577,86,'Skye','Border Collie','','L','GII',0,'Ana Belén Ondategui Casas','Xanastur','2014-01-01 00:00:00','2014-01-01 00:00:00',0,0,0,0,0,0,'',1),
(11,81,53,8,584,86,'Ursula','Jack Russel','A840','S','GII',0,'Pablo Martínez','A-0','2014-01-01 00:00:00','2014-01-01 00:00:00',0,0,0,0,0,0,'',1),
(11,81,53,53,588,86,'Greta','Cocker Spaniel','B028','M','GII',0,'Susana Martín','Deporcan','2014-01-01 00:00:00','2014-01-01 00:00:00',0,0,0,0,0,0,'',1),
(11,81,53,100,601,86,'Lee-Ann','Border Colliie','A986','L','GII',0,'Iván Pardo García','Vallgorguina','2014-01-01 00:00:00','2014-01-01 00:00:00',0,0,0,0,0,0,'',1),
(11,81,53,113,602,86,'Sucre','Border Collie','A920','L','GII',0,'Adrian Bajo','Vila-Real','2014-01-01 00:00:00','2014-01-01 00:00:00',0,0,0,0,0,0,'',1),
(11,81,53,26,618,86,'Thais','Labrador','1640','L','GII',0,'Elena Cardenal','Agilcan','2014-01-01 00:00:00','2014-01-01 00:00:00',0,0,0,0,0,0,'',1),
(11,81,53,89,626,86,'Hera','Border Collie','','L','GII',0,'Jesús Fernández Crespo','Mi Perro 10','2014-01-01 00:00:00','2014-01-01 00:00:00',0,0,0,0,0,0,'',1),
(11,81,53,104,642,86,'Charly','Jack Rusell','B041','S','GII',0,'Cristina González','Vallgorguina','2014-01-01 00:00:00','2014-01-01 00:00:00',0,0,0,0,0,0,'',1),
(11,81,53,31,654,86,'Bandido','Perro de Aguas Español','A983','L','GII',0,'Rola Gamarra','Canic','2014-01-01 00:00:00','2014-01-01 00:00:00',0,0,0,0,0,0,'',1),
(11,81,53,77,659,86,'Cherry de Ydre','P.B. Malinoise','','L','GII',0,'Amparo Roig','L\'Horta Nord','2014-01-01 00:00:00','2014-01-01 00:00:00',0,0,0,0,0,0,'',1),
(11,81,53,70,723,86,'Gamberro','Perro de Aguas Español','','L','GII',0,'Pau Serrano Ciratusa','L\'Almozara','2014-01-01 00:00:00','2014-01-01 00:00:00',0,0,0,0,0,0,'',1),
(11,81,53,30,785,86,'Honta','','A748','L','GII',0,'Félix Fernández','Canedupo','2014-01-01 00:00:00','2014-01-01 00:00:00',0,0,0,0,0,0,'',1),
(11,81,53,97,995,86,'Sally','Perro de Aguas Español','B042','M','GII',0,'David Alique','Vallgorguina','2014-01-01 00:00:00','2014-01-01 00:00:00',0,0,0,0,0,0,'',1),
(11,81,53,99,1111,86,'Dante','Border Collie','A470','L','GII',0,'Jorge Serrano','Vallgorguina','2014-01-01 00:00:00','2014-01-01 00:00:00',0,0,0,0,0,0,'',1),
(11,81,54,12,8,86,'Thelma','Border Collie','824','L','GII',0,'Fabian Santolaya','A. D. A. Pozuelo','2014-01-01 00:00:00','2014-01-01 00:00:00',0,0,0,0,0,0,'',1),
(11,81,54,4,34,86,'Zoe','Border Collie','A289','L','GII',0,'Marta Sánchez','A-0','2014-01-01 00:00:00','2014-01-01 00:00:00',0,0,0,0,0,0,'',1),
(11,81,54,5,272,86,'Luna','Fox Terrier Wire','A240','M','GII',0,'Paula Rello','A-0','2014-01-01 00:00:00','2014-01-01 00:00:00',0,0,0,0,0,0,'',1),
(11,81,54,103,279,86,'Mate','Schnauzer','A469','M','GII',0,'David Alique','Vallgorguina','2014-01-01 00:00:00','2014-01-01 00:00:00',0,0,0,0,0,0,'',1),
(11,81,54,32,293,86,'Striptease','','A577','M','GII',0,'Carmen Alos','Canic','2014-01-01 00:00:00','2014-01-01 00:00:00',0,0,0,0,0,0,'',1),
(11,81,54,98,348,86,'Aker','P.B. Malinoise','A397','L','GII',0,'Francisco Javier Jaen','Vallgorguina','2014-01-01 00:00:00','2014-01-01 00:00:00',0,0,0,0,0,0,'',1),
(11,81,54,24,355,86,'Akela','Border Collie','A746','L','GII',0,'Fernando Bibián','Agilcan','2014-01-01 00:00:00','2014-01-01 00:00:00',0,0,0,0,0,0,'',1),
(11,81,54,40,361,86,'Kara','Border Collie','A541','L','GII',0,'Ramón García Maroto','Cinco Huesos','2014-01-01 00:00:00','2014-01-01 00:00:00',0,0,0,0,0,0,'',1),
(11,81,54,41,379,86,'Skay','Perro de Aguas Español','A605','L','GII',0,'Javier Santisteban','Cinco Huesos','2014-01-01 00:00:00','2014-01-01 00:00:00',0,0,0,0,0,0,'',1),
(11,81,54,52,384,86,'Soma','Labrador Retriever','A696','L','GII',0,'Menchu Melcom','Deporcan','2014-01-01 00:00:00','2014-01-01 00:00:00',0,0,0,0,0,0,'',1),
(11,81,54,105,386,86,'Izzie','West Higland White Terrier','A275','S','GII',0,'Estíbaliz Pereda Navarro','Vallgorguina','2014-01-01 00:00:00','2014-01-01 00:00:00',0,0,0,0,0,0,'',1),
(11,81,54,2,389,86,'Dolce','Border Collie','A681','L','GII',0,'Andres Morilla Sánchez','A-0','2014-01-01 00:00:00','2014-01-01 00:00:00',0,0,0,0,0,0,'',1),
(11,81,54,11,397,86,'Milady','Border Collie','A791','L','GII',0,'Ricardo Santolaya','A. D. A. Pozuelo','2014-01-01 00:00:00','2014-01-01 00:00:00',0,0,0,0,0,0,'',1),
(11,81,54,106,408,86,'Kika','West Higland White Terrier','A722','S','GII',0,'Noelia Mouchet','Vallgorguina','2014-01-01 00:00:00','2014-01-01 00:00:00',0,0,0,0,0,0,'',1),
(11,81,54,7,440,86,'Horatio','Bulldog Frances','A847','S','GII',0,'Beatriz Juan','A-0','2014-01-01 00:00:00','2014-01-01 00:00:00',0,0,0,0,0,0,'',1),
(11,81,54,33,483,86,'Ela','','A618','S','GII',0,'Neus Baró','Canic','2014-01-01 00:00:00','2014-01-01 00:00:00',0,0,0,0,0,0,'',1),
(11,81,54,67,488,86,'Alpargata','Perro de Aguas Español','A606','M','GII',0,'Eva Vázquez Morales','L\'Almozara','2014-01-01 00:00:00','2014-01-01 00:00:00',0,0,0,0,0,0,'',1),
(11,81,54,101,517,86,'Nut','Pastor Belga Malinoise','A-886','L','GII',0,'Francisco Javier Jaen','Vallgorguina','2014-01-01 00:00:00','2014-01-01 00:00:00',0,0,0,0,0,0,'',1),
(11,81,54,6,560,86,'Arturo','Mestizo','1660','S','GII',0,'Dolores Rosas','A-0','2014-01-01 00:00:00','2014-01-01 00:00:00',0,0,0,0,0,0,'',1),
(11,81,54,118,576,86,'Chuli','Border Collie','','L','GII',0,'Yaiza Caballero Fernández','Xanastur','2014-01-01 00:00:00','2014-01-01 00:00:00',0,0,0,0,0,0,'',1),
(11,81,54,117,577,86,'Skye','Border Collie','','L','GII',0,'Ana Belén Ondategui Casas','Xanastur','2014-01-01 00:00:00','2014-01-01 00:00:00',0,0,0,0,0,0,'',1),
(11,81,54,8,584,86,'Ursula','Jack Russel','A840','S','GII',0,'Pablo Martínez','A-0','2014-01-01 00:00:00','2014-01-01 00:00:00',0,0,0,0,0,0,'',1),
(11,81,54,53,588,86,'Greta','Cocker Spaniel','B028','M','GII',0,'Susana Martín','Deporcan','2014-01-01 00:00:00','2014-01-01 00:00:00',0,0,0,0,0,0,'',1),
(11,81,54,100,601,86,'Lee-Ann','Border Colliie','A986','L','GII',0,'Iván Pardo García','Vallgorguina','2014-01-01 00:00:00','2014-01-01 00:00:00',0,0,0,0,0,0,'',1),
(11,81,54,113,602,86,'Sucre','Border Collie','A920','L','GII',0,'Adrian Bajo','Vila-Real','2014-01-01 00:00:00','2014-01-01 00:00:00',0,0,0,0,0,0,'',1),
(11,81,54,26,618,86,'Thais','Labrador','1640','L','GII',0,'Elena Cardenal','Agilcan','2014-01-01 00:00:00','2014-01-01 00:00:00',0,0,0,0,0,0,'',1),
(11,81,54,89,626,86,'Hera','Border Collie','','L','GII',0,'Jesús Fernández Crespo','Mi Perro 10','2014-01-01 00:00:00','2014-01-01 00:00:00',0,0,0,0,0,0,'',1),
(11,81,54,104,642,86,'Charly','Jack Rusell','B041','S','GII',0,'Cristina González','Vallgorguina','2014-01-01 00:00:00','2014-01-01 00:00:00',0,0,0,0,0,0,'',1),
(11,81,54,31,654,86,'Bandido','Perro de Aguas Español','A983','L','GII',0,'Rola Gamarra','Canic','2014-01-01 00:00:00','2014-01-01 00:00:00',0,0,0,0,0,0,'',1),
(11,81,54,77,659,86,'Cherry de Ydre','P.B. Malinoise','','L','GII',0,'Amparo Roig','L\'Horta Nord','2014-01-01 00:00:00','2014-01-01 00:00:00',0,0,0,0,0,0,'',1),
(11,81,54,70,723,86,'Gamberro','Perro de Aguas Español','','L','GII',0,'Pau Serrano Ciratusa','L\'Almozara','2014-01-01 00:00:00','2014-01-01 00:00:00',0,0,0,0,0,0,'',1),
(11,81,54,30,785,86,'Honta','','A748','L','GII',0,'Félix Fernández','Canedupo','2014-01-01 00:00:00','2014-01-01 00:00:00',0,0,0,0,0,0,'',1),
(11,81,54,97,995,86,'Sally','Perro de Aguas Español','B042','M','GII',0,'David Alique','Vallgorguina','2014-01-01 00:00:00','2014-01-01 00:00:00',0,0,0,0,0,0,'',1),
(11,81,54,99,1111,86,'Dante','Border Collie','A470','L','GII',0,'Jorge Serrano','Vallgorguina','2014-01-01 00:00:00','2014-01-01 00:00:00',0,0,0,0,0,0,'',1),
(11,81,55,80,2,86,'Yuma','P.B.Malinoise','A330','L','GIII',0,'Juan Miguel Cifuentes','L\'Horta Nord','2014-01-01 00:00:00','2014-01-01 00:00:00',0,0,0,0,0,0,'',1),
(11,81,55,15,3,86,'Hannibal Lecter XIII','Border Collie','A090','L','GIII',0,'Tomás Pérez Ayuso','A. D. A. Pozuelo','2014-01-01 00:00:00','2014-01-01 00:00:00',0,0,0,0,0,0,'',1),
(11,81,55,116,10,86,'Lee','Border Collie','A084','L','GIII',0,'Antonio Molina','W.E.L.P.E.','2014-01-01 00:00:00','2014-01-01 00:00:00',0,0,0,0,0,0,'',1),
(11,81,55,78,13,86,'Burundi','Perro de Aguas Español','A310','L','GIII',0,'Elena Chinchilla','L\'Horta Nord','2014-01-01 00:00:00','2014-01-01 00:00:00',0,0,0,0,0,0,'',1),
(11,81,55,93,23,86,'Runa','Border Collie','A347','L','GIII',0,'Alex Olivera','Santa Quiteria','2014-01-01 00:00:00','2014-01-01 00:00:00',0,0,0,0,0,0,'',1),
(11,81,55,42,25,86,'Moss','Border Collie','A391','L','GIII',0,'Roberto Iñigo','Cinco Huesos','2014-01-01 00:00:00','2014-01-01 00:00:00',0,0,0,0,0,0,'',1),
(11,81,55,57,27,86,'Deby','BorderCollie','A147','L','GIII',0,'Cesar Losada Mera','Eslón','2014-01-01 00:00:00','2014-01-01 00:00:00',0,0,0,0,0,0,'',1),
(11,81,55,79,28,86,'Noah','Border Collie','A268','L','GIII',0,'Vicente Villalba','L\'Horta Nord','2014-01-01 00:00:00','2014-01-01 00:00:00',0,0,0,0,0,0,'',1),
(11,81,55,90,32,86,'Argi','Border Collie','A241','L','GIII',0,'José Manuel Basco','Palaciego','2014-01-01 00:00:00','2014-01-01 00:00:00',0,0,0,0,0,0,'',1),
(11,81,55,120,40,86,'Nana','Border Collie','A073','L','GIII',0,'José Luis García','Zampican','2014-01-01 00:00:00','2014-01-01 00:00:00',0,0,0,0,0,0,'',1),
(11,81,55,43,43,86,'Rocky','','A355','L','GIII',0,'Arturo Conejera','Correcan','2014-01-01 00:00:00','2014-01-01 00:00:00',0,0,0,0,0,0,'',1),
(11,81,55,81,57,86,'Aby','Border Collie','A204','L','GIII',0,'Roberto Reina Vega','La Princesa','2014-01-01 00:00:00','2014-01-01 00:00:00',0,0,0,0,0,0,'',1),
(11,81,55,107,62,86,'Dela','P.B. Malinoise','A377','L','GIII',0,'Luis Luque','Vallgorguina','2014-01-01 00:00:00','2014-01-01 00:00:00',0,0,0,0,0,0,'',1),
(11,81,55,47,73,86,'Aslan','Border Collie','A457','L','GIII',0,'Iban Cubedo','Costa Azahar','2014-01-01 00:00:00','2014-01-01 00:00:00',0,0,0,0,0,0,'',1),
(11,81,55,16,78,86,'Winner','Border Collie','A497','L','GIII',0,'Ricardo Santolaya','A. D. A. Pozuelo','2014-01-01 00:00:00','2014-01-01 00:00:00',0,0,0,0,0,0,'',1),
(11,81,55,58,85,86,'Dylan','Border Collie','A461','L','GIII',0,'Iván Sánchez García','Eslón','2014-01-01 00:00:00','2014-01-01 00:00:00',0,0,0,0,0,0,'',1),
(11,81,55,69,98,86,'California','','A414','L','GIII',0,'Jorge Arcas Perales','L\'Almozara','2014-01-01 00:00:00','2014-01-01 00:00:00',0,0,0,0,0,0,'',1),
(11,81,55,119,100,86,'Fito','Border Collie','A490','L','GIII',0,'Silvia León','Zampican','2014-01-01 00:00:00','2014-01-01 00:00:00',0,0,0,0,0,0,'',1),
(11,81,55,95,101,86,'Magic-Black','Border Collie','A318','L','GIII',0,'Raquel Garrido','Tandem','2014-01-01 00:00:00','2014-01-01 00:00:00',0,0,0,0,0,0,'',1),
(11,81,55,72,111,86,'Koba','','843','L','GIII',0,'Pau Serrano Ciratusa','L\'Almozara','2014-01-01 00:00:00','2014-01-01 00:00:00',0,0,0,0,0,0,'',1),
(11,81,55,96,118,86,'Rasca','Border Collie','A564','L','GIII',0,'Alberto Costas','Tercans','2014-01-01 00:00:00','2014-01-01 00:00:00',0,0,0,0,0,0,'',1),
(11,81,55,71,147,86,'Jayna','Border Collie','A173','L','GIII',0,'José Antonio Pascual','L\'Almozara','2014-01-01 00:00:00','2014-01-01 00:00:00',0,0,0,0,0,0,'',1),
(11,81,55,9,148,86,'Kira','Border Collie','A116','L','GIII',0,'Enrique Alonso Queija','A-0','2014-01-01 00:00:00','2014-01-01 00:00:00',0,0,0,0,0,0,'',1),
(11,81,55,50,244,86,'Cala','Perro de Aguas Español','A095','M','GIII',0,'Alberto Alonso Gutierrez','Costa Blanca','2014-01-01 00:00:00','2014-01-01 00:00:00',0,0,0,0,0,0,'',1),
(11,81,55,34,247,86,'Drac','Cocker Spaniel','A196','M','GIII',0,'Elisenda Huidobro','Canic','2014-01-01 00:00:00','2014-01-01 00:00:00',0,0,0,0,0,0,'',1),
(11,81,55,27,256,86,'Menta','Welsh Terrier','767','M','GIII',0,'Albert Ulldemolins','Badalona','2014-01-01 00:00:00','2014-01-01 00:00:00',0,0,0,0,0,0,'',1),
(11,81,55,35,262,86,'Gamma','Sheetland','A307','M','GIII',0,'Jordi Boix','Canic','2014-01-01 00:00:00','2014-01-01 00:00:00',0,0,0,0,0,0,'',1),
(11,81,55,115,292,86,'Johnny Cash','Sheetland','A594','M','GIII',0,'Vicente Micó Cánovas','Villena','2014-01-01 00:00:00','2014-01-01 00:00:00',0,0,0,0,0,0,'',1),
(11,81,55,74,299,86,'Magia','Sheetland','A528','S','GIII',0,'Carmen Briceño','L\'Almozara','2014-01-01 00:00:00','2014-01-01 00:00:00',0,0,0,0,0,0,'',1),
(11,81,55,110,301,86,'Melendi','Caniche','A164','S','GIII',0,'Luis Luque','Vallgorguina','2014-01-01 00:00:00','2014-01-01 00:00:00',0,0,0,0,0,0,'',1),
(11,81,55,49,302,86,'Mims','Caniche','A279','S','GIII',0,'Agustin Centelles','Costa Azahar','2014-01-01 00:00:00','2014-01-01 00:00:00',0,0,0,0,0,0,'',1),
(11,81,55,46,309,86,'Xira','Schnauzer','A424','S','GIII',0,'Sergio Ruiz','Correcan','2014-01-01 00:00:00','2014-01-01 00:00:00',0,0,0,0,0,0,'',1),
(11,81,55,111,312,86,'Nuca','Tibetan Spaniel','A181','S','GIII',0,'Iván Pardo García','Vallgorguina','2014-01-01 00:00:00','2014-01-01 00:00:00',0,0,0,0,0,0,'',1),
(11,81,55,17,314,86,'Nana','Caniche','A277','S','GIII',0,'Sara Montila','A. D. A. Pozuelo','2014-01-01 00:00:00','2014-01-01 00:00:00',0,0,0,0,0,0,'',1),
(11,81,55,123,316,86,'Xena','Yorkshire Terrier','A509','S','GIII',0,'Enric García','Zampican','2014-01-01 00:00:00','2014-01-01 00:00:00',0,0,0,0,0,0,'',1),
(11,81,55,112,342,86,'Quillo','Rusky Toy','A604','S','GIII',0,'Cristina González','Vallgorguina','2014-01-01 00:00:00','2014-01-01 00:00:00',0,0,0,0,0,0,'',1),
(11,81,55,60,350,86,'Dama','Fox Terrier Wire','A641','M','GIII',0,'Juan Antonio Martinez','Eslón','2014-01-01 00:00:00','2014-01-01 00:00:00',0,0,0,0,0,0,'',1),
(11,81,55,45,363,86,'Beltxa','Schnauzer','A622','S','GIII',0,'Sergio Ruiz','Correcan','2014-01-01 00:00:00','2014-01-01 00:00:00',0,0,0,0,0,0,'',1),
(11,81,55,124,377,86,'Geha','Border Collie','A162','L','GIII',0,'Luis Carlos Sanchez','Agilcan','2014-01-01 00:00:00','2014-01-01 00:00:00',0,0,0,0,0,0,'',1),
(11,81,55,3,391,86,'Gilda','Border Collie','A723','L','GIII',0,'Natividad Ruiz García','A-0','2014-01-01 00:00:00','2014-01-01 00:00:00',0,0,0,0,0,0,'',1),
(11,81,55,83,401,86,'Ron','Border Collie','A617','L','GIII',0,'Oscar Sacristan','La Princesa','2014-01-01 00:00:00','2014-01-01 00:00:00',0,0,0,0,0,0,'',1),
(11,81,55,91,405,86,'Dudy','Border Collie','A753','L','GIII',0,'Juan José González','Pataplán','2014-01-01 00:00:00','2014-01-01 00:00:00',0,0,0,0,0,0,'',1),
(11,81,55,109,407,86,'Luca','Ratonero Bodeguero Andaluz','A749','M','GIII',0,'Cristina González','Vallgorguina','2014-01-01 00:00:00','2014-01-01 00:00:00',0,0,0,0,0,0,'',1),
(11,81,55,19,410,86,'Sombra','Border Collie','A679','L','GIII',0,'Jose Luis J. Mori','AA Y CIA','2014-01-01 00:00:00','2014-01-01 00:00:00',0,0,0,0,0,0,'',1),
(11,81,55,82,423,86,'Noa','BorderCollie','A143','L','GIII',0,'Jennifer Tolín del Castillo','La Princesa','2014-01-01 00:00:00','2014-01-01 00:00:00',0,0,0,0,0,0,'',1),
(11,81,55,68,442,86,'Cachirulo','Perro de Aguas Español','A578','L','GIII',0,'David Molina Gimeno','L\'Almozara','2014-01-01 00:00:00','2014-01-01 00:00:00',0,0,0,0,0,0,'',1),
(11,81,55,62,447,86,'Inka','Border Collie','A381','L','GIII',0,'Pedro Martínez','Euskadi','2014-01-01 00:00:00','2014-01-01 00:00:00',0,0,0,0,0,0,'',1),
(11,81,55,121,461,86,'Sue','Border Collie','A788','L','GIII',0,'Silvia León','Zampican','2014-01-01 00:00:00','2014-01-01 00:00:00',0,0,0,0,0,0,'',1),
(11,81,55,114,492,86,'Jade','Border Collie','A629','L','GIII',0,'Jonathan Guillem','Vilcan','2014-01-01 00:00:00','2014-01-01 00:00:00',0,0,0,0,0,0,'',1),
(11,81,55,64,493,86,'Rinoa','Border Collie','A447','L','GIII',0,'Marc Rabada','Kronos','2014-01-01 00:00:00','2014-01-01 00:00:00',0,0,0,0,0,0,'',1),
(11,81,55,61,496,86,'Chamán','Border Collie','A262','L','GIII',0,'Pedro Martínez','Euskadi','2014-01-01 00:00:00','2014-01-01 00:00:00',0,0,0,0,0,0,'',1),
(11,81,55,44,498,86,'Kobu','Brazillian Terrier','A806','M','GIII',0,'Irena Montalvo','Correcan','2014-01-01 00:00:00','2014-01-01 00:00:00',0,0,0,0,0,0,'',1),
(11,81,55,65,499,86,'Zeus','Cocker Americano','A139','M','GIII',0,'Marc Rabada','Kronos','2014-01-01 00:00:00','2014-01-01 00:00:00',0,0,0,0,0,0,'',1),
(11,81,55,36,501,86,'Sacha','Perro de Aguas Español','A632','M','GIII',0,'Francisco Medina','Canic','2014-01-01 00:00:00','2014-01-01 00:00:00',0,0,0,0,0,0,'',1),
(11,81,55,73,502,86,'Fran','Perro de Aguas Español','A028','M','GIII',0,'David Molina Gimeno','L\'Almozara','2014-01-01 00:00:00','2014-01-01 00:00:00',0,0,0,0,0,0,'',1),
(11,81,55,108,505,86,'Alma','Pastor de los Pirineos','874','M','GIII',0,'Emilio José Pedrazuela','Vallgorguina','2014-01-01 00:00:00','2014-01-01 00:00:00',0,0,0,0,0,0,'',1),
(11,81,55,20,524,86,'King','Caniche Toy','A683','S','GIII',0,'Juan Muñiz','ACADE','2014-01-01 00:00:00','2014-01-01 00:00:00',0,0,0,0,0,0,'',1),
(11,81,55,59,607,86,'Hela','Border Collie','A836','L','GIII',0,'Cesar Losada Mera','Eslón','2014-01-01 00:00:00','2014-01-01 00:00:00',0,0,0,0,0,0,'',1),
(11,81,55,55,647,86,'Maggie','Border Collie','A817','L','GIII',0,'Ricardo J. Martínez','Depordog','2014-01-01 00:00:00','2014-01-01 00:00:00',0,0,0,0,0,0,'',1),
(11,81,55,56,648,86,'karioka','','A534','L','GIII',0,'Ana Beltran Bustamante','El Nogueral','2014-01-01 00:00:00','2014-01-01 00:00:00',0,0,0,0,0,0,'',1),
(11,81,55,37,651,86,'Laila','P. B. Groenendael','A592','L','GIII',0,'Katia Moeller','Canino Algecireño','2014-01-01 00:00:00','2014-01-01 00:00:00',0,0,0,0,0,0,'',1),
(11,81,55,92,714,86,'Gala','Border Collie','A500','L','GIII',0,'Sara Marques','Santa Quiteria','2014-01-01 00:00:00','2014-01-01 00:00:00',0,0,0,0,0,0,'',1),
(11,81,55,48,743,86,'Kenia','Parson Russel Terrier','A686','S','GIII',0,'Juan Carlos Companys','Costa Azahar','2014-01-01 00:00:00','2014-01-01 00:00:00',0,0,0,0,0,0,'',1),
(11,81,55,122,969,86,'Tirillas','Border Collie','A782','L','GIII',0,'José Luis García','Zampican','2014-01-01 00:00:00','2014-01-01 00:00:00',0,0,0,0,0,0,'',1),
(11,81,55,54,1104,86,'Kika','Pastor Belga Malinoise','A802','L','GIII',0,'José Luis Rosano','Depordog','2014-01-01 00:00:00','2014-01-01 00:00:00',0,0,0,0,0,0,'',1),
(11,81,56,80,2,86,'Yuma','P.B.Malinoise','A330','L','GIII',0,'Juan Miguel Cifuentes','L\'Horta Nord','2014-01-01 00:00:00','2014-01-01 00:00:00',0,0,0,0,0,0,'',1),
(11,81,56,15,3,86,'Hannibal Lecter XIII','Border Collie','A090','L','GIII',0,'Tomás Pérez Ayuso','A. D. A. Pozuelo','2014-01-01 00:00:00','2014-01-01 00:00:00',0,0,0,0,0,0,'',1),
(11,81,56,116,10,86,'Lee','Border Collie','A084','L','GIII',0,'Antonio Molina','W.E.L.P.E.','2014-01-01 00:00:00','2014-01-01 00:00:00',0,0,0,0,0,0,'',1),
(11,81,56,78,13,86,'Burundi','Perro de Aguas Español','A310','L','GIII',0,'Elena Chinchilla','L\'Horta Nord','2014-01-01 00:00:00','2014-01-01 00:00:00',0,0,0,0,0,0,'',1),
(11,81,56,93,23,86,'Runa','Border Collie','A347','L','GIII',0,'Alex Olivera','Santa Quiteria','2014-01-01 00:00:00','2014-01-01 00:00:00',0,0,0,0,0,0,'',1),
(11,81,56,42,25,86,'Moss','Border Collie','A391','L','GIII',0,'Roberto Iñigo','Cinco Huesos','2014-01-01 00:00:00','2014-01-01 00:00:00',0,0,0,0,0,0,'',1),
(11,81,56,57,27,86,'Deby','BorderCollie','A147','L','GIII',0,'Cesar Losada Mera','Eslón','2014-01-01 00:00:00','2014-01-01 00:00:00',0,0,0,0,0,0,'',1),
(11,81,56,79,28,86,'Noah','Border Collie','A268','L','GIII',0,'Vicente Villalba','L\'Horta Nord','2014-01-01 00:00:00','2014-01-01 00:00:00',0,0,0,0,0,0,'',1),
(11,81,56,90,32,86,'Argi','Border Collie','A241','L','GIII',0,'José Manuel Basco','Palaciego','2014-01-01 00:00:00','2014-01-01 00:00:00',0,0,0,0,0,0,'',1),
(11,81,56,120,40,86,'Nana','Border Collie','A073','L','GIII',0,'José Luis García','Zampican','2014-01-01 00:00:00','2014-01-01 00:00:00',0,0,0,0,0,0,'',1),
(11,81,56,43,43,86,'Rocky','','A355','L','GIII',0,'Arturo Conejera','Correcan','2014-01-01 00:00:00','2014-01-01 00:00:00',0,0,0,0,0,0,'',1),
(11,81,56,81,57,86,'Aby','Border Collie','A204','L','GIII',0,'Roberto Reina Vega','La Princesa','2014-01-01 00:00:00','2014-01-01 00:00:00',0,0,0,0,0,0,'',1),
(11,81,56,107,62,86,'Dela','P.B. Malinoise','A377','L','GIII',0,'Luis Luque','Vallgorguina','2014-01-01 00:00:00','2014-01-01 00:00:00',0,0,0,0,0,0,'',1),
(11,81,56,47,73,86,'Aslan','Border Collie','A457','L','GIII',0,'Iban Cubedo','Costa Azahar','2014-01-01 00:00:00','2014-01-01 00:00:00',0,0,0,0,0,0,'',1),
(11,81,56,16,78,86,'Winner','Border Collie','A497','L','GIII',0,'Ricardo Santolaya','A. D. A. Pozuelo','2014-01-01 00:00:00','2014-01-01 00:00:00',0,0,0,0,0,0,'',1),
(11,81,56,58,85,86,'Dylan','Border Collie','A461','L','GIII',0,'Iván Sánchez García','Eslón','2014-01-01 00:00:00','2014-01-01 00:00:00',0,0,0,0,0,0,'',1),
(11,81,56,69,98,86,'California','','A414','L','GIII',0,'Jorge Arcas Perales','L\'Almozara','2014-01-01 00:00:00','2014-01-01 00:00:00',0,0,0,0,0,0,'',1),
(11,81,56,119,100,86,'Fito','Border Collie','A490','L','GIII',0,'Silvia León','Zampican','2014-01-01 00:00:00','2014-01-01 00:00:00',0,0,0,0,0,0,'',1),
(11,81,56,95,101,86,'Magic-Black','Border Collie','A318','L','GIII',0,'Raquel Garrido','Tandem','2014-01-01 00:00:00','2014-01-01 00:00:00',0,0,0,0,0,0,'',1),
(11,81,56,72,111,86,'Koba','','843','L','GIII',0,'Pau Serrano Ciratusa','L\'Almozara','2014-01-01 00:00:00','2014-01-01 00:00:00',0,0,0,0,0,0,'',1),
(11,81,56,96,118,86,'Rasca','Border Collie','A564','L','GIII',0,'Alberto Costas','Tercans','2014-01-01 00:00:00','2014-01-01 00:00:00',0,0,0,0,0,0,'',1),
(11,81,56,71,147,86,'Jayna','Border Collie','A173','L','GIII',0,'José Antonio Pascual','L\'Almozara','2014-01-01 00:00:00','2014-01-01 00:00:00',0,0,0,0,0,0,'',1),
(11,81,56,9,148,86,'Kira','Border Collie','A116','L','GIII',0,'Enrique Alonso Queija','A-0','2014-01-01 00:00:00','2014-01-01 00:00:00',0,0,0,0,0,0,'',1),
(11,81,56,50,244,86,'Cala','Perro de Aguas Español','A095','M','GIII',0,'Alberto Alonso Gutierrez','Costa Blanca','2014-01-01 00:00:00','2014-01-01 00:00:00',0,0,0,0,0,0,'',1),
(11,81,56,34,247,86,'Drac','Cocker Spaniel','A196','M','GIII',0,'Elisenda Huidobro','Canic','2014-01-01 00:00:00','2014-01-01 00:00:00',0,0,0,0,0,0,'',1),
(11,81,56,27,256,86,'Menta','Welsh Terrier','767','M','GIII',0,'Albert Ulldemolins','Badalona','2014-01-01 00:00:00','2014-01-01 00:00:00',0,0,0,0,0,0,'',1),
(11,81,56,35,262,86,'Gamma','Sheetland','A307','M','GIII',0,'Jordi Boix','Canic','2014-01-01 00:00:00','2014-01-01 00:00:00',0,0,0,0,0,0,'',1),
(11,81,56,115,292,86,'Johnny Cash','Sheetland','A594','M','GIII',0,'Vicente Micó Cánovas','Villena','2014-01-01 00:00:00','2014-01-01 00:00:00',0,0,0,0,0,0,'',1),
(11,81,56,74,299,86,'Magia','Sheetland','A528','S','GIII',0,'Carmen Briceño','L\'Almozara','2014-01-01 00:00:00','2014-01-01 00:00:00',0,0,0,0,0,0,'',1),
(11,81,56,110,301,86,'Melendi','Caniche','A164','S','GIII',0,'Luis Luque','Vallgorguina','2014-01-01 00:00:00','2014-01-01 00:00:00',0,0,0,0,0,0,'',1),
(11,81,56,49,302,86,'Mims','Caniche','A279','S','GIII',0,'Agustin Centelles','Costa Azahar','2014-01-01 00:00:00','2014-01-01 00:00:00',0,0,0,0,0,0,'',1),
(11,81,56,46,309,86,'Xira','Schnauzer','A424','S','GIII',0,'Sergio Ruiz','Correcan','2014-01-01 00:00:00','2014-01-01 00:00:00',0,0,0,0,0,0,'',1),
(11,81,56,111,312,86,'Nuca','Tibetan Spaniel','A181','S','GIII',0,'Iván Pardo García','Vallgorguina','2014-01-01 00:00:00','2014-01-01 00:00:00',0,0,0,0,0,0,'',1),
(11,81,56,17,314,86,'Nana','Caniche','A277','S','GIII',0,'Sara Montila','A. D. A. Pozuelo','2014-01-01 00:00:00','2014-01-01 00:00:00',0,0,0,0,0,0,'',1),
(11,81,56,123,316,86,'Xena','Yorkshire Terrier','A509','S','GIII',0,'Enric García','Zampican','2014-01-01 00:00:00','2014-01-01 00:00:00',0,0,0,0,0,0,'',1),
(11,81,56,112,342,86,'Quillo','Rusky Toy','A604','S','GIII',0,'Cristina González','Vallgorguina','2014-01-01 00:00:00','2014-01-01 00:00:00',0,0,0,0,0,0,'',1),
(11,81,56,60,350,86,'Dama','Fox Terrier Wire','A641','M','GIII',0,'Juan Antonio Martinez','Eslón','2014-01-01 00:00:00','2014-01-01 00:00:00',0,0,0,0,0,0,'',1),
(11,81,56,45,363,86,'Beltxa','Schnauzer','A622','S','GIII',0,'Sergio Ruiz','Correcan','2014-01-01 00:00:00','2014-01-01 00:00:00',0,0,0,0,0,0,'',1),
(11,81,56,124,377,86,'Geha','Border Collie','A162','L','GIII',0,'Luis Carlos Sanchez','Agilcan','2014-01-01 00:00:00','2014-01-01 00:00:00',0,0,0,0,0,0,'',1),
(11,81,56,3,391,86,'Gilda','Border Collie','A723','L','GIII',0,'Natividad Ruiz García','A-0','2014-01-01 00:00:00','2014-01-01 00:00:00',0,0,0,0,0,0,'',1),
(11,81,56,83,401,86,'Ron','Border Collie','A617','L','GIII',0,'Oscar Sacristan','La Princesa','2014-01-01 00:00:00','2014-01-01 00:00:00',0,0,0,0,0,0,'',1),
(11,81,56,91,405,86,'Dudy','Border Collie','A753','L','GIII',0,'Juan José González','Pataplán','2014-01-01 00:00:00','2014-01-01 00:00:00',0,0,0,0,0,0,'',1),
(11,81,56,109,407,86,'Luca','Ratonero Bodeguero Andaluz','A749','M','GIII',0,'Cristina González','Vallgorguina','2014-01-01 00:00:00','2014-01-01 00:00:00',0,0,0,0,0,0,'',1),
(11,81,56,19,410,86,'Sombra','Border Collie','A679','L','GIII',0,'Jose Luis J. Mori','AA Y CIA','2014-01-01 00:00:00','2014-01-01 00:00:00',0,0,0,0,0,0,'',1),
(11,81,56,82,423,86,'Noa','BorderCollie','A143','L','GIII',0,'Jennifer Tolín del Castillo','La Princesa','2014-01-01 00:00:00','2014-01-01 00:00:00',0,0,0,0,0,0,'',1),
(11,81,56,68,442,86,'Cachirulo','Perro de Aguas Español','A578','L','GIII',0,'David Molina Gimeno','L\'Almozara','2014-01-01 00:00:00','2014-01-01 00:00:00',0,0,0,0,0,0,'',1),
(11,81,56,62,447,86,'Inka','Border Collie','A381','L','GIII',0,'Pedro Martínez','Euskadi','2014-01-01 00:00:00','2014-01-01 00:00:00',0,0,0,0,0,0,'',1),
(11,81,56,121,461,86,'Sue','Border Collie','A788','L','GIII',0,'Silvia León','Zampican','2014-01-01 00:00:00','2014-01-01 00:00:00',0,0,0,0,0,0,'',1),
(11,81,56,114,492,86,'Jade','Border Collie','A629','L','GIII',0,'Jonathan Guillem','Vilcan','2014-01-01 00:00:00','2014-01-01 00:00:00',0,0,0,0,0,0,'',1),
(11,81,56,64,493,86,'Rinoa','Border Collie','A447','L','GIII',0,'Marc Rabada','Kronos','2014-01-01 00:00:00','2014-01-01 00:00:00',0,0,0,0,0,0,'',1),
(11,81,56,61,496,86,'Chamán','Border Collie','A262','L','GIII',0,'Pedro Martínez','Euskadi','2014-01-01 00:00:00','2014-01-01 00:00:00',0,0,0,0,0,0,'',1),
(11,81,56,44,498,86,'Kobu','Brazillian Terrier','A806','M','GIII',0,'Irena Montalvo','Correcan','2014-01-01 00:00:00','2014-01-01 00:00:00',0,0,0,0,0,0,'',1),
(11,81,56,65,499,86,'Zeus','Cocker Americano','A139','M','GIII',0,'Marc Rabada','Kronos','2014-01-01 00:00:00','2014-01-01 00:00:00',0,0,0,0,0,0,'',1),
(11,81,56,36,501,86,'Sacha','Perro de Aguas Español','A632','M','GIII',0,'Francisco Medina','Canic','2014-01-01 00:00:00','2014-01-01 00:00:00',0,0,0,0,0,0,'',1),
(11,81,56,73,502,86,'Fran','Perro de Aguas Español','A028','M','GIII',0,'David Molina Gimeno','L\'Almozara','2014-01-01 00:00:00','2014-01-01 00:00:00',0,0,0,0,0,0,'',1),
(11,81,56,108,505,86,'Alma','Pastor de los Pirineos','874','M','GIII',0,'Emilio José Pedrazuela','Vallgorguina','2014-01-01 00:00:00','2014-01-01 00:00:00',0,0,0,0,0,0,'',1),
(11,81,56,20,524,86,'King','Caniche Toy','A683','S','GIII',0,'Juan Muñiz','ACADE','2014-01-01 00:00:00','2014-01-01 00:00:00',0,0,0,0,0,0,'',1),
(11,81,56,59,607,86,'Hela','Border Collie','A836','L','GIII',0,'Cesar Losada Mera','Eslón','2014-01-01 00:00:00','2014-01-01 00:00:00',0,0,0,0,0,0,'',1),
(11,81,56,55,647,86,'Maggie','Border Collie','A817','L','GIII',0,'Ricardo J. Martínez','Depordog','2014-01-01 00:00:00','2014-01-01 00:00:00',0,0,0,0,0,0,'',1),
(11,81,56,56,648,86,'karioka','','A534','L','GIII',0,'Ana Beltran Bustamante','El Nogueral','2014-01-01 00:00:00','2014-01-01 00:00:00',0,0,0,0,0,0,'',1),
(11,81,56,37,651,86,'Laila','P. B. Groenendael','A592','L','GIII',0,'Katia Moeller','Canino Algecireño','2014-01-01 00:00:00','2014-01-01 00:00:00',0,0,0,0,0,0,'',1),
(11,81,56,92,714,86,'Gala','Border Collie','A500','L','GIII',0,'Sara Marques','Santa Quiteria','2014-01-01 00:00:00','2014-01-01 00:00:00',0,0,0,0,0,0,'',1),
(11,81,56,48,743,86,'Kenia','Parson Russel Terrier','A686','S','GIII',0,'Juan Carlos Companys','Costa Azahar','2014-01-01 00:00:00','2014-01-01 00:00:00',0,0,0,0,0,0,'',1),
(11,81,56,122,969,86,'Tirillas','Border Collie','A782','L','GIII',0,'José Luis García','Zampican','2014-01-01 00:00:00','2014-01-01 00:00:00',0,0,0,0,0,0,'',1),
(11,81,56,54,1104,86,'Kika','Pastor Belga Malinoise','A802','L','GIII',0,'José Luis Rosano','Depordog','2014-01-01 00:00:00','2014-01-01 00:00:00',0,0,0,0,0,0,'',1),
(11,82,57,22,370,87,'Milka','','','L','GI',0,'Javier Martín','Agilcan','2014-01-01 00:00:00','2014-01-01 00:00:00',0,0,0,0,0,0,'',1),
(11,82,57,88,595,87,'Lola','Whippet','','M','GI',0,'Pablo Parra','Mi Perro 10','2014-01-01 00:00:00','2014-01-01 00:00:00',0,0,0,0,0,0,'',1),
(11,82,57,1,633,87,'Asics','Pastor Belga Malinois','','L','GI',0,'Luis Miguel Rodrigo','A-0','2014-01-01 00:00:00','2014-01-01 00:00:00',0,0,0,0,0,0,'',1),
(11,82,57,75,704,87,'Sweet','','','M','GI',0,'David Chinchilla','L\'Horta Nord','2014-01-01 00:00:00','2014-01-01 00:00:00',0,0,0,0,0,0,'',1),
(11,82,57,18,1101,87,'Tyrion','Sheetland Sheepdog','','M','GI',0,'Silvia Ramiro','AA Y CIA','2014-01-01 00:00:00','2014-01-01 00:00:00',0,0,0,0,0,0,'',1),
(11,82,57,28,1102,87,'Dora','Border Collie','','L','GI',0,'Tania López','Canedupo','2014-01-01 00:00:00','2014-01-01 00:00:00',0,0,0,0,0,0,'',1),
(11,82,57,29,1103,87,'Puchi','Mestizo','','S','GI',0,'Tania López','Canedupo','2014-01-01 00:00:00','2014-01-01 00:00:00',0,0,0,0,0,0,'',1),
(11,82,57,63,1105,87,'Atreyu','Mestizo','','L','GI',0,'Jose Alberto','Hoop Agility','2014-01-01 00:00:00','2014-01-01 00:00:00',0,0,0,0,0,0,'',1),
(11,82,57,66,1106,87,'Narnia','','','S','GI',0,'Carmen Briceño','L\'Almozara','2014-01-01 00:00:00','2014-01-01 00:00:00',0,0,0,0,0,0,'',1),
(11,82,57,84,1107,87,'Jessei','Border Collie','','L','GI',0,'Antonio Cid','Mi Perro 10','2014-01-01 00:00:00','2014-01-01 00:00:00',0,0,0,0,0,0,'',1),
(11,82,57,85,1108,87,'Lisa','Border Collie','','L','GI',0,'Maria Estada','Mi Perro 10','2014-01-01 00:00:00','2014-01-01 00:00:00',0,0,0,0,0,0,'',1),
(11,82,57,86,1109,87,'Lolo','Mestizo','','L','GI',0,'Laura Moral','Mi Perro 10','2014-01-01 00:00:00','2014-01-01 00:00:00',0,0,0,0,0,0,'',1),
(11,82,57,87,1110,87,'Maggie','Border Collie','','L','GI',0,'Maria Estada','Mi Perro 10','2014-01-01 00:00:00','2014-01-01 00:00:00',0,0,0,0,0,0,'',1),
(11,82,58,22,370,87,'Milka','','','L','GI',0,'Javier Martín','Agilcan','2014-01-01 00:00:00','2014-01-01 00:00:00',0,0,0,0,0,0,'',1),
(11,82,58,88,595,87,'Lola','Whippet','','M','GI',0,'Pablo Parra','Mi Perro 10','2014-01-01 00:00:00','2014-01-01 00:00:00',0,0,0,0,0,0,'',1),
(11,82,58,1,633,87,'Asics','Pastor Belga Malinois','','L','GI',0,'Luis Miguel Rodrigo','A-0','2014-01-01 00:00:00','2014-01-01 00:00:00',0,0,0,0,0,0,'',1),
(11,82,58,75,704,87,'Sweet','','','M','GI',0,'David Chinchilla','L\'Horta Nord','2014-01-01 00:00:00','2014-01-01 00:00:00',0,0,0,0,0,0,'',1),
(11,82,58,18,1101,87,'Tyrion','Sheetland Sheepdog','','M','GI',0,'Silvia Ramiro','AA Y CIA','2014-01-01 00:00:00','2014-01-01 00:00:00',0,0,0,0,0,0,'',1),
(11,82,58,28,1102,87,'Dora','Border Collie','','L','GI',0,'Tania López','Canedupo','2014-01-01 00:00:00','2014-01-01 00:00:00',0,0,0,0,0,0,'',1),
(11,82,58,29,1103,87,'Puchi','Mestizo','','S','GI',0,'Tania López','Canedupo','2014-01-01 00:00:00','2014-01-01 00:00:00',0,0,0,0,0,0,'',1),
(11,82,58,63,1105,87,'Atreyu','Mestizo','','L','GI',0,'Jose Alberto','Hoop Agility','2014-01-01 00:00:00','2014-01-01 00:00:00',0,0,0,0,0,0,'',1),
(11,82,58,66,1106,87,'Narnia','','','S','GI',0,'Carmen Briceño','L\'Almozara','2014-01-01 00:00:00','2014-01-01 00:00:00',0,0,0,0,0,0,'',1),
(11,82,58,84,1107,87,'Jessei','Border Collie','','L','GI',0,'Antonio Cid','Mi Perro 10','2014-01-01 00:00:00','2014-01-01 00:00:00',0,0,0,0,0,0,'',1),
(11,82,58,85,1108,87,'Lisa','Border Collie','','L','GI',0,'Maria Estada','Mi Perro 10','2014-01-01 00:00:00','2014-01-01 00:00:00',0,0,0,0,0,0,'',1),
(11,82,58,86,1109,87,'Lolo','Mestizo','','L','GI',0,'Laura Moral','Mi Perro 10','2014-01-01 00:00:00','2014-01-01 00:00:00',0,0,0,0,0,0,'',1),
(11,82,58,87,1110,87,'Maggie','Border Collie','','L','GI',0,'Maria Estada','Mi Perro 10','2014-01-01 00:00:00','2014-01-01 00:00:00',0,0,0,0,0,0,'',1),
(11,82,59,12,8,87,'Thelma','Border Collie','824','L','GII',0,'Fabian Santolaya','A. D. A. Pozuelo','2014-01-01 00:00:00','2014-01-01 00:00:00',0,0,0,0,0,0,'',1),
(11,82,59,4,34,87,'Zoe','Border Collie','A289','L','GII',0,'Marta Sánchez','A-0','2014-01-01 00:00:00','2014-01-01 00:00:00',0,0,0,0,0,0,'',1),
(11,82,59,102,95,87,'Raissa','American Stanford','A563','L','GII',0,'Javier Iniesta','Vallgorguina','2014-01-01 00:00:00','2014-01-01 00:00:00',0,0,0,0,0,0,'',1),
(11,82,59,25,167,87,'Onis','Schnauzer Gigante','A498','L','GII',0,'José Antonio Vega','Agilcan','2014-01-01 00:00:00','2014-01-01 00:00:00',0,0,0,0,0,0,'',1),
(11,82,59,5,272,87,'Luna','Fox Terrier Wire','A240','M','GII',0,'Paula Rello','A-0','2014-01-01 00:00:00','2014-01-01 00:00:00',0,0,0,0,0,0,'',1),
(11,82,59,103,279,87,'Mate','Schnauzer','A469','M','GII',0,'David Alique','Vallgorguina','2014-01-01 00:00:00','2014-01-01 00:00:00',0,0,0,0,0,0,'',1),
(11,82,59,32,293,87,'Striptease','','A577','M','GII',0,'Carmen Alos','Canic','2014-01-01 00:00:00','2014-01-01 00:00:00',0,0,0,0,0,0,'',1),
(11,82,59,14,330,87,'Pepa','Jack Rusell','A393','S','GII',0,'Francisco de la Cruz','A. D. A. Pozuelo','2014-01-01 00:00:00','2014-01-01 00:00:00',0,0,0,0,0,0,'',1),
(11,82,59,98,348,87,'Aker','P.B. Malinoise','A397','L','GII',0,'Francisco Javier Jaen','Vallgorguina','2014-01-01 00:00:00','2014-01-01 00:00:00',0,0,0,0,0,0,'',1),
(11,82,59,40,361,87,'Kara','Border Collie','A541','L','GII',0,'Ramón García Maroto','Cinco Huesos','2014-01-01 00:00:00','2014-01-01 00:00:00',0,0,0,0,0,0,'',1),
(11,82,59,41,379,87,'Skay','Perro de Aguas Español','A605','L','GII',0,'Javier Santisteban','Cinco Huesos','2014-01-01 00:00:00','2014-01-01 00:00:00',0,0,0,0,0,0,'',1),
(11,82,59,105,386,87,'Izzie','West Higland White Terrier','A275','S','GII',0,'Estíbaliz Pereda Navarro','Vallgorguina','2014-01-01 00:00:00','2014-01-01 00:00:00',0,0,0,0,0,0,'',1),
(11,82,59,11,397,87,'Milady','Border Collie','A791','L','GII',0,'Ricardo Santolaya','A. D. A. Pozuelo','2014-01-01 00:00:00','2014-01-01 00:00:00',0,0,0,0,0,0,'',1),
(11,82,59,106,408,87,'Kika','West Higland White Terrier','A722','S','GII',0,'Noelia Mouchet','Vallgorguina','2014-01-01 00:00:00','2014-01-01 00:00:00',0,0,0,0,0,0,'',1),
(11,82,59,13,413,87,'Lola','Jack Rusell','A633','S','GII',0,'Francisco de la Cruz','A. D. A. Pozuelo','2014-01-01 00:00:00','2014-01-01 00:00:00',0,0,0,0,0,0,'',1),
(11,82,59,7,440,87,'Horatio','Bulldog Frances','A847','S','GII',0,'Beatriz Juan','A-0','2014-01-01 00:00:00','2014-01-01 00:00:00',0,0,0,0,0,0,'',1),
(11,82,59,33,483,87,'Ela','','A618','S','GII',0,'Neus Baró','Canic','2014-01-01 00:00:00','2014-01-01 00:00:00',0,0,0,0,0,0,'',1),
(11,82,59,67,488,87,'Alpargata','Perro de Aguas Español','A606','M','GII',0,'Eva Vázquez Morales','L\'Almozara','2014-01-01 00:00:00','2014-01-01 00:00:00',0,0,0,0,0,0,'',1),
(11,82,59,101,517,87,'Nut','Pastor Belga Malinoise','A-886','L','GII',0,'Francisco Javier Jaen','Vallgorguina','2014-01-01 00:00:00','2014-01-01 00:00:00',0,0,0,0,0,0,'',1),
(11,82,59,118,576,87,'Chuli','Border Collie','','L','GII',0,'Yaiza Caballero Fernández','Xanastur','2014-01-01 00:00:00','2014-01-01 00:00:00',0,0,0,0,0,0,'',1),
(11,82,59,117,577,87,'Skye','Border Collie','','L','GII',0,'Ana Belén Ondategui Casas','Xanastur','2014-01-01 00:00:00','2014-01-01 00:00:00',0,0,0,0,0,0,'',1),
(11,82,59,8,584,87,'Ursula','Jack Russel','A840','S','GII',0,'Pablo Martínez','A-0','2014-01-01 00:00:00','2014-01-01 00:00:00',0,0,0,0,0,0,'',1),
(11,82,59,100,601,87,'Lee-Ann','Border Colliie','A986','L','GII',0,'Iván Pardo García','Vallgorguina','2014-01-01 00:00:00','2014-01-01 00:00:00',0,0,0,0,0,0,'',1),
(11,82,59,113,602,87,'Sucre','Border Collie','A920','L','GII',0,'Adrian Bajo','Vila-Real','2014-01-01 00:00:00','2014-01-01 00:00:00',0,0,0,0,0,0,'',1),
(11,82,59,89,626,87,'Hera','Border Collie','','L','GII',0,'Jesús Fernández Crespo','Mi Perro 10','2014-01-01 00:00:00','2014-01-01 00:00:00',0,0,0,0,0,0,'',1),
(11,82,59,104,642,87,'Charly','Jack Rusell','B041','S','GII',0,'Cristina González','Vallgorguina','2014-01-01 00:00:00','2014-01-01 00:00:00',0,0,0,0,0,0,'',1),
(11,82,59,31,654,87,'Bandido','Perro de Aguas Español','A983','L','GII',0,'Rola Gamarra','Canic','2014-01-01 00:00:00','2014-01-01 00:00:00',0,0,0,0,0,0,'',1),
(11,82,59,77,659,87,'Cherry de Ydre','P.B. Malinoise','','L','GII',0,'Amparo Roig','L\'Horta Nord','2014-01-01 00:00:00','2014-01-01 00:00:00',0,0,0,0,0,0,'',1),
(11,82,59,70,723,87,'Gamberro','Perro de Aguas Español','','L','GII',0,'Pau Serrano Ciratusa','L\'Almozara','2014-01-01 00:00:00','2014-01-01 00:00:00',0,0,0,0,0,0,'',1),
(11,82,59,30,785,87,'Honta','','A748','L','GII',0,'Félix Fernández','Canedupo','2014-01-01 00:00:00','2014-01-01 00:00:00',0,0,0,0,0,0,'',1),
(11,82,59,97,995,87,'Sally','Perro de Aguas Español','B042','M','GII',0,'David Alique','Vallgorguina','2014-01-01 00:00:00','2014-01-01 00:00:00',0,0,0,0,0,0,'',1),
(11,82,59,99,1111,87,'Dante','Border Collie','A470','L','GII',0,'Jorge Serrano','Vallgorguina','2014-01-01 00:00:00','2014-01-01 00:00:00',0,0,0,0,0,0,'',1),
(11,82,60,12,8,87,'Thelma','Border Collie','824','L','GII',0,'Fabian Santolaya','A. D. A. Pozuelo','2014-01-01 00:00:00','2014-01-01 00:00:00',0,0,0,0,0,0,'',1),
(11,82,60,4,34,87,'Zoe','Border Collie','A289','L','GII',0,'Marta Sánchez','A-0','2014-01-01 00:00:00','2014-01-01 00:00:00',0,0,0,0,0,0,'',1),
(11,82,60,102,95,87,'Raissa','American Stanford','A563','L','GII',0,'Javier Iniesta','Vallgorguina','2014-01-01 00:00:00','2014-01-01 00:00:00',0,0,0,0,0,0,'',1),
(11,82,60,25,167,87,'Onis','Schnauzer Gigante','A498','L','GII',0,'José Antonio Vega','Agilcan','2014-01-01 00:00:00','2014-01-01 00:00:00',0,0,0,0,0,0,'',1),
(11,82,60,5,272,87,'Luna','Fox Terrier Wire','A240','M','GII',0,'Paula Rello','A-0','2014-01-01 00:00:00','2014-01-01 00:00:00',0,0,0,0,0,0,'',1),
(11,82,60,103,279,87,'Mate','Schnauzer','A469','M','GII',0,'David Alique','Vallgorguina','2014-01-01 00:00:00','2014-01-01 00:00:00',0,0,0,0,0,0,'',1),
(11,82,60,32,293,87,'Striptease','','A577','M','GII',0,'Carmen Alos','Canic','2014-01-01 00:00:00','2014-01-01 00:00:00',0,0,0,0,0,0,'',1),
(11,82,60,14,330,87,'Pepa','Jack Rusell','A393','S','GII',0,'Francisco de la Cruz','A. D. A. Pozuelo','2014-01-01 00:00:00','2014-01-01 00:00:00',0,0,0,0,0,0,'',1),
(11,82,60,98,348,87,'Aker','P.B. Malinoise','A397','L','GII',0,'Francisco Javier Jaen','Vallgorguina','2014-01-01 00:00:00','2014-01-01 00:00:00',0,0,0,0,0,0,'',1),
(11,82,60,40,361,87,'Kara','Border Collie','A541','L','GII',0,'Ramón García Maroto','Cinco Huesos','2014-01-01 00:00:00','2014-01-01 00:00:00',0,0,0,0,0,0,'',1),
(11,82,60,41,379,87,'Skay','Perro de Aguas Español','A605','L','GII',0,'Javier Santisteban','Cinco Huesos','2014-01-01 00:00:00','2014-01-01 00:00:00',0,0,0,0,0,0,'',1),
(11,82,60,105,386,87,'Izzie','West Higland White Terrier','A275','S','GII',0,'Estíbaliz Pereda Navarro','Vallgorguina','2014-01-01 00:00:00','2014-01-01 00:00:00',0,0,0,0,0,0,'',1),
(11,82,60,11,397,87,'Milady','Border Collie','A791','L','GII',0,'Ricardo Santolaya','A. D. A. Pozuelo','2014-01-01 00:00:00','2014-01-01 00:00:00',0,0,0,0,0,0,'',1),
(11,82,60,106,408,87,'Kika','West Higland White Terrier','A722','S','GII',0,'Noelia Mouchet','Vallgorguina','2014-01-01 00:00:00','2014-01-01 00:00:00',0,0,0,0,0,0,'',1),
(11,82,60,13,413,87,'Lola','Jack Rusell','A633','S','GII',0,'Francisco de la Cruz','A. D. A. Pozuelo','2014-01-01 00:00:00','2014-01-01 00:00:00',0,0,0,0,0,0,'',1),
(11,82,60,7,440,87,'Horatio','Bulldog Frances','A847','S','GII',0,'Beatriz Juan','A-0','2014-01-01 00:00:00','2014-01-01 00:00:00',0,0,0,0,0,0,'',1),
(11,82,60,33,483,87,'Ela','','A618','S','GII',0,'Neus Baró','Canic','2014-01-01 00:00:00','2014-01-01 00:00:00',0,0,0,0,0,0,'',1),
(11,82,60,67,488,87,'Alpargata','Perro de Aguas Español','A606','M','GII',0,'Eva Vázquez Morales','L\'Almozara','2014-01-01 00:00:00','2014-01-01 00:00:00',0,0,0,0,0,0,'',1),
(11,82,60,101,517,87,'Nut','Pastor Belga Malinoise','A-886','L','GII',0,'Francisco Javier Jaen','Vallgorguina','2014-01-01 00:00:00','2014-01-01 00:00:00',0,0,0,0,0,0,'',1),
(11,82,60,118,576,87,'Chuli','Border Collie','','L','GII',0,'Yaiza Caballero Fernández','Xanastur','2014-01-01 00:00:00','2014-01-01 00:00:00',0,0,0,0,0,0,'',1),
(11,82,60,117,577,87,'Skye','Border Collie','','L','GII',0,'Ana Belén Ondategui Casas','Xanastur','2014-01-01 00:00:00','2014-01-01 00:00:00',0,0,0,0,0,0,'',1),
(11,82,60,8,584,87,'Ursula','Jack Russel','A840','S','GII',0,'Pablo Martínez','A-0','2014-01-01 00:00:00','2014-01-01 00:00:00',0,0,0,0,0,0,'',1),
(11,82,60,100,601,87,'Lee-Ann','Border Colliie','A986','L','GII',0,'Iván Pardo García','Vallgorguina','2014-01-01 00:00:00','2014-01-01 00:00:00',0,0,0,0,0,0,'',1),
(11,82,60,113,602,87,'Sucre','Border Collie','A920','L','GII',0,'Adrian Bajo','Vila-Real','2014-01-01 00:00:00','2014-01-01 00:00:00',0,0,0,0,0,0,'',1),
(11,82,60,89,626,87,'Hera','Border Collie','','L','GII',0,'Jesús Fernández Crespo','Mi Perro 10','2014-01-01 00:00:00','2014-01-01 00:00:00',0,0,0,0,0,0,'',1),
(11,82,60,104,642,87,'Charly','Jack Rusell','B041','S','GII',0,'Cristina González','Vallgorguina','2014-01-01 00:00:00','2014-01-01 00:00:00',0,0,0,0,0,0,'',1),
(11,82,60,31,654,87,'Bandido','Perro de Aguas Español','A983','L','GII',0,'Rola Gamarra','Canic','2014-01-01 00:00:00','2014-01-01 00:00:00',0,0,0,0,0,0,'',1),
(11,82,60,77,659,87,'Cherry de Ydre','P.B. Malinoise','','L','GII',0,'Amparo Roig','L\'Horta Nord','2014-01-01 00:00:00','2014-01-01 00:00:00',0,0,0,0,0,0,'',1),
(11,82,60,70,723,87,'Gamberro','Perro de Aguas Español','','L','GII',0,'Pau Serrano Ciratusa','L\'Almozara','2014-01-01 00:00:00','2014-01-01 00:00:00',0,0,0,0,0,0,'',1),
(11,82,60,30,785,87,'Honta','','A748','L','GII',0,'Félix Fernández','Canedupo','2014-01-01 00:00:00','2014-01-01 00:00:00',0,0,0,0,0,0,'',1),
(11,82,60,97,995,87,'Sally','Perro de Aguas Español','B042','M','GII',0,'David Alique','Vallgorguina','2014-01-01 00:00:00','2014-01-01 00:00:00',0,0,0,0,0,0,'',1),
(11,82,60,99,1111,87,'Dante','Border Collie','A470','L','GII',0,'Jorge Serrano','Vallgorguina','2014-01-01 00:00:00','2014-01-01 00:00:00',0,0,0,0,0,0,'',1),
(11,82,61,80,2,87,'Yuma','P.B.Malinoise','A330','L','GIII',0,'Juan Miguel Cifuentes','L\'Horta Nord','2014-01-01 00:00:00','2014-01-01 00:00:00',0,0,0,0,0,0,'',1),
(11,82,61,15,3,87,'Hannibal Lecter XIII','Border Collie','A090','L','GIII',0,'Tomás Pérez Ayuso','A. D. A. Pozuelo','2014-01-01 00:00:00','2014-01-01 00:00:00',0,0,0,0,0,0,'',1),
(11,82,61,116,10,87,'Lee','Border Collie','A084','L','GIII',0,'Antonio Molina','W.E.L.P.E.','2014-01-01 00:00:00','2014-01-01 00:00:00',0,0,0,0,0,0,'',1),
(11,82,61,78,13,87,'Burundi','Perro de Aguas Español','A310','L','GIII',0,'Elena Chinchilla','L\'Horta Nord','2014-01-01 00:00:00','2014-01-01 00:00:00',0,0,0,0,0,0,'',1),
(11,82,61,93,23,87,'Runa','Border Collie','A347','L','GIII',0,'Alex Olivera','Santa Quiteria','2014-01-01 00:00:00','2014-01-01 00:00:00',0,0,0,0,0,0,'',1),
(11,82,61,42,25,87,'Moss','Border Collie','A391','L','GIII',0,'Roberto Iñigo','Cinco Huesos','2014-01-01 00:00:00','2014-01-01 00:00:00',0,0,0,0,0,0,'',1),
(11,82,61,57,27,87,'Deby','BorderCollie','A147','L','GIII',0,'Cesar Losada Mera','Eslón','2014-01-01 00:00:00','2014-01-01 00:00:00',0,0,0,0,0,0,'',1),
(11,82,61,79,28,87,'Noah','Border Collie','A268','L','GIII',0,'Vicente Villalba','L\'Horta Nord','2014-01-01 00:00:00','2014-01-01 00:00:00',0,0,0,0,0,0,'',1),
(11,82,61,90,32,87,'Argi','Border Collie','A241','L','GIII',0,'José Manuel Basco','Palaciego','2014-01-01 00:00:00','2014-01-01 00:00:00',0,0,0,0,0,0,'',1),
(11,82,61,120,40,87,'Nana','Border Collie','A073','L','GIII',0,'José Luis García','Zampican','2014-01-01 00:00:00','2014-01-01 00:00:00',0,0,0,0,0,0,'',1),
(11,82,61,43,43,87,'Rocky','','A355','L','GIII',0,'Arturo Conejera','Correcan','2014-01-01 00:00:00','2014-01-01 00:00:00',0,0,0,0,0,0,'',1),
(11,82,61,81,57,87,'Aby','Border Collie','A204','L','GIII',0,'Roberto Reina Vega','La Princesa','2014-01-01 00:00:00','2014-01-01 00:00:00',0,0,0,0,0,0,'',1),
(11,82,61,107,62,87,'Dela','P.B. Malinoise','A377','L','GIII',0,'Luis Luque','Vallgorguina','2014-01-01 00:00:00','2014-01-01 00:00:00',0,0,0,0,0,0,'',1),
(11,82,61,10,71,87,'Mecha','P.B.Malinoise','A558','L','GIII',0,'José Antonio Encinas','A-0','2014-01-01 00:00:00','2014-01-01 00:00:00',0,0,0,0,0,0,'',1),
(11,82,61,47,73,87,'Aslan','Border Collie','A457','L','GIII',0,'Iban Cubedo','Costa Azahar','2014-01-01 00:00:00','2014-01-01 00:00:00',0,0,0,0,0,0,'',1),
(11,82,61,16,78,87,'Winner','Border Collie','A497','L','GIII',0,'Ricardo Santolaya','A. D. A. Pozuelo','2014-01-01 00:00:00','2014-01-01 00:00:00',0,0,0,0,0,0,'',1),
(11,82,61,58,85,87,'Dylan','Border Collie','A461','L','GIII',0,'Iván Sánchez García','Eslón','2014-01-01 00:00:00','2014-01-01 00:00:00',0,0,0,0,0,0,'',1),
(11,82,61,69,98,87,'California','','A414','L','GIII',0,'Jorge Arcas Perales','L\'Almozara','2014-01-01 00:00:00','2014-01-01 00:00:00',0,0,0,0,0,0,'',1),
(11,82,61,119,100,87,'Fito','Border Collie','A490','L','GIII',0,'Silvia León','Zampican','2014-01-01 00:00:00','2014-01-01 00:00:00',0,0,0,0,0,0,'',1),
(11,82,61,72,111,87,'Koba','','843','L','GIII',0,'Pau Serrano Ciratusa','L\'Almozara','2014-01-01 00:00:00','2014-01-01 00:00:00',0,0,0,0,0,0,'',1),
(11,82,61,96,118,87,'Rasca','Border Collie','A564','L','GIII',0,'Alberto Costas','Tercans','2014-01-01 00:00:00','2014-01-01 00:00:00',0,0,0,0,0,0,'',1),
(11,82,61,71,147,87,'Jayna','Border Collie','A173','L','GIII',0,'José Antonio Pascual','L\'Almozara','2014-01-01 00:00:00','2014-01-01 00:00:00',0,0,0,0,0,0,'',1),
(11,82,61,9,148,87,'Kira','Border Collie','A116','L','GIII',0,'Enrique Alonso Queija','A-0','2014-01-01 00:00:00','2014-01-01 00:00:00',0,0,0,0,0,0,'',1),
(11,82,61,50,244,87,'Cala','Perro de Aguas Español','A095','M','GIII',0,'Alberto Alonso Gutierrez','Costa Blanca','2014-01-01 00:00:00','2014-01-01 00:00:00',0,0,0,0,0,0,'',1),
(11,82,61,34,247,87,'Drac','Cocker Spaniel','A196','M','GIII',0,'Elisenda Huidobro','Canic','2014-01-01 00:00:00','2014-01-01 00:00:00',0,0,0,0,0,0,'',1),
(11,82,61,27,256,87,'Menta','Welsh Terrier','767','M','GIII',0,'Albert Ulldemolins','Badalona','2014-01-01 00:00:00','2014-01-01 00:00:00',0,0,0,0,0,0,'',1),
(11,82,61,35,262,87,'Gamma','Sheetland','A307','M','GIII',0,'Jordi Boix','Canic','2014-01-01 00:00:00','2014-01-01 00:00:00',0,0,0,0,0,0,'',1),
(11,82,61,115,292,87,'Johnny Cash','Sheetland','A594','M','GIII',0,'Vicente Micó Cánovas','Villena','2014-01-01 00:00:00','2014-01-01 00:00:00',0,0,0,0,0,0,'',1),
(11,82,61,74,299,87,'Magia','Sheetland','A528','S','GIII',0,'Carmen Briceño','L\'Almozara','2014-01-01 00:00:00','2014-01-01 00:00:00',0,0,0,0,0,0,'',1),
(11,82,61,110,301,87,'Melendi','Caniche','A164','S','GIII',0,'Luis Luque','Vallgorguina','2014-01-01 00:00:00','2014-01-01 00:00:00',0,0,0,0,0,0,'',1),
(11,82,61,49,302,87,'Mims','Caniche','A279','S','GIII',0,'Agustin Centelles','Costa Azahar','2014-01-01 00:00:00','2014-01-01 00:00:00',0,0,0,0,0,0,'',1),
(11,82,61,46,309,87,'Xira','Schnauzer','A424','S','GIII',0,'Sergio Ruiz','Correcan','2014-01-01 00:00:00','2014-01-01 00:00:00',0,0,0,0,0,0,'',1),
(11,82,61,111,312,87,'Nuca','Tibetan Spaniel','A181','S','GIII',0,'Iván Pardo García','Vallgorguina','2014-01-01 00:00:00','2014-01-01 00:00:00',0,0,0,0,0,0,'',1),
(11,82,61,17,314,87,'Nana','Caniche','A277','S','GIII',0,'Sara Montila','A. D. A. Pozuelo','2014-01-01 00:00:00','2014-01-01 00:00:00',0,0,0,0,0,0,'',1),
(11,82,61,123,316,87,'Xena','Yorkshire Terrier','A509','S','GIII',0,'Enric García','Zampican','2014-01-01 00:00:00','2014-01-01 00:00:00',0,0,0,0,0,0,'',1),
(11,82,61,112,342,87,'Quillo','Rusky Toy','A604','S','GIII',0,'Cristina González','Vallgorguina','2014-01-01 00:00:00','2014-01-01 00:00:00',0,0,0,0,0,0,'',1),
(11,82,61,60,350,87,'Dama','Fox Terrier Wire','A641','M','GIII',0,'Juan Antonio Martinez','Eslón','2014-01-01 00:00:00','2014-01-01 00:00:00',0,0,0,0,0,0,'',1),
(11,82,61,45,363,87,'Beltxa','Schnauzer','A622','S','GIII',0,'Sergio Ruiz','Correcan','2014-01-01 00:00:00','2014-01-01 00:00:00',0,0,0,0,0,0,'',1),
(11,82,61,3,391,87,'Gilda','Border Collie','A723','L','GIII',0,'Natividad Ruiz García','A-0','2014-01-01 00:00:00','2014-01-01 00:00:00',0,0,0,0,0,0,'',1),
(11,82,61,83,401,87,'Ron','Border Collie','A617','L','GIII',0,'Oscar Sacristan','La Princesa','2014-01-01 00:00:00','2014-01-01 00:00:00',0,0,0,0,0,0,'',1),
(11,82,61,91,405,87,'Dudy','Border Collie','A753','L','GIII',0,'Juan José González','Pataplán','2014-01-01 00:00:00','2014-01-01 00:00:00',0,0,0,0,0,0,'',1),
(11,82,61,109,407,87,'Luca','Ratonero Bodeguero Andaluz','A749','M','GIII',0,'Cristina González','Vallgorguina','2014-01-01 00:00:00','2014-01-01 00:00:00',0,0,0,0,0,0,'',1),
(11,82,61,19,410,87,'Sombra','Border Collie','A679','L','GIII',0,'Jose Luis J. Mori','AA Y CIA','2014-01-01 00:00:00','2014-01-01 00:00:00',0,0,0,0,0,0,'',1),
(11,82,61,82,423,87,'Noa','BorderCollie','A143','L','GIII',0,'Jennifer Tolín del Castillo','La Princesa','2014-01-01 00:00:00','2014-01-01 00:00:00',0,0,0,0,0,0,'',1),
(11,82,61,68,442,87,'Cachirulo','Perro de Aguas Español','A578','L','GIII',0,'David Molina Gimeno','L\'Almozara','2014-01-01 00:00:00','2014-01-01 00:00:00',0,0,0,0,0,0,'',1),
(11,82,61,62,447,87,'Inka','Border Collie','A381','L','GIII',0,'Pedro Martínez','Euskadi','2014-01-01 00:00:00','2014-01-01 00:00:00',0,0,0,0,0,0,'',1),
(11,82,61,121,461,87,'Sue','Border Collie','A788','L','GIII',0,'Silvia León','Zampican','2014-01-01 00:00:00','2014-01-01 00:00:00',0,0,0,0,0,0,'',1),
(11,82,61,114,492,87,'Jade','Border Collie','A629','L','GIII',0,'Jonathan Guillem','Vilcan','2014-01-01 00:00:00','2014-01-01 00:00:00',0,0,0,0,0,0,'',1),
(11,82,61,64,493,87,'Rinoa','Border Collie','A447','L','GIII',0,'Marc Rabada','Kronos','2014-01-01 00:00:00','2014-01-01 00:00:00',0,0,0,0,0,0,'',1),
(11,82,61,61,496,87,'Chamán','Border Collie','A262','L','GIII',0,'Pedro Martínez','Euskadi','2014-01-01 00:00:00','2014-01-01 00:00:00',0,0,0,0,0,0,'',1),
(11,82,61,44,498,87,'Kobu','Brazillian Terrier','A806','M','GIII',0,'Irena Montalvo','Correcan','2014-01-01 00:00:00','2014-01-01 00:00:00',0,0,0,0,0,0,'',1),
(11,82,61,65,499,87,'Zeus','Cocker Americano','A139','M','GIII',0,'Marc Rabada','Kronos','2014-01-01 00:00:00','2014-01-01 00:00:00',0,0,0,0,0,0,'',1),
(11,82,61,36,501,87,'Sacha','Perro de Aguas Español','A632','M','GIII',0,'Francisco Medina','Canic','2014-01-01 00:00:00','2014-01-01 00:00:00',0,0,0,0,0,0,'',1),
(11,82,61,73,502,87,'Fran','Perro de Aguas Español','A028','M','GIII',0,'David Molina Gimeno','L\'Almozara','2014-01-01 00:00:00','2014-01-01 00:00:00',0,0,0,0,0,0,'',1),
(11,82,61,108,505,87,'Alma','Pastor de los Pirineos','874','M','GIII',0,'Emilio José Pedrazuela','Vallgorguina','2014-01-01 00:00:00','2014-01-01 00:00:00',0,0,0,0,0,0,'',1),
(11,82,61,20,524,87,'King','Caniche Toy','A683','S','GIII',0,'Juan Muñiz','ACADE','2014-01-01 00:00:00','2014-01-01 00:00:00',0,0,0,0,0,0,'',1),
(11,82,61,59,607,87,'Hela','Border Collie','A836','L','GIII',0,'Cesar Losada Mera','Eslón','2014-01-01 00:00:00','2014-01-01 00:00:00',0,0,0,0,0,0,'',1),
(11,82,61,55,647,87,'Maggie','Border Collie','A817','L','GIII',0,'Ricardo J. Martínez','Depordog','2014-01-01 00:00:00','2014-01-01 00:00:00',0,0,0,0,0,0,'',1),
(11,82,61,56,648,87,'karioka','','A534','L','GIII',0,'Ana Beltran Bustamante','El Nogueral','2014-01-01 00:00:00','2014-01-01 00:00:00',0,0,0,0,0,0,'',1),
(11,82,61,37,651,87,'Laila','P. B. Groenendael','A592','L','GIII',0,'Katia Moeller','Canino Algecireño','2014-01-01 00:00:00','2014-01-01 00:00:00',0,0,0,0,0,0,'',1),
(11,82,61,92,714,87,'Gala','Border Collie','A500','L','GIII',0,'Sara Marques','Santa Quiteria','2014-01-01 00:00:00','2014-01-01 00:00:00',0,0,0,0,0,0,'',1),
(11,82,61,48,743,87,'Kenia','Parson Russel Terrier','A686','S','GIII',0,'Juan Carlos Companys','Costa Azahar','2014-01-01 00:00:00','2014-01-01 00:00:00',0,0,0,0,0,0,'',1),
(11,82,61,122,969,87,'Tirillas','Border Collie','A782','L','GIII',0,'José Luis García','Zampican','2014-01-01 00:00:00','2014-01-01 00:00:00',0,0,0,0,0,0,'',1),
(11,82,61,54,1104,87,'Kika','Pastor Belga Malinoise','A802','L','GIII',0,'José Luis Rosano','Depordog','2014-01-01 00:00:00','2014-01-01 00:00:00',0,0,0,0,0,0,'',1),
(11,82,62,80,2,87,'Yuma','P.B.Malinoise','A330','L','GIII',0,'Juan Miguel Cifuentes','L\'Horta Nord','2014-01-01 00:00:00','2014-01-01 00:00:00',0,0,0,0,0,0,'',1),
(11,82,62,15,3,87,'Hannibal Lecter XIII','Border Collie','A090','L','GIII',0,'Tomás Pérez Ayuso','A. D. A. Pozuelo','2014-01-01 00:00:00','2014-01-01 00:00:00',0,0,0,0,0,0,'',1),
(11,82,62,116,10,87,'Lee','Border Collie','A084','L','GIII',0,'Antonio Molina','W.E.L.P.E.','2014-01-01 00:00:00','2014-01-01 00:00:00',0,0,0,0,0,0,'',1),
(11,82,62,78,13,87,'Burundi','Perro de Aguas Español','A310','L','GIII',0,'Elena Chinchilla','L\'Horta Nord','2014-01-01 00:00:00','2014-01-01 00:00:00',0,0,0,0,0,0,'',1),
(11,82,62,93,23,87,'Runa','Border Collie','A347','L','GIII',0,'Alex Olivera','Santa Quiteria','2014-01-01 00:00:00','2014-01-01 00:00:00',0,0,0,0,0,0,'',1),
(11,82,62,42,25,87,'Moss','Border Collie','A391','L','GIII',0,'Roberto Iñigo','Cinco Huesos','2014-01-01 00:00:00','2014-01-01 00:00:00',0,0,0,0,0,0,'',1),
(11,82,62,57,27,87,'Deby','BorderCollie','A147','L','GIII',0,'Cesar Losada Mera','Eslón','2014-01-01 00:00:00','2014-01-01 00:00:00',0,0,0,0,0,0,'',1),
(11,82,62,79,28,87,'Noah','Border Collie','A268','L','GIII',0,'Vicente Villalba','L\'Horta Nord','2014-01-01 00:00:00','2014-01-01 00:00:00',0,0,0,0,0,0,'',1),
(11,82,62,90,32,87,'Argi','Border Collie','A241','L','GIII',0,'José Manuel Basco','Palaciego','2014-01-01 00:00:00','2014-01-01 00:00:00',0,0,0,0,0,0,'',1),
(11,82,62,120,40,87,'Nana','Border Collie','A073','L','GIII',0,'José Luis García','Zampican','2014-01-01 00:00:00','2014-01-01 00:00:00',0,0,0,0,0,0,'',1),
(11,82,62,43,43,87,'Rocky','','A355','L','GIII',0,'Arturo Conejera','Correcan','2014-01-01 00:00:00','2014-01-01 00:00:00',0,0,0,0,0,0,'',1),
(11,82,62,81,57,87,'Aby','Border Collie','A204','L','GIII',0,'Roberto Reina Vega','La Princesa','2014-01-01 00:00:00','2014-01-01 00:00:00',0,0,0,0,0,0,'',1),
(11,82,62,107,62,87,'Dela','P.B. Malinoise','A377','L','GIII',0,'Luis Luque','Vallgorguina','2014-01-01 00:00:00','2014-01-01 00:00:00',0,0,0,0,0,0,'',1),
(11,82,62,10,71,87,'Mecha','P.B.Malinoise','A558','L','GIII',0,'José Antonio Encinas','A-0','2014-01-01 00:00:00','2014-01-01 00:00:00',0,0,0,0,0,0,'',1),
(11,82,62,47,73,87,'Aslan','Border Collie','A457','L','GIII',0,'Iban Cubedo','Costa Azahar','2014-01-01 00:00:00','2014-01-01 00:00:00',0,0,0,0,0,0,'',1),
(11,82,62,16,78,87,'Winner','Border Collie','A497','L','GIII',0,'Ricardo Santolaya','A. D. A. Pozuelo','2014-01-01 00:00:00','2014-01-01 00:00:00',0,0,0,0,0,0,'',1),
(11,82,62,58,85,87,'Dylan','Border Collie','A461','L','GIII',0,'Iván Sánchez García','Eslón','2014-01-01 00:00:00','2014-01-01 00:00:00',0,0,0,0,0,0,'',1),
(11,82,62,69,98,87,'California','','A414','L','GIII',0,'Jorge Arcas Perales','L\'Almozara','2014-01-01 00:00:00','2014-01-01 00:00:00',0,0,0,0,0,0,'',1),
(11,82,62,119,100,87,'Fito','Border Collie','A490','L','GIII',0,'Silvia León','Zampican','2014-01-01 00:00:00','2014-01-01 00:00:00',0,0,0,0,0,0,'',1),
(11,82,62,72,111,87,'Koba','','843','L','GIII',0,'Pau Serrano Ciratusa','L\'Almozara','2014-01-01 00:00:00','2014-01-01 00:00:00',0,0,0,0,0,0,'',1),
(11,82,62,96,118,87,'Rasca','Border Collie','A564','L','GIII',0,'Alberto Costas','Tercans','2014-01-01 00:00:00','2014-01-01 00:00:00',0,0,0,0,0,0,'',1),
(11,82,62,71,147,87,'Jayna','Border Collie','A173','L','GIII',0,'José Antonio Pascual','L\'Almozara','2014-01-01 00:00:00','2014-01-01 00:00:00',0,0,0,0,0,0,'',1),
(11,82,62,9,148,87,'Kira','Border Collie','A116','L','GIII',0,'Enrique Alonso Queija','A-0','2014-01-01 00:00:00','2014-01-01 00:00:00',0,0,0,0,0,0,'',1),
(11,82,62,50,244,87,'Cala','Perro de Aguas Español','A095','M','GIII',0,'Alberto Alonso Gutierrez','Costa Blanca','2014-01-01 00:00:00','2014-01-01 00:00:00',0,0,0,0,0,0,'',1),
(11,82,62,34,247,87,'Drac','Cocker Spaniel','A196','M','GIII',0,'Elisenda Huidobro','Canic','2014-01-01 00:00:00','2014-01-01 00:00:00',0,0,0,0,0,0,'',1),
(11,82,62,27,256,87,'Menta','Welsh Terrier','767','M','GIII',0,'Albert Ulldemolins','Badalona','2014-01-01 00:00:00','2014-01-01 00:00:00',0,0,0,0,0,0,'',1),
(11,82,62,35,262,87,'Gamma','Sheetland','A307','M','GIII',0,'Jordi Boix','Canic','2014-01-01 00:00:00','2014-01-01 00:00:00',0,0,0,0,0,0,'',1),
(11,82,62,115,292,87,'Johnny Cash','Sheetland','A594','M','GIII',0,'Vicente Micó Cánovas','Villena','2014-01-01 00:00:00','2014-01-01 00:00:00',0,0,0,0,0,0,'',1),
(11,82,62,74,299,87,'Magia','Sheetland','A528','S','GIII',0,'Carmen Briceño','L\'Almozara','2014-01-01 00:00:00','2014-01-01 00:00:00',0,0,0,0,0,0,'',1),
(11,82,62,110,301,87,'Melendi','Caniche','A164','S','GIII',0,'Luis Luque','Vallgorguina','2014-01-01 00:00:00','2014-01-01 00:00:00',0,0,0,0,0,0,'',1),
(11,82,62,49,302,87,'Mims','Caniche','A279','S','GIII',0,'Agustin Centelles','Costa Azahar','2014-01-01 00:00:00','2014-01-01 00:00:00',0,0,0,0,0,0,'',1),
(11,82,62,46,309,87,'Xira','Schnauzer','A424','S','GIII',0,'Sergio Ruiz','Correcan','2014-01-01 00:00:00','2014-01-01 00:00:00',0,0,0,0,0,0,'',1),
(11,82,62,111,312,87,'Nuca','Tibetan Spaniel','A181','S','GIII',0,'Iván Pardo García','Vallgorguina','2014-01-01 00:00:00','2014-01-01 00:00:00',0,0,0,0,0,0,'',1),
(11,82,62,17,314,87,'Nana','Caniche','A277','S','GIII',0,'Sara Montila','A. D. A. Pozuelo','2014-01-01 00:00:00','2014-01-01 00:00:00',0,0,0,0,0,0,'',1),
(11,82,62,123,316,87,'Xena','Yorkshire Terrier','A509','S','GIII',0,'Enric García','Zampican','2014-01-01 00:00:00','2014-01-01 00:00:00',0,0,0,0,0,0,'',1),
(11,82,62,112,342,87,'Quillo','Rusky Toy','A604','S','GIII',0,'Cristina González','Vallgorguina','2014-01-01 00:00:00','2014-01-01 00:00:00',0,0,0,0,0,0,'',1),
(11,82,62,60,350,87,'Dama','Fox Terrier Wire','A641','M','GIII',0,'Juan Antonio Martinez','Eslón','2014-01-01 00:00:00','2014-01-01 00:00:00',0,0,0,0,0,0,'',1),
(11,82,62,45,363,87,'Beltxa','Schnauzer','A622','S','GIII',0,'Sergio Ruiz','Correcan','2014-01-01 00:00:00','2014-01-01 00:00:00',0,0,0,0,0,0,'',1),
(11,82,62,3,391,87,'Gilda','Border Collie','A723','L','GIII',0,'Natividad Ruiz García','A-0','2014-01-01 00:00:00','2014-01-01 00:00:00',0,0,0,0,0,0,'',1),
(11,82,62,83,401,87,'Ron','Border Collie','A617','L','GIII',0,'Oscar Sacristan','La Princesa','2014-01-01 00:00:00','2014-01-01 00:00:00',0,0,0,0,0,0,'',1),
(11,82,62,91,405,87,'Dudy','Border Collie','A753','L','GIII',0,'Juan José González','Pataplán','2014-01-01 00:00:00','2014-01-01 00:00:00',0,0,0,0,0,0,'',1),
(11,82,62,109,407,87,'Luca','Ratonero Bodeguero Andaluz','A749','M','GIII',0,'Cristina González','Vallgorguina','2014-01-01 00:00:00','2014-01-01 00:00:00',0,0,0,0,0,0,'',1),
(11,82,62,19,410,87,'Sombra','Border Collie','A679','L','GIII',0,'Jose Luis J. Mori','AA Y CIA','2014-01-01 00:00:00','2014-01-01 00:00:00',0,0,0,0,0,0,'',1),
(11,82,62,82,423,87,'Noa','BorderCollie','A143','L','GIII',0,'Jennifer Tolín del Castillo','La Princesa','2014-01-01 00:00:00','2014-01-01 00:00:00',0,0,0,0,0,0,'',1),
(11,82,62,68,442,87,'Cachirulo','Perro de Aguas Español','A578','L','GIII',0,'David Molina Gimeno','L\'Almozara','2014-01-01 00:00:00','2014-01-01 00:00:00',0,0,0,0,0,0,'',1),
(11,82,62,62,447,87,'Inka','Border Collie','A381','L','GIII',0,'Pedro Martínez','Euskadi','2014-01-01 00:00:00','2014-01-01 00:00:00',0,0,0,0,0,0,'',1),
(11,82,62,121,461,87,'Sue','Border Collie','A788','L','GIII',0,'Silvia León','Zampican','2014-01-01 00:00:00','2014-01-01 00:00:00',0,0,0,0,0,0,'',1),
(11,82,62,114,492,87,'Jade','Border Collie','A629','L','GIII',0,'Jonathan Guillem','Vilcan','2014-01-01 00:00:00','2014-01-01 00:00:00',0,0,0,0,0,0,'',1),
(11,82,62,64,493,87,'Rinoa','Border Collie','A447','L','GIII',0,'Marc Rabada','Kronos','2014-01-01 00:00:00','2014-01-01 00:00:00',0,0,0,0,0,0,'',1),
(11,82,62,61,496,87,'Chamán','Border Collie','A262','L','GIII',0,'Pedro Martínez','Euskadi','2014-01-01 00:00:00','2014-01-01 00:00:00',0,0,0,0,0,0,'',1),
(11,82,62,44,498,87,'Kobu','Brazillian Terrier','A806','M','GIII',0,'Irena Montalvo','Correcan','2014-01-01 00:00:00','2014-01-01 00:00:00',0,0,0,0,0,0,'',1),
(11,82,62,65,499,87,'Zeus','Cocker Americano','A139','M','GIII',0,'Marc Rabada','Kronos','2014-01-01 00:00:00','2014-01-01 00:00:00',0,0,0,0,0,0,'',1),
(11,82,62,36,501,87,'Sacha','Perro de Aguas Español','A632','M','GIII',0,'Francisco Medina','Canic','2014-01-01 00:00:00','2014-01-01 00:00:00',0,0,0,0,0,0,'',1),
(11,82,62,73,502,87,'Fran','Perro de Aguas Español','A028','M','GIII',0,'David Molina Gimeno','L\'Almozara','2014-01-01 00:00:00','2014-01-01 00:00:00',0,0,0,0,0,0,'',1),
(11,82,62,108,505,87,'Alma','Pastor de los Pirineos','874','M','GIII',0,'Emilio José Pedrazuela','Vallgorguina','2014-01-01 00:00:00','2014-01-01 00:00:00',0,0,0,0,0,0,'',1),
(11,82,62,20,524,87,'King','Caniche Toy','A683','S','GIII',0,'Juan Muñiz','ACADE','2014-01-01 00:00:00','2014-01-01 00:00:00',0,0,0,0,0,0,'',1),
(11,82,62,59,607,87,'Hela','Border Collie','A836','L','GIII',0,'Cesar Losada Mera','Eslón','2014-01-01 00:00:00','2014-01-01 00:00:00',0,0,0,0,0,0,'',1),
(11,82,62,55,647,87,'Maggie','Border Collie','A817','L','GIII',0,'Ricardo J. Martínez','Depordog','2014-01-01 00:00:00','2014-01-01 00:00:00',0,0,0,0,0,0,'',1),
(11,82,62,56,648,87,'karioka','','A534','L','GIII',0,'Ana Beltran Bustamante','El Nogueral','2014-01-01 00:00:00','2014-01-01 00:00:00',0,0,0,0,0,0,'',1),
(11,82,62,37,651,87,'Laila','P. B. Groenendael','A592','L','GIII',0,'Katia Moeller','Canino Algecireño','2014-01-01 00:00:00','2014-01-01 00:00:00',0,0,0,0,0,0,'',1),
(11,82,62,92,714,87,'Gala','Border Collie','A500','L','GIII',0,'Sara Marques','Santa Quiteria','2014-01-01 00:00:00','2014-01-01 00:00:00',0,0,0,0,0,0,'',1),
(11,82,62,48,743,87,'Kenia','Parson Russel Terrier','A686','S','GIII',0,'Juan Carlos Companys','Costa Azahar','2014-01-01 00:00:00','2014-01-01 00:00:00',0,0,0,0,0,0,'',1),
(11,82,62,122,969,87,'Tirillas','Border Collie','A782','L','GIII',0,'José Luis García','Zampican','2014-01-01 00:00:00','2014-01-01 00:00:00',0,0,0,0,0,0,'',1),
(11,82,62,54,1104,87,'Kika','Pastor Belga Malinoise','A802','L','GIII',0,'José Luis Rosano','Depordog','2014-01-01 00:00:00','2014-01-01 00:00:00',0,0,0,0,0,0,'',1);
/*!40000 ALTER TABLE `resultados` ENABLE KEYS */;
UNLOCK TABLES;

--
-- Table structure for table `sesiones`
--

DROP TABLE IF EXISTS `sesiones`;
/*!40101 SET @saved_cs_client     = @@character_set_client */;
/*!40101 SET character_set_client = utf8 */;
CREATE TABLE `sesiones` (
  `ID` int(4) NOT NULL AUTO_INCREMENT,
  `Nombre` varchar(255) NOT NULL DEFAULT '-- Sin asignar --',
  `Comentario` varchar(255) DEFAULT NULL,
  `Operador` int(4) NOT NULL DEFAULT '1',
  `SessionKey` varchar(255) DEFAULT NULL,
  `Prueba` int(4) NOT NULL DEFAULT '0',
  `Jornada` int(4) NOT NULL DEFAULT '0',
  `Manga` int(4) NOT NULL DEFAULT '0',
  `Tanda` int(4) NOT NULL DEFAULT '0',
  `Background` varchar(255) NOT NULL DEFAULT '',
  `LiveStream` varchar(255) DEFAULT NULL,
  `LiveStream2` varchar(255) DEFAULT NULL,
  `LiveStream3` varchar(255) DEFAULT NULL,
  `LastModified` timestamp NOT NULL DEFAULT CURRENT_TIMESTAMP ON UPDATE CURRENT_TIMESTAMP,
  PRIMARY KEY (`ID`),
  KEY `Sesiones_Operador` (`Operador`),
  CONSTRAINT `Sesiones_ibfk_1` FOREIGN KEY (`Operador`) REFERENCES `usuarios` (`ID`) ON DELETE CASCADE ON UPDATE CASCADE
) ENGINE=InnoDB AUTO_INCREMENT=267 DEFAULT CHARSET=utf8;
/*!40101 SET character_set_client = @saved_cs_client */;

--
-- Dumping data for table `sesiones`
--

LOCK TABLES `sesiones` WRITE;
/*!40000 ALTER TABLE `sesiones` DISABLE KEYS */;
INSERT INTO `sesiones` VALUES 
(1,'-- Sin asignar --','',5,'qIHDXyhc54AZkfWT',2,9,1,153,'','/agility/videos/sample_video.mp4',NULL,NULL,'2015-05-13 12:07:44'),
(2,'Ring 1','Mangas a realizar en el Ring de honor',5,'6Uxz9OoFC5pVha02',2,9,0,917,'http://192.168.122.168/videostream.cgi','','','','2015-05-07 12:39:43'),
(3,'Ring 2','Mangas a realizar en el segundo ring',5,'gXIRKb1Wis5NvcYa',2,9,1,155,'',NULL,NULL,NULL,'2015-05-06 12:04:21'),
(4,'Ring 3','Mangas a realizar en el tercer ring',1,NULL,0,0,0,0,'',NULL,NULL,NULL,'2014-12-05 19:14:34'),
(5,'Ring 4','Mangas a realizar en el cuarto ring',1,NULL,0,0,0,0,'',NULL,NULL,NULL,'2014-12-05 19:14:34'),
(264,'Console','admin - Administrador de la aplicacion',3,'V693HwFhKcpPTRWA',0,0,0,0,'',NULL,NULL,NULL,'2015-05-22 16:37:41'),
(266,'Console','operator - Operador de consola',4,'YJ14vytogZenjHr8',0,0,0,0,'',NULL,NULL,NULL,'2015-05-22 19:53:45');
/*!40000 ALTER TABLE `sesiones` ENABLE KEYS */;
UNLOCK TABLES;

--
-- Table structure for table `tandas`
--

DROP TABLE IF EXISTS `tandas`;
/*!40101 SET @saved_cs_client     = @@character_set_client */;
/*!40101 SET character_set_client = utf8 */;
CREATE TABLE `tandas` (
  `ID` int(4) NOT NULL AUTO_INCREMENT,
  `Prueba` int(4) NOT NULL DEFAULT '1',
  `Jornada` int(4) NOT NULL,
  `Sesion` int(4) NOT NULL DEFAULT '1',
  `Orden` int(4) NOT NULL,
  `Nombre` varchar(255) NOT NULL,
  `Categoria` varchar(16) NOT NULL,
  `Grado` varchar(16) NOT NULL,
  `Horario` varchar(128) DEFAULT NULL,
  `Tipo` int(4) NOT NULL,
  `Comentario` varchar(255) DEFAULT NULL,
  PRIMARY KEY (`ID`),
  KEY `Tandas_Prueba` (`Prueba`),
  KEY `Tandas_Jornada` (`Jornada`),
  KEY `Tandas_Sesion` (`Sesion`),
  CONSTRAINT `Tandas_ibfk_1` FOREIGN KEY (`Prueba`) REFERENCES `pruebas` (`ID`) ON DELETE CASCADE ON UPDATE CASCADE,
  CONSTRAINT `Tandas_ibfk_2` FOREIGN KEY (`Jornada`) REFERENCES `jornadas` (`ID`) ON DELETE CASCADE ON UPDATE CASCADE,
  CONSTRAINT `Tandas_ibfk_3` FOREIGN KEY (`Sesion`) REFERENCES `sesiones` (`ID`) ON UPDATE CASCADE
) ENGINE=InnoDB AUTO_INCREMENT=1365 DEFAULT CHARSET=utf8;
/*!40101 SET character_set_client = @saved_cs_client */;

--
-- Dumping data for table `tandas`
--

LOCK TABLES `tandas` WRITE;
/*!40000 ALTER TABLE `tandas` DISABLE KEYS */;
INSERT INTO `tandas` VALUES 
(21,2,10,1,38,'Agility-1 GI Large','L','GI',NULL,3,NULL),
(22,2,10,1,39,'Agility-1 GI Medium','M','GI',NULL,4,NULL),
(23,2,10,1,40,'Agility-1 GI Small','S','GI',NULL,5,NULL),
(24,2,10,1,41,'Agility-2 GI Large','L','GI',NULL,6,NULL),
(25,2,10,1,42,'Agility-2 GI Medium','M','GI',NULL,7,NULL),
(26,2,10,1,43,'Agility-2 GI Small','S','GI',NULL,8,NULL),
(27,2,10,1,44,'Agility GII Large','L','GII',NULL,9,NULL),
(28,2,10,1,45,'Agility GII Medium','M','GII',NULL,10,NULL),
(29,2,10,1,46,'Agility GII Small','S','GII',NULL,11,NULL),
(30,2,10,1,47,'Jumping GII Large','L','GII',NULL,23,NULL),
(31,2,10,1,48,'Jumping GII Medium','M','GII',NULL,24,NULL),
(32,2,10,1,49,'Jumping GII Small','S','GII',NULL,25,NULL),
(33,2,10,1,50,'Agility GIII Large','L','GIII',NULL,12,NULL),
(34,2,10,1,51,'Agility GIII Medium','M','GIII',NULL,13,NULL),
(35,2,10,1,52,'Agility GIII Small','S','GIII',NULL,14,NULL),
(36,2,10,1,53,'Jumping GIII Large','L','GIII',NULL,26,NULL),
(37,2,10,1,54,'Jumping GIII Medium','M','GIII',NULL,27,NULL),
(38,2,10,1,55,'Jumping GIII Small','S','GIII',NULL,28,NULL),
(39,2,11,1,39,'Pre-Agility 1','-LMST','P.A.',NULL,1,NULL),
(40,2,11,1,40,'Agility-1 GI Large','L','GI',NULL,3,NULL),
(41,2,11,1,41,'Agility-1 GI Medium','M','GI',NULL,4,NULL),
(42,2,11,1,42,'Agility-1 GI Small','S','GI',NULL,5,NULL),
(43,2,11,1,43,'Agility-2 GI Large','L','GI',NULL,6,NULL),
(44,2,11,1,44,'Agility-2 GI Medium','M','GI',NULL,7,NULL),
(45,2,11,1,45,'Agility-2 GI Small','S','GI',NULL,8,NULL),
(46,2,11,1,46,'Agility GII Large','L','GII',NULL,9,NULL),
(47,2,11,1,47,'Agility GII Medium','M','GII',NULL,10,NULL),
(48,2,11,1,48,'Agility GII Small','S','GII',NULL,11,NULL),
(49,2,11,1,49,'Jumping GII Large','L','GII',NULL,23,NULL),
(50,2,11,1,50,'Jumping GII Medium','M','GII',NULL,24,NULL),
(51,2,11,1,51,'Jumping GII Small','S','GII',NULL,25,NULL),
(52,2,11,1,52,'Agility GIII Large','L','GIII',NULL,12,NULL),
(53,2,11,1,53,'Agility GIII Medium','M','GIII',NULL,13,NULL),
(54,2,11,1,54,'Agility GIII Small','S','GIII',NULL,14,NULL),
(55,2,11,1,55,'Jumping GIII Large','L','GIII',NULL,26,NULL),
(56,2,11,1,56,'Jumping GIII Medium','M','GIII',NULL,27,NULL),
(57,2,11,1,57,'Jumping GIII Small','S','GIII',NULL,28,NULL),
(58,2,12,1,1,'Pre-Agility 1','-LMST','P.A.',NULL,1,NULL),
(59,2,12,1,2,'Agility-1 GI Large','L','GI',NULL,3,NULL),
(60,2,12,1,3,'Agility-1 GI Medium','M','GI',NULL,4,NULL),
(61,2,12,1,4,'Agility-1 GI Small','S','GI',NULL,5,NULL),
(62,2,12,1,5,'Agility-2 GI Large','L','GI',NULL,6,NULL),
(63,2,12,1,6,'Agility-2 GI Medium','M','GI',NULL,7,NULL),
(64,2,12,1,7,'Agility-2 GI Small','S','GI',NULL,8,NULL),
(65,2,12,1,8,'Agility GII Large','L','GII',NULL,9,NULL),
(66,2,12,1,9,'Agility GII Medium','M','GII',NULL,10,NULL),
(67,2,12,1,10,'Agility GII Small','S','GII',NULL,11,NULL),
(68,2,12,1,11,'Jumping GII Large','L','GII',NULL,23,NULL),
(69,2,12,1,12,'Jumping GII Medium','M','GII',NULL,24,NULL),
(70,2,12,1,13,'Jumping GII Small','S','GII',NULL,25,NULL),
(71,2,12,1,14,'Agility GIII Large','L','GIII',NULL,12,NULL),
(72,2,12,1,15,'Agility GIII Medium','M','GIII',NULL,13,NULL),
(73,2,12,1,16,'Agility GIII Small','S','GIII',NULL,14,NULL),
(74,2,12,1,17,'Jumping GIII Large','L','GIII',NULL,26,NULL),
(75,2,12,1,18,'Jumping GIII Medium','M','GIII',NULL,27,NULL),
(76,2,12,1,19,'Jumping GIII Small','S','GIII',NULL,28,NULL),
(77,2,13,1,1,'Pre-Agility 1','-LMST','P.A.',NULL,1,NULL),
(78,2,13,1,2,'Agility-1 GI Large','L','GI',NULL,3,NULL),
(79,2,13,1,3,'Agility-1 GI Medium','M','GI',NULL,4,NULL),
(80,2,13,1,4,'Agility-1 GI Small','S','GI',NULL,5,NULL),
(81,2,13,1,5,'Agility-2 GI Large','L','GI',NULL,6,NULL),
(82,2,13,1,6,'Agility-2 GI Medium','M','GI',NULL,7,NULL),
(83,2,13,1,7,'Agility-2 GI Small','S','GI',NULL,8,NULL),
(84,2,13,1,8,'Agility GII Large','L','GII',NULL,9,NULL),
(85,2,13,1,9,'Agility GII Medium','M','GII',NULL,10,NULL),
(86,2,13,1,10,'Agility GII Small','S','GII',NULL,11,NULL),
(87,2,13,1,11,'Jumping GII Large','L','GII',NULL,23,NULL),
(88,2,13,1,12,'Jumping GII Medium','M','GII',NULL,24,NULL),
(89,2,13,1,13,'Jumping GII Small','S','GII',NULL,25,NULL),
(90,2,13,1,14,'Agility GIII Large','L','GIII',NULL,12,NULL),
(91,2,13,1,15,'Agility GIII Medium','M','GIII',NULL,13,NULL),
(92,2,13,1,16,'Agility GIII Small','S','GIII',NULL,14,NULL),
(93,2,13,1,17,'Jumping GIII Large','L','GIII',NULL,26,NULL),
(94,2,13,1,18,'Jumping GIII Medium','M','GIII',NULL,27,NULL),
(95,2,13,1,19,'Jumping GIII Small','S','GIII',NULL,28,NULL),
(96,2,14,1,1,'Pre-Agility 1','-LMST','P.A.',NULL,1,NULL),
(97,2,14,1,2,'Agility-1 GI Large','L','GI',NULL,3,NULL),
(98,2,14,1,3,'Agility-1 GI Medium','M','GI',NULL,4,NULL),
(99,2,14,1,4,'Agility-1 GI Small','S','GI',NULL,5,NULL),
(100,2,14,1,5,'Agility-2 GI Large','L','GI',NULL,6,NULL),
(101,2,14,1,6,'Agility-2 GI Medium','M','GI',NULL,7,NULL),
(102,2,14,1,7,'Agility-2 GI Small','S','GI',NULL,8,NULL),
(103,2,14,1,8,'Agility GII Large','L','GII',NULL,9,NULL),
(104,2,14,1,9,'Agility GII Medium','M','GII',NULL,10,NULL),
(105,2,14,1,10,'Agility GII Small','S','GII',NULL,11,NULL),
(106,2,14,1,11,'Jumping GII Large','L','GII',NULL,23,NULL),
(107,2,14,1,12,'Jumping GII Medium','M','GII',NULL,24,NULL),
(108,2,14,1,13,'Jumping GII Small','S','GII',NULL,25,NULL),
(109,2,14,1,14,'Agility GIII Large','L','GIII',NULL,12,NULL),
(110,2,14,1,15,'Agility GIII Medium','M','GIII',NULL,13,NULL),
(111,2,14,1,16,'Agility GIII Small','S','GIII',NULL,14,NULL),
(112,2,14,1,17,'Jumping GIII Large','L','GIII',NULL,26,NULL),
(113,2,14,1,18,'Jumping GIII Medium','M','GIII',NULL,27,NULL),
(114,2,14,1,19,'Jumping GIII Small','S','GIII',NULL,28,NULL),
(115,2,15,1,1,'Pre-Agility 1','-LMST','P.A.',NULL,1,NULL),
(116,2,15,1,2,'Agility-1 GI Large','L','GI',NULL,3,NULL),
(117,2,15,1,3,'Agility-1 GI Medium','M','GI',NULL,4,NULL),
(118,2,15,1,4,'Agility-1 GI Small','S','GI',NULL,5,NULL),
(119,2,15,1,5,'Agility-2 GI Large','L','GI',NULL,6,NULL),
(120,2,15,1,6,'Agility-2 GI Medium','M','GI',NULL,7,NULL),
(121,2,15,1,7,'Agility-2 GI Small','S','GI',NULL,8,NULL),
(122,2,15,1,8,'Agility GII Large','L','GII',NULL,9,NULL),
(123,2,15,1,9,'Agility GII Medium','M','GII',NULL,10,NULL),
(124,2,15,1,10,'Agility GII Small','S','GII',NULL,11,NULL),
(125,2,15,1,11,'Jumping GII Large','L','GII',NULL,23,NULL),
(126,2,15,1,12,'Jumping GII Medium','M','GII',NULL,24,NULL),
(127,2,15,1,13,'Jumping GII Small','S','GII',NULL,25,NULL),
(128,2,15,1,14,'Agility GIII Large','L','GIII',NULL,12,NULL),
(129,2,15,1,15,'Agility GIII Medium','M','GIII',NULL,13,NULL),
(130,2,15,1,16,'Agility GIII Small','S','GIII',NULL,14,NULL),
(131,2,15,1,17,'Jumping GIII Large','L','GIII',NULL,26,NULL),
(132,2,15,1,18,'Jumping GIII Medium','M','GIII',NULL,27,NULL),
(133,2,15,1,19,'Jumping GIII Small','S','GIII',NULL,28,NULL),
(134,2,16,1,1,'Pre-Agility 1','-LMST','P.A.',NULL,1,NULL),
(135,2,16,1,2,'Agility-1 GI Large','L','GI',NULL,3,NULL),
(136,2,16,1,3,'Agility-1 GI Medium','M','GI',NULL,4,NULL),
(137,2,16,1,4,'Agility-1 GI Small','S','GI',NULL,5,NULL),
(138,2,16,1,5,'Agility-2 GI Large','L','GI',NULL,6,NULL),
(139,2,16,1,6,'Agility-2 GI Medium','M','GI',NULL,7,NULL),
(140,2,16,1,7,'Agility-2 GI Small','S','GI',NULL,8,NULL),
(141,2,16,1,8,'Agility GII Large','L','GII',NULL,9,NULL),
(142,2,16,1,9,'Agility GII Medium','M','GII',NULL,10,NULL),
(143,2,16,1,10,'Agility GII Small','S','GII',NULL,11,NULL),
(144,2,16,1,11,'Jumping GII Large','L','GII',NULL,23,NULL),
(145,2,16,1,12,'Jumping GII Medium','M','GII',NULL,24,NULL),
(146,2,16,1,13,'Jumping GII Small','S','GII',NULL,25,NULL),
(147,2,16,1,14,'Agility GIII Large','L','GIII',NULL,12,NULL),
(148,2,16,1,15,'Agility GIII Medium','M','GIII',NULL,13,NULL),
(149,2,16,1,16,'Agility GIII Small','S','GIII',NULL,14,NULL),
(150,2,16,1,17,'Jumping GIII Large','L','GIII',NULL,26,NULL),
(151,2,16,1,18,'Jumping GIII Medium','M','GIII',NULL,27,NULL),
(152,2,16,1,19,'Jumping GIII Small','S','GIII',NULL,28,NULL),
(153,2,9,2,16,'Agility Eq. 3 Large','L','-','09:30',18,''),
(154,2,9,3,17,'Agility Eq. 3 Medium','M','-','09:30',19,''),
(155,2,9,3,18,'Agility Eq. 3 Small','S','-','',20,'los pequeñecos :-)'),
(156,2,9,2,20,'Jumping Eq. 3 Large','L','-','',32,''),
(157,2,9,3,21,'Jumping Eq. 3 Medium','M','-','',33,''),
(158,2,9,3,22,'Jumping Eq. 3 Small','S','-','',34,''),
(915,2,9,1,15,'Reconocimiento de pista Agility','','','09:15',0,'cada categoria en su ring'),
(916,2,9,1,19,'Reconocimiento de pista Jumping','','','11:00',0,'cada categoria en su ring'),
(917,2,9,1,14,'Entrega de cartillas','','','09:00',0,''),
(918,8,57,1,18,'Pre-Agility 1','-LMST','P.A.',NULL,1,NULL),
(919,8,57,1,20,'Agility-1 GI Large','L','GI',NULL,3,NULL),
(920,8,57,1,21,'Agility-1 GI Medium','M','GI',NULL,4,NULL),
(921,8,57,1,22,'Agility-1 GI Small','S','GI',NULL,5,NULL),
(922,8,57,1,23,'Agility-1 GI Tiny','T','GI',NULL,41,NULL),
(923,8,57,1,24,'Agility-2 GI Large','L','GI',NULL,6,NULL),
(924,8,57,1,25,'Agility-2 GI Medium','M','GI',NULL,7,NULL),
(925,8,57,1,26,'Agility-2 GI Small','S','GI',NULL,8,NULL),
(926,8,57,1,27,'Agility-2 GI Tiny','T','GI',NULL,42,NULL),
(927,8,57,1,28,'Agility GII Large','L','GII',NULL,9,NULL),
(928,8,57,1,29,'Agility GII Medium','M','GII',NULL,10,NULL),
(929,8,57,1,30,'Agility GII Small','S','GII',NULL,11,NULL),
(930,8,57,1,31,'Agility GII Tiny','T','GII',NULL,43,NULL),
(931,8,57,1,32,'Jumping GII Large','L','GII',NULL,23,NULL),
(932,8,57,1,33,'Jumping GII Medium','M','GII',NULL,24,NULL),
(933,8,57,1,34,'Jumping GII Small','S','GII',NULL,25,NULL),
(934,8,57,1,35,'Jumping GII Tiny','T','GII',NULL,49,NULL),
(935,8,58,1,1,'Pre-Agility 1','-LMST','P.A.',NULL,1,NULL),
(936,8,58,1,2,'Agility-1 GI Large','L','GI',NULL,3,NULL),
(937,8,58,1,3,'Agility-1 GI Medium','M','GI',NULL,4,NULL),
(938,8,58,1,4,'Agility-1 GI Small','S','GI',NULL,5,NULL),
(939,8,58,1,5,'Agility-1 GI Tiny','T','GI',NULL,41,NULL),
(940,8,58,1,6,'Agility-2 GI Large','L','GI',NULL,6,NULL),
(941,8,58,1,7,'Agility-2 GI Medium','M','GI',NULL,7,NULL),
(942,8,58,1,8,'Agility-2 GI Small','S','GI',NULL,8,NULL),
(943,8,58,1,9,'Agility-2 GI Tiny','T','GI',NULL,42,NULL),
(944,8,58,1,10,'Agility GII Large','L','GII',NULL,9,NULL),
(945,8,58,1,11,'Agility GII Medium','M','GII',NULL,10,NULL),
(946,8,58,1,12,'Agility GII Small','S','GII',NULL,11,NULL),
(947,8,58,1,13,'Agility GII Tiny','T','GII',NULL,43,NULL),
(948,8,58,1,14,'Jumping GII Large','L','GII',NULL,23,NULL),
(949,8,58,1,15,'Jumping GII Medium','M','GII',NULL,24,NULL),
(950,8,58,1,16,'Jumping GII Small','S','GII',NULL,25,NULL),
(951,8,58,1,17,'Jumping GII Tiny','T','GII',NULL,49,NULL),
(952,8,59,1,1,'Pre-Agility 1','-LMST','P.A.',NULL,1,NULL),
(953,8,59,1,2,'Agility-1 GI Large','L','GI',NULL,3,NULL),
(954,8,59,1,3,'Agility-1 GI Medium','M','GI',NULL,4,NULL),
(955,8,59,1,4,'Agility-1 GI Small','S','GI',NULL,5,NULL),
(956,8,59,1,5,'Agility-1 GI Tiny','T','GI',NULL,41,NULL),
(957,8,59,1,6,'Agility-2 GI Large','L','GI',NULL,6,NULL),
(958,8,59,1,7,'Agility-2 GI Medium','M','GI',NULL,7,NULL),
(959,8,59,1,8,'Agility-2 GI Small','S','GI',NULL,8,NULL),
(960,8,59,1,9,'Agility-2 GI Tiny','T','GI',NULL,42,NULL),
(961,8,59,1,10,'Agility GII Large','L','GII',NULL,9,NULL),
(962,8,59,1,11,'Agility GII Medium','M','GII',NULL,10,NULL),
(963,8,59,1,12,'Agility GII Small','S','GII',NULL,11,NULL),
(964,8,59,1,13,'Agility GII Tiny','T','GII',NULL,43,NULL),
(965,8,59,1,14,'Jumping GII Large','L','GII',NULL,23,NULL),
(966,8,59,1,15,'Jumping GII Medium','M','GII',NULL,24,NULL),
(967,8,59,1,16,'Jumping GII Small','S','GII',NULL,25,NULL),
(968,8,59,1,17,'Jumping GII Tiny','T','GII',NULL,49,NULL),
(969,8,60,1,1,'Pre-Agility 1','-LMST','P.A.',NULL,1,NULL),
(970,8,60,1,2,'Agility-1 GI Large','L','GI',NULL,3,NULL),
(971,8,60,1,3,'Agility-1 GI Medium','M','GI',NULL,4,NULL),
(972,8,60,1,4,'Agility-1 GI Small','S','GI',NULL,5,NULL),
(973,8,60,1,5,'Agility-1 GI Tiny','T','GI',NULL,41,NULL),
(974,8,60,1,6,'Agility-2 GI Large','L','GI',NULL,6,NULL),
(975,8,60,1,7,'Agility-2 GI Medium','M','GI',NULL,7,NULL),
(976,8,60,1,8,'Agility-2 GI Small','S','GI',NULL,8,NULL),
(977,8,60,1,9,'Agility-2 GI Tiny','T','GI',NULL,42,NULL),
(978,8,60,1,10,'Agility GII Large','L','GII',NULL,9,NULL),
(979,8,60,1,11,'Agility GII Medium','M','GII',NULL,10,NULL),
(980,8,60,1,12,'Agility GII Small','S','GII',NULL,11,NULL),
(981,8,60,1,13,'Agility GII Tiny','T','GII',NULL,43,NULL),
(982,8,60,1,14,'Jumping GII Large','L','GII',NULL,23,NULL),
(983,8,60,1,15,'Jumping GII Medium','M','GII',NULL,24,NULL),
(984,8,60,1,16,'Jumping GII Small','S','GII',NULL,25,NULL),
(985,8,60,1,17,'Jumping GII Tiny','T','GII',NULL,49,NULL),
(986,8,61,1,1,'Pre-Agility 1','-LMST','P.A.',NULL,1,NULL),
(987,8,61,1,2,'Agility-1 GI Large','L','GI',NULL,3,NULL),
(988,8,61,1,3,'Agility-1 GI Medium','M','GI',NULL,4,NULL),
(989,8,61,1,4,'Agility-1 GI Small','S','GI',NULL,5,NULL),
(990,8,61,1,5,'Agility-1 GI Tiny','T','GI',NULL,41,NULL),
(991,8,61,1,6,'Agility-2 GI Large','L','GI',NULL,6,NULL),
(992,8,61,1,7,'Agility-2 GI Medium','M','GI',NULL,7,NULL),
(993,8,61,1,8,'Agility-2 GI Small','S','GI',NULL,8,NULL),
(994,8,61,1,9,'Agility-2 GI Tiny','T','GI',NULL,42,NULL),
(995,8,61,1,10,'Agility GII Large','L','GII',NULL,9,NULL),
(996,8,61,1,11,'Agility GII Medium','M','GII',NULL,10,NULL),
(997,8,61,1,12,'Agility GII Small','S','GII',NULL,11,NULL),
(998,8,61,1,13,'Agility GII Tiny','T','GII',NULL,43,NULL),
(999,8,61,1,14,'Jumping GII Large','L','GII',NULL,23,NULL),
(1000,8,61,1,15,'Jumping GII Medium','M','GII',NULL,24,NULL),
(1001,8,61,1,16,'Jumping GII Small','S','GII',NULL,25,NULL),
(1002,8,61,1,17,'Jumping GII Tiny','T','GII',NULL,49,NULL),
(1003,8,62,1,1,'Pre-Agility 1','-LMST','P.A.',NULL,1,NULL),
(1004,8,62,1,2,'Agility-1 GI Large','L','GI',NULL,3,NULL),
(1005,8,62,1,3,'Agility-1 GI Medium','M','GI',NULL,4,NULL),
(1006,8,62,1,4,'Agility-1 GI Small','S','GI',NULL,5,NULL),
(1007,8,62,1,5,'Agility-1 GI Tiny','T','GI',NULL,41,NULL),
(1008,8,62,1,6,'Agility-2 GI Large','L','GI',NULL,6,NULL),
(1009,8,62,1,7,'Agility-2 GI Medium','M','GI',NULL,7,NULL),
(1010,8,62,1,8,'Agility-2 GI Small','S','GI',NULL,8,NULL),
(1011,8,62,1,9,'Agility-2 GI Tiny','T','GI',NULL,42,NULL),
(1012,8,62,1,10,'Agility GII Large','L','GII',NULL,9,NULL),
(1013,8,62,1,11,'Agility GII Medium','M','GII',NULL,10,NULL),
(1014,8,62,1,12,'Agility GII Small','S','GII',NULL,11,NULL),
(1015,8,62,1,13,'Agility GII Tiny','T','GII',NULL,43,NULL),
(1016,8,62,1,14,'Jumping GII Large','L','GII',NULL,23,NULL),
(1017,8,62,1,15,'Jumping GII Medium','M','GII',NULL,24,NULL),
(1018,8,62,1,16,'Jumping GII Small','S','GII',NULL,25,NULL),
(1019,8,62,1,17,'Jumping GII Tiny','T','GII',NULL,49,NULL),
(1020,8,63,1,1,'Pre-Agility 1','-LMST','P.A.',NULL,1,NULL),
(1021,8,63,1,2,'Agility-1 GI Large','L','GI',NULL,3,NULL),
(1022,8,63,1,3,'Agility-1 GI Medium','M','GI',NULL,4,NULL),
(1023,8,63,1,4,'Agility-1 GI Small','S','GI',NULL,5,NULL),
(1024,8,63,1,5,'Agility-1 GI Tiny','T','GI',NULL,41,NULL),
(1025,8,63,1,6,'Agility-2 GI Large','L','GI',NULL,6,NULL),
(1026,8,63,1,7,'Agility-2 GI Medium','M','GI',NULL,7,NULL),
(1027,8,63,1,8,'Agility-2 GI Small','S','GI',NULL,8,NULL),
(1028,8,63,1,9,'Agility-2 GI Tiny','T','GI',NULL,42,NULL),
(1029,8,63,1,10,'Agility GII Large','L','GII',NULL,9,NULL),
(1030,8,63,1,11,'Agility GII Medium','M','GII',NULL,10,NULL),
(1031,8,63,1,12,'Agility GII Small','S','GII',NULL,11,NULL),
(1032,8,63,1,13,'Agility GII Tiny','T','GII',NULL,43,NULL),
(1033,8,63,1,14,'Jumping GII Large','L','GII',NULL,23,NULL),
(1034,8,63,1,15,'Jumping GII Medium','M','GII',NULL,24,NULL),
(1035,8,63,1,16,'Jumping GII Small','S','GII',NULL,25,NULL),
(1036,8,63,1,17,'Jumping GII Tiny','T','GII',NULL,49,NULL),
(1037,8,64,1,1,'Pre-Agility 1','-LMST','P.A.',NULL,1,NULL),
(1038,8,64,1,2,'Agility-1 GI Large','L','GI',NULL,3,NULL),
(1039,8,64,1,3,'Agility-1 GI Medium','M','GI',NULL,4,NULL),
(1040,8,64,1,4,'Agility-1 GI Small','S','GI',NULL,5,NULL),
(1041,8,64,1,5,'Agility-1 GI Tiny','T','GI',NULL,41,NULL),
(1042,8,64,1,6,'Agility-2 GI Large','L','GI',NULL,6,NULL),
(1043,8,64,1,7,'Agility-2 GI Medium','M','GI',NULL,7,NULL),
(1044,8,64,1,8,'Agility-2 GI Small','S','GI',NULL,8,NULL),
(1045,8,64,1,9,'Agility-2 GI Tiny','T','GI',NULL,42,NULL),
(1046,8,64,1,10,'Agility GII Large','L','GII',NULL,9,NULL),
(1047,8,64,1,11,'Agility GII Medium','M','GII',NULL,10,NULL),
(1048,8,64,1,12,'Agility GII Small','S','GII',NULL,11,NULL),
(1049,8,64,1,13,'Agility GII Tiny','T','GII',NULL,43,NULL),
(1050,8,64,1,14,'Jumping GII Large','L','GII',NULL,23,NULL),
(1051,8,64,1,15,'Jumping GII Medium','M','GII',NULL,24,NULL),
(1052,8,64,1,16,'Jumping GII Small','S','GII',NULL,25,NULL),
(1053,8,64,1,17,'Jumping GII Tiny','T','GII',NULL,49,NULL),
(1054,8,57,1,19,'Pre-Agility 2','-LMST','P.A.',NULL,2,NULL),
(1055,9,65,1,37,'Pre-Agility 1','-LMST','P.A.',NULL,1,NULL),
(1056,9,65,1,39,'Agility-1 GI Large','L','GI',NULL,3,NULL),
(1057,9,65,1,40,'Agility-1 GI Medium','M','GI',NULL,4,NULL),
(1058,9,65,1,41,'Agility-1 GI Small','S','GI',NULL,5,NULL),
(1059,9,65,1,42,'Agility-1 GI Tiny','T','GI',NULL,41,NULL),
(1060,9,65,1,43,'Agility-2 GI Large','L','GI',NULL,6,NULL),
(1061,9,65,1,44,'Agility-2 GI Medium','M','GI',NULL,7,NULL),
(1062,9,65,1,45,'Agility-2 GI Small','S','GI',NULL,8,NULL),
(1063,9,65,1,46,'Agility-2 GI Tiny','T','GI',NULL,42,NULL),
(1073,9,66,1,35,'Agility-1 GI Large','L','GI',NULL,3,NULL),
(1074,9,66,1,36,'Agility-1 GI Medium','M','GI',NULL,4,NULL),
(1075,9,66,1,37,'Agility-1 GI Small','S','GI',NULL,5,NULL),
(1076,9,66,1,38,'Agility-1 GI Tiny','T','GI',NULL,41,NULL),
(1077,9,66,1,39,'Agility-2 GI Large','L','GI',NULL,6,NULL),
(1078,9,66,1,40,'Agility-2 GI Medium','M','GI',NULL,7,NULL),
(1079,9,66,1,41,'Agility-2 GI Small','S','GI',NULL,8,NULL),
(1080,9,66,1,42,'Agility-2 GI Tiny','T','GI',NULL,42,NULL),
(1089,9,67,1,1,'Pre-Agility 1','-LMST','P.A.',NULL,1,NULL),
(1090,9,67,1,2,'Agility-1 GI Large','L','GI',NULL,3,NULL),
(1091,9,67,1,3,'Agility-1 GI Medium','M','GI',NULL,4,NULL),
(1092,9,67,1,4,'Agility-1 GI Small','S','GI',NULL,5,NULL),
(1093,9,67,1,5,'Agility-1 GI Tiny','T','GI',NULL,41,NULL),
(1094,9,67,1,6,'Agility-2 GI Large','L','GI',NULL,6,NULL),
(1095,9,67,1,7,'Agility-2 GI Medium','M','GI',NULL,7,NULL),
(1096,9,67,1,8,'Agility-2 GI Small','S','GI',NULL,8,NULL),
(1097,9,67,1,9,'Agility-2 GI Tiny','T','GI',NULL,42,NULL),
(1098,9,67,1,10,'Agility GII Large','L','GII',NULL,9,NULL),
(1099,9,67,1,11,'Agility GII Medium','M','GII',NULL,10,NULL),
(1100,9,67,1,12,'Agility GII Small','S','GII',NULL,11,NULL),
(1101,9,67,1,13,'Agility GII Tiny','T','GII',NULL,43,NULL),
(1102,9,67,1,14,'Jumping GII Large','L','GII',NULL,23,NULL),
(1103,9,67,1,15,'Jumping GII Medium','M','GII',NULL,24,NULL),
(1104,9,67,1,16,'Jumping GII Small','S','GII',NULL,25,NULL),
(1105,9,67,1,17,'Jumping GII Tiny','T','GII',NULL,49,NULL),
(1106,9,68,1,1,'Pre-Agility 1','-LMST','P.A.',NULL,1,NULL),
(1107,9,68,1,2,'Agility-1 GI Large','L','GI',NULL,3,NULL),
(1108,9,68,1,3,'Agility-1 GI Medium','M','GI',NULL,4,NULL),
(1109,9,68,1,4,'Agility-1 GI Small','S','GI',NULL,5,NULL),
(1110,9,68,1,5,'Agility-1 GI Tiny','T','GI',NULL,41,NULL),
(1111,9,68,1,6,'Agility-2 GI Large','L','GI',NULL,6,NULL),
(1112,9,68,1,7,'Agility-2 GI Medium','M','GI',NULL,7,NULL),
(1113,9,68,1,8,'Agility-2 GI Small','S','GI',NULL,8,NULL),
(1114,9,68,1,9,'Agility-2 GI Tiny','T','GI',NULL,42,NULL),
(1115,9,68,1,10,'Agility GII Large','L','GII',NULL,9,NULL),
(1116,9,68,1,11,'Agility GII Medium','M','GII',NULL,10,NULL),
(1117,9,68,1,12,'Agility GII Small','S','GII',NULL,11,NULL),
(1118,9,68,1,13,'Agility GII Tiny','T','GII',NULL,43,NULL),
(1119,9,68,1,14,'Jumping GII Large','L','GII',NULL,23,NULL),
(1120,9,68,1,15,'Jumping GII Medium','M','GII',NULL,24,NULL),
(1121,9,68,1,16,'Jumping GII Small','S','GII',NULL,25,NULL),
(1122,9,68,1,17,'Jumping GII Tiny','T','GII',NULL,49,NULL),
(1123,9,69,1,1,'Pre-Agility 1','-LMST','P.A.',NULL,1,NULL),
(1124,9,69,1,2,'Agility-1 GI Large','L','GI',NULL,3,NULL),
(1125,9,69,1,3,'Agility-1 GI Medium','M','GI',NULL,4,NULL),
(1126,9,69,1,4,'Agility-1 GI Small','S','GI',NULL,5,NULL),
(1127,9,69,1,5,'Agility-1 GI Tiny','T','GI',NULL,41,NULL),
(1128,9,69,1,6,'Agility-2 GI Large','L','GI',NULL,6,NULL),
(1129,9,69,1,7,'Agility-2 GI Medium','M','GI',NULL,7,NULL),
(1130,9,69,1,8,'Agility-2 GI Small','S','GI',NULL,8,NULL),
(1131,9,69,1,9,'Agility-2 GI Tiny','T','GI',NULL,42,NULL),
(1132,9,69,1,10,'Agility GII Large','L','GII',NULL,9,NULL),
(1133,9,69,1,11,'Agility GII Medium','M','GII',NULL,10,NULL),
(1134,9,69,1,12,'Agility GII Small','S','GII',NULL,11,NULL),
(1135,9,69,1,13,'Agility GII Tiny','T','GII',NULL,43,NULL),
(1136,9,69,1,14,'Jumping GII Large','L','GII',NULL,23,NULL),
(1137,9,69,1,15,'Jumping GII Medium','M','GII',NULL,24,NULL),
(1138,9,69,1,16,'Jumping GII Small','S','GII',NULL,25,NULL),
(1139,9,69,1,17,'Jumping GII Tiny','T','GII',NULL,49,NULL),
(1140,9,70,1,1,'Pre-Agility 1','-LMST','P.A.',NULL,1,NULL),
(1141,9,70,1,2,'Agility-1 GI Large','L','GI',NULL,3,NULL),
(1142,9,70,1,3,'Agility-1 GI Medium','M','GI',NULL,4,NULL),
(1143,9,70,1,4,'Agility-1 GI Small','S','GI',NULL,5,NULL),
(1144,9,70,1,5,'Agility-1 GI Tiny','T','GI',NULL,41,NULL),
(1145,9,70,1,6,'Agility-2 GI Large','L','GI',NULL,6,NULL),
(1146,9,70,1,7,'Agility-2 GI Medium','M','GI',NULL,7,NULL),
(1147,9,70,1,8,'Agility-2 GI Small','S','GI',NULL,8,NULL),
(1148,9,70,1,9,'Agility-2 GI Tiny','T','GI',NULL,42,NULL),
(1149,9,70,1,10,'Agility GII Large','L','GII',NULL,9,NULL),
(1150,9,70,1,11,'Agility GII Medium','M','GII',NULL,10,NULL),
(1151,9,70,1,12,'Agility GII Small','S','GII',NULL,11,NULL),
(1152,9,70,1,13,'Agility GII Tiny','T','GII',NULL,43,NULL),
(1153,9,70,1,14,'Jumping GII Large','L','GII',NULL,23,NULL),
(1154,9,70,1,15,'Jumping GII Medium','M','GII',NULL,24,NULL),
(1155,9,70,1,16,'Jumping GII Small','S','GII',NULL,25,NULL),
(1156,9,70,1,17,'Jumping GII Tiny','T','GII',NULL,49,NULL),
(1157,9,71,1,1,'Pre-Agility 1','-LMST','P.A.',NULL,1,NULL),
(1158,9,71,1,2,'Agility-1 GI Large','L','GI',NULL,3,NULL),
(1159,9,71,1,3,'Agility-1 GI Medium','M','GI',NULL,4,NULL),
(1160,9,71,1,4,'Agility-1 GI Small','S','GI',NULL,5,NULL),
(1161,9,71,1,5,'Agility-1 GI Tiny','T','GI',NULL,41,NULL),
(1162,9,71,1,6,'Agility-2 GI Large','L','GI',NULL,6,NULL),
(1163,9,71,1,7,'Agility-2 GI Medium','M','GI',NULL,7,NULL),
(1164,9,71,1,8,'Agility-2 GI Small','S','GI',NULL,8,NULL),
(1165,9,71,1,9,'Agility-2 GI Tiny','T','GI',NULL,42,NULL),
(1166,9,71,1,10,'Agility GII Large','L','GII',NULL,9,NULL),
(1167,9,71,1,11,'Agility GII Medium','M','GII',NULL,10,NULL),
(1168,9,71,1,12,'Agility GII Small','S','GII',NULL,11,NULL),
(1169,9,71,1,13,'Agility GII Tiny','T','GII',NULL,43,NULL),
(1170,9,71,1,14,'Jumping GII Large','L','GII',NULL,23,NULL),
(1171,9,71,1,15,'Jumping GII Medium','M','GII',NULL,24,NULL),
(1172,9,71,1,16,'Jumping GII Small','S','GII',NULL,25,NULL),
(1173,9,71,1,17,'Jumping GII Tiny','T','GII',NULL,49,NULL),
(1174,9,72,1,1,'Pre-Agility 1','-LMST','P.A.',NULL,1,NULL),
(1175,9,72,1,2,'Agility-1 GI Large','L','GI',NULL,3,NULL),
(1176,9,72,1,3,'Agility-1 GI Medium','M','GI',NULL,4,NULL),
(1177,9,72,1,4,'Agility-1 GI Small','S','GI',NULL,5,NULL),
(1178,9,72,1,5,'Agility-1 GI Tiny','T','GI',NULL,41,NULL),
(1179,9,72,1,6,'Agility-2 GI Large','L','GI',NULL,6,NULL),
(1180,9,72,1,7,'Agility-2 GI Medium','M','GI',NULL,7,NULL),
(1181,9,72,1,8,'Agility-2 GI Small','S','GI',NULL,8,NULL),
(1182,9,72,1,9,'Agility-2 GI Tiny','T','GI',NULL,42,NULL),
(1183,9,72,1,10,'Agility GII Large','L','GII',NULL,9,NULL),
(1184,9,72,1,11,'Agility GII Medium','M','GII',NULL,10,NULL),
(1185,9,72,1,12,'Agility GII Small','S','GII',NULL,11,NULL),
(1186,9,72,1,13,'Agility GII Tiny','T','GII',NULL,43,NULL),
(1187,9,72,1,14,'Jumping GII Large','L','GII',NULL,23,NULL),
(1188,9,72,1,15,'Jumping GII Medium','M','GII',NULL,24,NULL),
(1189,9,72,1,16,'Jumping GII Small','S','GII',NULL,25,NULL),
(1190,9,72,1,17,'Jumping GII Tiny','T','GII',NULL,49,NULL),
(1191,9,65,1,38,'Pre-Agility 2','-LMST','P.A.',NULL,2,NULL),
(1192,10,73,1,18,'Pre-Agility 1','-LMST','P.A.',NULL,1,NULL),
(1193,10,73,1,20,'Agility-1 GI Large','L','GI',NULL,3,NULL),
(1194,10,73,1,21,'Agility-1 GI Medium','M','GI',NULL,4,NULL),
(1195,10,73,1,22,'Agility-1 GI Small','S','GI',NULL,5,NULL),
(1196,10,73,1,23,'Agility-1 GI Tiny','T','GI',NULL,41,NULL),
(1197,10,73,1,24,'Agility-2 GI Large','L','GI',NULL,6,NULL),
(1198,10,73,1,25,'Agility-2 GI Medium','M','GI',NULL,7,NULL),
(1199,10,73,1,26,'Agility-2 GI Small','S','GI',NULL,8,NULL),
(1200,10,73,1,27,'Agility-2 GI Tiny','T','GI',NULL,42,NULL),
(1201,10,73,1,28,'Agility GII Large','L','GII',NULL,9,NULL),
(1202,10,73,1,29,'Agility GII Medium','M','GII',NULL,10,NULL),
(1203,10,73,1,30,'Agility GII Small','S','GII',NULL,11,NULL),
(1204,10,73,1,31,'Agility GII Tiny','T','GII',NULL,43,NULL),
(1205,10,73,1,32,'Jumping GII Large','L','GII',NULL,23,NULL),
(1206,10,73,1,33,'Jumping GII Medium','M','GII',NULL,24,NULL),
(1207,10,73,1,34,'Jumping GII Small','S','GII',NULL,25,NULL),
(1208,10,73,1,35,'Jumping GII Tiny','T','GII',NULL,49,NULL),
(1209,10,74,1,1,'Pre-Agility 1','-LMST','P.A.',NULL,1,NULL),
(1210,10,74,1,2,'Agility-1 GI Large','L','GI',NULL,3,NULL),
(1211,10,74,1,3,'Agility-1 GI Medium','M','GI',NULL,4,NULL),
(1212,10,74,1,4,'Agility-1 GI Small','S','GI',NULL,5,NULL),
(1213,10,74,1,5,'Agility-1 GI Tiny','T','GI',NULL,41,NULL),
(1214,10,74,1,6,'Agility-2 GI Large','L','GI',NULL,6,NULL),
(1215,10,74,1,7,'Agility-2 GI Medium','M','GI',NULL,7,NULL),
(1216,10,74,1,8,'Agility-2 GI Small','S','GI',NULL,8,NULL),
(1217,10,74,1,9,'Agility-2 GI Tiny','T','GI',NULL,42,NULL),
(1218,10,74,1,10,'Agility GII Large','L','GII',NULL,9,NULL),
(1219,10,74,1,11,'Agility GII Medium','M','GII',NULL,10,NULL),
(1220,10,74,1,12,'Agility GII Small','S','GII',NULL,11,NULL),
(1221,10,74,1,13,'Agility GII Tiny','T','GII',NULL,43,NULL),
(1222,10,74,1,14,'Jumping GII Large','L','GII',NULL,23,NULL),
(1223,10,74,1,15,'Jumping GII Medium','M','GII',NULL,24,NULL),
(1224,10,74,1,16,'Jumping GII Small','S','GII',NULL,25,NULL),
(1225,10,74,1,17,'Jumping GII Tiny','T','GII',NULL,49,NULL),
(1226,10,75,1,1,'Pre-Agility 1','-LMST','P.A.',NULL,1,NULL),
(1227,10,75,1,2,'Agility-1 GI Large','L','GI',NULL,3,NULL),
(1228,10,75,1,3,'Agility-1 GI Medium','M','GI',NULL,4,NULL),
(1229,10,75,1,4,'Agility-1 GI Small','S','GI',NULL,5,NULL),
(1230,10,75,1,5,'Agility-1 GI Tiny','T','GI',NULL,41,NULL),
(1231,10,75,1,6,'Agility-2 GI Large','L','GI',NULL,6,NULL),
(1232,10,75,1,7,'Agility-2 GI Medium','M','GI',NULL,7,NULL),
(1233,10,75,1,8,'Agility-2 GI Small','S','GI',NULL,8,NULL),
(1234,10,75,1,9,'Agility-2 GI Tiny','T','GI',NULL,42,NULL),
(1235,10,75,1,10,'Agility GII Large','L','GII',NULL,9,NULL),
(1236,10,75,1,11,'Agility GII Medium','M','GII',NULL,10,NULL),
(1237,10,75,1,12,'Agility GII Small','S','GII',NULL,11,NULL),
(1238,10,75,1,13,'Agility GII Tiny','T','GII',NULL,43,NULL),
(1239,10,75,1,14,'Jumping GII Large','L','GII',NULL,23,NULL),
(1240,10,75,1,15,'Jumping GII Medium','M','GII',NULL,24,NULL),
(1241,10,75,1,16,'Jumping GII Small','S','GII',NULL,25,NULL),
(1242,10,75,1,17,'Jumping GII Tiny','T','GII',NULL,49,NULL),
(1243,10,76,1,1,'Pre-Agility 1','-LMST','P.A.',NULL,1,NULL),
(1244,10,76,1,2,'Agility-1 GI Large','L','GI',NULL,3,NULL),
(1245,10,76,1,3,'Agility-1 GI Medium','M','GI',NULL,4,NULL),
(1246,10,76,1,4,'Agility-1 GI Small','S','GI',NULL,5,NULL),
(1247,10,76,1,5,'Agility-1 GI Tiny','T','GI',NULL,41,NULL),
(1248,10,76,1,6,'Agility-2 GI Large','L','GI',NULL,6,NULL),
(1249,10,76,1,7,'Agility-2 GI Medium','M','GI',NULL,7,NULL),
(1250,10,76,1,8,'Agility-2 GI Small','S','GI',NULL,8,NULL),
(1251,10,76,1,9,'Agility-2 GI Tiny','T','GI',NULL,42,NULL),
(1252,10,76,1,10,'Agility GII Large','L','GII',NULL,9,NULL),
(1253,10,76,1,11,'Agility GII Medium','M','GII',NULL,10,NULL),
(1254,10,76,1,12,'Agility GII Small','S','GII',NULL,11,NULL),
(1255,10,76,1,13,'Agility GII Tiny','T','GII',NULL,43,NULL),
(1256,10,76,1,14,'Jumping GII Large','L','GII',NULL,23,NULL),
(1257,10,76,1,15,'Jumping GII Medium','M','GII',NULL,24,NULL),
(1258,10,76,1,16,'Jumping GII Small','S','GII',NULL,25,NULL),
(1259,10,76,1,17,'Jumping GII Tiny','T','GII',NULL,49,NULL),
(1260,10,77,1,1,'Pre-Agility 1','-LMST','P.A.',NULL,1,NULL),
(1261,10,77,1,2,'Agility-1 GI Large','L','GI',NULL,3,NULL),
(1262,10,77,1,3,'Agility-1 GI Medium','M','GI',NULL,4,NULL),
(1263,10,77,1,4,'Agility-1 GI Small','S','GI',NULL,5,NULL),
(1264,10,77,1,5,'Agility-1 GI Tiny','T','GI',NULL,41,NULL),
(1265,10,77,1,6,'Agility-2 GI Large','L','GI',NULL,6,NULL),
(1266,10,77,1,7,'Agility-2 GI Medium','M','GI',NULL,7,NULL),
(1267,10,77,1,8,'Agility-2 GI Small','S','GI',NULL,8,NULL),
(1268,10,77,1,9,'Agility-2 GI Tiny','T','GI',NULL,42,NULL),
(1269,10,77,1,10,'Agility GII Large','L','GII',NULL,9,NULL),
(1270,10,77,1,11,'Agility GII Medium','M','GII',NULL,10,NULL),
(1271,10,77,1,12,'Agility GII Small','S','GII',NULL,11,NULL),
(1272,10,77,1,13,'Agility GII Tiny','T','GII',NULL,43,NULL),
(1273,10,77,1,14,'Jumping GII Large','L','GII',NULL,23,NULL),
(1274,10,77,1,15,'Jumping GII Medium','M','GII',NULL,24,NULL),
(1275,10,77,1,16,'Jumping GII Small','S','GII',NULL,25,NULL),
(1276,10,77,1,17,'Jumping GII Tiny','T','GII',NULL,49,NULL),
(1277,10,78,1,1,'Pre-Agility 1','-LMST','P.A.',NULL,1,NULL),
(1278,10,78,1,2,'Agility-1 GI Large','L','GI',NULL,3,NULL),
(1279,10,78,1,3,'Agility-1 GI Medium','M','GI',NULL,4,NULL),
(1280,10,78,1,4,'Agility-1 GI Small','S','GI',NULL,5,NULL),
(1281,10,78,1,5,'Agility-1 GI Tiny','T','GI',NULL,41,NULL),
(1282,10,78,1,6,'Agility-2 GI Large','L','GI',NULL,6,NULL),
(1283,10,78,1,7,'Agility-2 GI Medium','M','GI',NULL,7,NULL),
(1284,10,78,1,8,'Agility-2 GI Small','S','GI',NULL,8,NULL),
(1285,10,78,1,9,'Agility-2 GI Tiny','T','GI',NULL,42,NULL),
(1286,10,78,1,10,'Agility GII Large','L','GII',NULL,9,NULL),
(1287,10,78,1,11,'Agility GII Medium','M','GII',NULL,10,NULL),
(1288,10,78,1,12,'Agility GII Small','S','GII',NULL,11,NULL),
(1289,10,78,1,13,'Agility GII Tiny','T','GII',NULL,43,NULL),
(1290,10,78,1,14,'Jumping GII Large','L','GII',NULL,23,NULL),
(1291,10,78,1,15,'Jumping GII Medium','M','GII',NULL,24,NULL),
(1292,10,78,1,16,'Jumping GII Small','S','GII',NULL,25,NULL),
(1293,10,78,1,17,'Jumping GII Tiny','T','GII',NULL,49,NULL),
(1294,10,79,1,1,'Pre-Agility 1','-LMST','P.A.',NULL,1,NULL),
(1295,10,79,1,2,'Agility-1 GI Large','L','GI',NULL,3,NULL),
(1296,10,79,1,3,'Agility-1 GI Medium','M','GI',NULL,4,NULL),
(1297,10,79,1,4,'Agility-1 GI Small','S','GI',NULL,5,NULL),
(1298,10,79,1,5,'Agility-1 GI Tiny','T','GI',NULL,41,NULL),
(1299,10,79,1,6,'Agility-2 GI Large','L','GI',NULL,6,NULL),
(1300,10,79,1,7,'Agility-2 GI Medium','M','GI',NULL,7,NULL),
(1301,10,79,1,8,'Agility-2 GI Small','S','GI',NULL,8,NULL),
(1302,10,79,1,9,'Agility-2 GI Tiny','T','GI',NULL,42,NULL),
(1303,10,79,1,10,'Agility GII Large','L','GII',NULL,9,NULL),
(1304,10,79,1,11,'Agility GII Medium','M','GII',NULL,10,NULL),
(1305,10,79,1,12,'Agility GII Small','S','GII',NULL,11,NULL),
(1306,10,79,1,13,'Agility GII Tiny','T','GII',NULL,43,NULL),
(1307,10,79,1,14,'Jumping GII Large','L','GII',NULL,23,NULL),
(1308,10,79,1,15,'Jumping GII Medium','M','GII',NULL,24,NULL),
(1309,10,79,1,16,'Jumping GII Small','S','GII',NULL,25,NULL),
(1310,10,79,1,17,'Jumping GII Tiny','T','GII',NULL,49,NULL),
(1311,10,80,1,1,'Pre-Agility 1','-LMST','P.A.',NULL,1,NULL),
(1312,10,80,1,2,'Agility-1 GI Large','L','GI',NULL,3,NULL),
(1313,10,80,1,3,'Agility-1 GI Medium','M','GI',NULL,4,NULL),
(1314,10,80,1,4,'Agility-1 GI Small','S','GI',NULL,5,NULL),
(1315,10,80,1,5,'Agility-1 GI Tiny','T','GI',NULL,41,NULL),
(1316,10,80,1,6,'Agility-2 GI Large','L','GI',NULL,6,NULL),
(1317,10,80,1,7,'Agility-2 GI Medium','M','GI',NULL,7,NULL),
(1318,10,80,1,8,'Agility-2 GI Small','S','GI',NULL,8,NULL),
(1319,10,80,1,9,'Agility-2 GI Tiny','T','GI',NULL,42,NULL),
(1320,10,80,1,10,'Agility GII Large','L','GII',NULL,9,NULL),
(1321,10,80,1,11,'Agility GII Medium','M','GII',NULL,10,NULL),
(1322,10,80,1,12,'Agility GII Small','S','GII',NULL,11,NULL),
(1323,10,80,1,13,'Agility GII Tiny','T','GII',NULL,43,NULL),
(1324,10,80,1,14,'Jumping GII Large','L','GII',NULL,23,NULL),
(1325,10,80,1,15,'Jumping GII Medium','M','GII',NULL,24,NULL),
(1326,10,80,1,16,'Jumping GII Small','S','GII',NULL,25,NULL),
(1327,10,80,1,17,'Jumping GII Tiny','T','GII',NULL,49,NULL),
(1328,10,73,1,19,'Pre-Agility 2','-LMST','P.A.',NULL,2,NULL),
(1329,11,81,1,1,'Agility-1 GI Large','L','GI',NULL,3,NULL),
(1330,11,81,1,2,'Agility-1 GI Medium','M','GI',NULL,4,NULL),
(1331,11,81,1,3,'Agility-1 GI Small','S','GI',NULL,5,NULL),
(1332,11,81,1,4,'Agility-2 GI Large','L','GI',NULL,6,NULL),
(1333,11,81,1,5,'Agility-2 GI Medium','M','GI',NULL,7,NULL),
(1334,11,81,1,6,'Agility-2 GI Small','S','GI',NULL,8,NULL),
(1335,11,81,1,7,'Agility GII Large','L','GII',NULL,9,NULL),
(1336,11,81,1,8,'Agility GII Medium','M','GII',NULL,10,NULL),
(1337,11,81,1,9,'Agility GII Small','S','GII',NULL,11,NULL),
(1338,11,81,1,10,'Jumping GII Large','L','GII',NULL,23,NULL),
(1339,11,81,1,11,'Jumping GII Medium','M','GII',NULL,24,NULL),
(1340,11,81,1,12,'Jumping GII Small','S','GII',NULL,25,NULL),
(1341,11,81,1,13,'Agility GIII Large','L','GIII',NULL,12,NULL),
(1342,11,81,1,14,'Agility GIII Medium','M','GIII',NULL,13,NULL),
(1343,11,81,1,15,'Agility GIII Small','S','GIII',NULL,14,NULL),
(1344,11,81,1,16,'Jumping GIII Large','L','GIII',NULL,26,NULL),
(1345,11,81,1,17,'Jumping GIII Medium','M','GIII',NULL,27,NULL),
(1346,11,81,1,18,'Jumping GIII Small','S','GIII',NULL,28,NULL),
(1347,11,82,1,1,'Agility-1 GI Large','L','GI',NULL,3,NULL),
(1348,11,82,1,2,'Agility-1 GI Medium','M','GI',NULL,4,NULL),
(1349,11,82,1,3,'Agility-1 GI Small','S','GI',NULL,5,NULL),
(1350,11,82,1,4,'Agility-2 GI Large','L','GI',NULL,6,NULL),
(1351,11,82,1,5,'Agility-2 GI Medium','M','GI',NULL,7,NULL),
(1352,11,82,1,6,'Agility-2 GI Small','S','GI',NULL,8,NULL),
(1353,11,82,1,7,'Agility GII Large','L','GII',NULL,9,NULL),
(1354,11,82,1,8,'Agility GII Medium','M','GII',NULL,10,NULL),
(1355,11,82,1,9,'Agility GII Small','S','GII',NULL,11,NULL),
(1356,11,82,1,10,'Jumping GII Large','L','GII',NULL,23,NULL),
(1357,11,82,1,11,'Jumping GII Medium','M','GII',NULL,24,NULL),
(1358,11,82,1,12,'Jumping GII Small','S','GII',NULL,25,NULL),
(1359,11,82,1,13,'Agility GIII Large','L','GIII',NULL,12,NULL),
(1360,11,82,1,14,'Agility GIII Medium','M','GIII',NULL,13,NULL),
(1361,11,82,1,15,'Agility GIII Small','S','GIII',NULL,14,NULL),
(1362,11,82,1,16,'Jumping GIII Large','L','GIII',NULL,26,NULL),
(1363,11,82,1,17,'Jumping GIII Medium','M','GIII',NULL,27,NULL),
(1364,11,82,1,18,'Jumping GIII Small','S','GIII',NULL,28,NULL);
/*!40000 ALTER TABLE `tandas` ENABLE KEYS */;
UNLOCK TABLES;

--
-- Table structure for table `tipo_manga`
--

DROP TABLE IF EXISTS `tipo_manga`;
/*!40101 SET @saved_cs_client     = @@character_set_client */;
/*!40101 SET character_set_client = utf8 */;
CREATE TABLE `tipo_manga` (
  `ID` int(4) NOT NULL AUTO_INCREMENT,
  `Descripcion` varchar(255) DEFAULT NULL,
  `Grado` varchar(16) NOT NULL DEFAULT '-',
  PRIMARY KEY (`ID`),
  KEY `Descripcion` (`Descripcion`),
  KEY `Grado` (`Grado`),
  CONSTRAINT `Tipo_Manga_ibfk_1` FOREIGN KEY (`Grado`) REFERENCES `grados_perro` (`Grado`) ON DELETE CASCADE ON UPDATE CASCADE
) ENGINE=InnoDB AUTO_INCREMENT=17 DEFAULT CHARSET=utf8;
/*!40101 SET character_set_client = @saved_cs_client */;

--
-- Dumping data for table `tipo_manga`
--

LOCK TABLES `tipo_manga` WRITE;
/*!40000 ALTER TABLE `tipo_manga` DISABLE KEYS */;
INSERT INTO `tipo_manga` VALUES 
(1,'Pre-Agility Manga 1','P.A.'),
(2,'Pre-Agility Manga 2','P.A.'),
(3,'Agility Grado I Manga 1','GI'),
(4,'Agility Grado I Manga 2','GI'),
(5,'Agility Grado II','GII'),
(6,'Agility Grado III','GIII'),
(7,'Agility Abierta (Open)','-'),
(8,'Agility Equipos (3 mejores)','-'),
(9,'Agility Equipos (Conjunta)','-'),
(10,'Jumping Grado II','GII'),
(11,'Jumping Grado III','GIII'),
(12,'Jumping Abierta (Open)','-'),
(13,'Jumping Equipos (3 mejores)','-'),
(14,'Jumping Equipos (Conjunta)','-'),
(15,'Ronda K.O.','-'),
(16,'Manga Especial','-');
/*!40000 ALTER TABLE `tipo_manga` ENABLE KEYS */;
UNLOCK TABLES;

--
-- Table structure for table `usuarios`
--

DROP TABLE IF EXISTS `usuarios`;
/*!40101 SET @saved_cs_client     = @@character_set_client */;
/*!40101 SET character_set_client = utf8 */;
CREATE TABLE `usuarios` (
  `ID` int(4) NOT NULL AUTO_INCREMENT,
  `Login` varchar(255) NOT NULL,
  `Password` varchar(255) DEFAULT NULL,
  `Gecos` varchar(255) NOT NULL DEFAULT '',
  `Phone` varchar(255) NOT NULL DEFAULT '',
  `Email` varchar(255) NOT NULL DEFAULT '',
  `Perms` int(4) NOT NULL DEFAULT '5',
  PRIMARY KEY (`ID`),
  UNIQUE KEY `Login` (`Login`)
) ENGINE=InnoDB AUTO_INCREMENT=7 DEFAULT CHARSET=utf8;
/*!40101 SET character_set_client = @saved_cs_client */;

--
-- Dumping data for table `usuarios`
--

LOCK TABLES `usuarios` WRITE;
/*!40000 ALTER TABLE `usuarios` DISABLE KEYS */;
INSERT INTO `usuarios` VALUES 
(1,'-- Sin asignar --','--LOCKED--','NO BORRAR: Usuario por defecto para sesiones anonimas','','',5),
(2,'root','JDJ5JDEwJHc2Lm50WFhsQUYuWDl2Zm9JbnNVb09TVEVwcllGaHBCQjFQYk12Yk81VzlJWDd0cTNPRnd5','Usuario Root','','',0),
(3,'admin','JDJ5JDEwJFcwa3B4YUxDVkJ0OVd0NFZVNUhzcXVBTE1yN0x2WWhBTFo4RHQ5TWZZQzgzZGRnMDA1VlVD','Administrador de la aplicacion','','',1),
(4,'operator','JDJ5JDEwJHMyclNoQUtsMlJ0UU5pRG9yUXF3QXUwbEVRdWpUT0daSXJGZmJLR3B4MEVHRzRiOFNYSjdt','Operador de consola','','',2),
(5,'assistant','JDJ5JDEwJHRLL09tT2xJZ1lRRlovNVhsLksxRC52aXo4L1UxNTMub1EwRDRoZ3pCZDcxRHRnSmo0LmE2','Asistente del juez (tablet)','','',3),
(6,'guest','--NULL--','Usuario invitado (anonimo)','','',4);
/*!40000 ALTER TABLE `usuarios` ENABLE KEYS */;
UNLOCK TABLES;

--
-- Dumping routines for database 'agility'
--

--
-- Final view structure for view `perroguiaclub`
--

/*!50001 DROP TABLE IF EXISTS `perroguiaclub`*/;
/*!50001 DROP VIEW IF EXISTS `perroguiaclub`*/;
/*!50001 SET @saved_cs_client          = @@character_set_client */;
/*!50001 SET @saved_cs_results         = @@character_set_results */;
/*!50001 SET @saved_col_connection     = @@collation_connection */;
/*!50001 SET character_set_client      = latin1 */;
/*!50001 SET character_set_results     = latin1 */;
/*!50001 SET collation_connection      = latin1_swedish_ci */;
/*!50001 CREATE ALGORITHM=UNDEFINED */
/*!50013 DEFINER=`agility_admin`@`localhost` SQL SECURITY DEFINER */
/*!50001 VIEW `perroguiaclub` AS select `perros`.`ID` AS `ID`,`perros`.`Federation` AS `Federation`,`perros`.`Nombre` AS `Nombre`,`perros`.`Raza` AS `Raza`,`perros`.`Licencia` AS `Licencia`,`perros`.`LOE_RRC` AS `LOE_RRC`,`perros`.`Categoria` AS `Categoria`,`categorias_perro`.`Observaciones` AS `NombreCategoria`,`perros`.`Grado` AS `Grado`,`grados_perro`.`Comentarios` AS `NombreGrado`,`perros`.`Guia` AS `Guia`,`guias`.`Nombre` AS `NombreGuia`,`guias`.`Club` AS `Club`,`clubes`.`Nombre` AS `NombreClub`,`clubes`.`Logo` AS `LogoClub` from ((((`perros` join `guias`) join `clubes`) join `grados_perro`) join `categorias_perro`) where ((`perros`.`Guia` = `guias`.`ID`) and (`guias`.`Club` = `clubes`.`ID`) and (`perros`.`Categoria` = `categorias_perro`.`Categoria`) and (`perros`.`Grado` = `grados_perro`.`Grado`)) order by `clubes`.`Nombre`,`perros`.`Categoria`,`perros`.`Nombre` */;
/*!50001 SET character_set_client      = @saved_cs_client */;
/*!50001 SET character_set_results     = @saved_cs_results */;
/*!50001 SET collation_connection      = @saved_col_connection */;
/*!40103 SET TIME_ZONE=@OLD_TIME_ZONE */;

/*!40101 SET SQL_MODE=@OLD_SQL_MODE */;
/*!40014 SET FOREIGN_KEY_CHECKS=@OLD_FOREIGN_KEY_CHECKS */;
/*!40014 SET UNIQUE_CHECKS=@OLD_UNIQUE_CHECKS */;
/*!40101 SET CHARACTER_SET_CLIENT=@OLD_CHARACTER_SET_CLIENT */;
/*!40101 SET CHARACTER_SET_RESULTS=@OLD_CHARACTER_SET_RESULTS */;
/*!40101 SET COLLATION_CONNECTION=@OLD_COLLATION_CONNECTION */;
/*!40111 SET SQL_NOTES=@OLD_SQL_NOTES */;

-- Dump completed on 2015-05-22 22:24:51
