-- MySQL dump 10.14  Distrib 5.5.41-MariaDB, for Linux (x86_64)
--
-- Host: localhost    Database: agility
-- ------------------------------------------------------
-- Server version	5.5.41-MariaDB

/*!40101 SET @OLD_CHARACTER_SET_CLIENT=@@CHARACTER_SET_CLIENT */;
/*!40101 SET @OLD_CHARACTER_SET_RESULTS=@@CHARACTER_SET_RESULTS */;
/*!40101 SET @OLD_COLLATION_CONNECTION=@@COLLATION_CONNECTION */;
/*!40101 SET NAMES utf8 */;
/*!40103 SET @OLD_TIME_ZONE=@@TIME_ZONE */;
/*!40103 SET TIME_ZONE='+00:00' */;
/*!40014 SET @OLD_UNIQUE_CHECKS=@@UNIQUE_CHECKS, UNIQUE_CHECKS=0 */;
/*!40014 SET @OLD_FOREIGN_KEY_CHECKS=@@FOREIGN_KEY_CHECKS, FOREIGN_KEY_CHECKS=0 */;
/*!40101 SET @OLD_SQL_MODE=@@SQL_MODE, SQL_MODE='NO_AUTO_VALUE_ON_ZERO' */;
/*!40111 SET @OLD_SQL_NOTES=@@SQL_NOTES, SQL_NOTES=0 */;

--
-- Table structure for table `categorias_perro`
--

DROP TABLE IF EXISTS `categorias_perro`;
/*!40101 SET @saved_cs_client     = @@character_set_client */;
/*!40101 SET character_set_client = utf8 */;
CREATE TABLE `categorias_perro` (
  `Categoria` varchar(1) NOT NULL DEFAULT '-',
  `Observaciones` varchar(255) DEFAULT NULL,
  PRIMARY KEY (`Categoria`)
) ENGINE=InnoDB DEFAULT CHARSET=utf8;
/*!40101 SET character_set_client = @saved_cs_client */;

--
-- Dumping data for table `categorias_perro`
--

LOCK TABLES `categorias_perro` WRITE;
/*!40000 ALTER TABLE `categorias_perro` DISABLE KEYS */;
INSERT INTO `categorias_perro` VALUES 
('-','Sin especificar'),
('L','Large - Standard'),
('M','Medium - Midi'),
('S','Small - Mini'),
('T','Tiny - Enano');
/*!40000 ALTER TABLE `categorias_perro` ENABLE KEYS */;
UNLOCK TABLES;

--
-- Table structure for table `clubes`
--

DROP TABLE IF EXISTS `clubes`;
/*!40101 SET @saved_cs_client     = @@character_set_client */;
/*!40101 SET character_set_client = utf8 */;
CREATE TABLE `clubes` (
  `ID` int(4) NOT NULL AUTO_INCREMENT,
  `Nombre` varchar(255) NOT NULL DEFAULT '',
  `Direccion1` varchar(255) DEFAULT NULL,
  `Direccion2` varchar(255) DEFAULT NULL,
  `Provincia` varchar(32) NOT NULL DEFAULT '-- Sin asignar --',
  `Contacto1` varchar(255) DEFAULT NULL,
  `Contacto2` varchar(255) DEFAULT NULL,
  `Contacto3` varchar(255) DEFAULT NULL,
  `GPS` varchar(255) DEFAULT NULL,
  `Web` varchar(255) DEFAULT NULL,
  `Email` varchar(255) DEFAULT NULL,
  `Facebook` varchar(255) DEFAULT NULL,
  `Google` varchar(255) DEFAULT NULL,
  `Twitter` varchar(255) DEFAULT NULL,
  `Logo` varchar(255) DEFAULT 'rsce.png',
  `Federations` int(4) NOT NULL DEFAULT '1',
  `Observaciones` varchar(255) DEFAULT NULL,
  `Baja` tinyint(1) NOT NULL DEFAULT '0',
  PRIMARY KEY (`ID`),
  KEY `Clubes_Nombre` (`Nombre`),
  KEY `Clubes_Provincia` (`Provincia`),
  CONSTRAINT `Clubes_ibfk_1` FOREIGN KEY (`Provincia`) REFERENCES `provincias` (`Provincia`) ON UPDATE CASCADE
) ENGINE=InnoDB AUTO_INCREMENT=100 DEFAULT CHARSET=utf8;
/*!40101 SET character_set_client = @saved_cs_client */;

--
-- Dumping data for table `clubes`
--

LOCK TABLES `clubes` WRITE;
/*!40000 ALTER TABLE `clubes` DISABLE KEYS */;
INSERT INTO `clubes` VALUES 
(1,'-- Sin asignar --','','','-- Sin asignar --','','','','','','','','','','rsce.png',7,'NO BORRAR ESTA ENTRADA. SE USARA PARA AQUELLOS GUIAS QUE NO TENGAN CLUB ASIGNADO',0),
(2,'AA Y CIA','28609 Sevilla La Nueva (Madrid)','','Madrid','+ 34 619 29 03 98','','','','','arribas.anabel@gmail.com','','','','aaycia.png',3,'',0),
(3,'ACADE','Salvadas, 41, 2º C','15705 Santiago de Compostela','Coruña, A','+ 34 620 29 58 31','+ 34 881 93 95 5','','','http://www.asociacionacade.com/','asociacioncansdeportistas@gmail.com','','','','acade.png',3,'',0),
(4,'Agilcan','Paseo de los Olivos 10','28330 San Martin de la Vega','Madrid','634 417 893','918 946 096','659 146 878','','http://www.agilcan.es/','info@agilcan.es','','','','agilcan.png',7,'',0),
(5,'Alhambra','Urano, 24','18200 Maracena (Granada)','Granada',' + 34 958 42 12 85 ','','','','','agilityalhambra@hotmail.com','','','','alhambra.png',1,'',0),
(6,'Askizu','Caserio Benta - Barrio Askizu','20808 Getaria (Guipúzcoa)','Gipuzkoa/Guipúzcoa','+ 34 656 76 60 65','','','','http://www.agilityaskizu.com/','antonio@agilityaskizu.com','','','','askizu.png',3,'',0),
(7,'Badalona','Camí del Xiprers, s/n','08916 Badalona (Barcelona)','Barcelona',' + 34 93 597 23 53 ',' + 34 676 48 99 40 ','','','http://www.agilitybadalona.con/','info@agilitybadalona.com','','','','badalona.png',1,'',0),
(8,'Baix Llobregat','Enric Borras, 10','08820 El Prat de Llobregat (Barcelona)','Barcelona','+34 695 79 42 74','','','','http://www.agilitybaixllobregat.com/','agilitybaixllobregat@hotmail.com','','','','baix_llobregat.png',1,'',0),
(9,'Campo de Gibraltar','Arbol de la Paz, 4','11205 Algeciras (Cádiz)','Cádiz',' + 34 647 80 32 64 ','','','','','villa-zahara@hotmail.com','','','','campo_de_gibraltar.png',3,'',0),
(10,'Camu','Párraco Pedro Lozano, 26','30007 Zarandona (Murcia)','Murcia','+ 34 636 25 19 39','','','','','clubagilitymurcia@hotmail.com','','','','camu.png',1,'',0),
(11,'Can Natura','Peñella Baja, 1','33310 Cabranes (Asturias)','Asturias','+ 34 696 86 08 63','','','','http://www.cannatura.net/','cannatura@hotmail.com','','','','cannatura.png',3,'',0),
(12,'Canedupo','Serra de Ancares, 18','27004 Lugo','Lugo','636 507 468.','','','','','lugo@canedupo.com','','','','canedupo.png',1,'',0),
(13,'Canic','Sant Pere, 10','08392 Llavaneres (Barcelona)','Barcelona','+ 34 93 792 76 55','','','','http://www.agilitycanic.cat/','info@agilitycanic.cat','','','','canic.png',1,'',0),
(14,'Canino Algecireño','Los Naranjos, 8','11380 Tarifa (Cádiz)','Cádiz',' + 34 663 55 86 42 ','','','','','arquikm@gmail.com','','','','canino_algecireno.png',3,'',0),
(15,'Castellón','Mar Cantábrico, 2, 1º C','12100 Grao de Castellón (Castellón)','Castellón/Castelló','+ 34 964 28 61 52','+ 34 625 82 25 35','','','http://www.agilitycastellon.es/','agilitycastellon@gmx.es','','','','castellon.png',1,'',0),
(16,'Cinco Huesos','Paseo de los Pozos, Km. 1,2','28813 Torres de la Alameda','Madrid','+ 34 91 832 83 00 ','+ 34 691 77 75 24 ','','','http://www.cincohuesos.com/','cincohuesos@gmail.com','','','','cinco_huesos.png',1,'Antiguo club \"Apata\"',0),
(17,'Ciudad de Antequera','','','Málaga','','','','','','losparejos@hotmail.com','','','','ciudad_de_antequera.png',2,'Baja 28-enero-2014 en RSCE',1),
(18,'Ciutat Comtal','Escultor Llimona, 38-40, Entr. 2ª','08031 Barcelona','Barcelona',' + 34 645 85 10 06 ','','','','http://www.agilitybarcelona.com/','info@agilitybarcelona.com','','','','ciutat_comtal.png',1,'',0),
(19,'Ciutat de Valencia','Sequia de Calvera, 33, Bajo','46910 Sedaví (Valencia)','Valencia/Valéncia','','','','','http://www.bichopeludo.com/ciutat_de_valencia.html','ciutatdevalencia@bichopeludo.com','','','','ciutat_de_valencia.png',1,'',0),
(20,'Clotet','Apdo. de correos 517','12500 Vinaroz (Castellón)','Castellón/Castelló','+ 34 687 52 38 11','','','','http://www.degarrof.com/','declotet@hotmail.com','','','','clotet.png',1,'',0),
(21,'Cornella','Mn. Andreu, 13-19','08940 Cornellà de Llobregat (Barcelona)','Barcelona','+ 34 638 98 75 91','','','','http://www.agilitycornella.com/','info@agilitycornella.com','','','','cornella.png',1,'',0),
(22,'Correcan',' Lóndrés, 58, 1º D','28850 Torrejón de Ardoz (Madrid)','Madrid','+ 34 668 86 76 81','','','','http://www.correcan.es/','info@correcan.es','','','','correcan.png',1,'',0),
(23,'Costa Azahar','Camino Caminas, 223 - Apdo. de correos 717','12080 Castellón','Castellón/Castelló','+ 34 964 76 60 83','','','','http://www.mediterraniacentrocanino.com/','info@mediterraniacentrocanino.com','','','','costa_azahar.png',3,'',0),
(24,'Costa Blanca','C/ Baltasar Gracián Nº3, Urb. Montecid','03670 Monforte del Cid ','Alicante/Alacant',NULL,NULL,NULL,NULL,'http://www.agilitycostablanca.com/','agility@agilitycostablanca.com',NULL,NULL,NULL,'costa_blanca.png',1,NULL,0),
(25,'Cousadecans','Lugar de Foxo, s/n - San Vicente de Vigo','15175 Carral (La Coruña)','Coruña, A','+ 34 652 83 28 34','+ 34 620 67 61 40','','','','cousadecans@gmail.com','','','','cousadecans.png',1,'',0),
(26,'Cuatro Patas','Club social Urb/ El Socorro','Carmona','Sevilla','630 52 72 42 (Isaac) ','615 45 58 78 (Rafa)','','N 37.43865 - W 5.79858','','agiltiy4patas@hotmail.com','','','','cuatro_patas.png',1,'',1),
(27,'Cubas','Paseo de los Cipreses s/n','Cubas de la Sagra','Madrid','918143395','619 56 43 49','','','http://clubagilitycubas.es/','clubagilitycubas@terra.com','','','','cubas.png',3,'',0),
(28,'Deporcan','Jazmín, 16, Entreplanta','28033 Madrid','Madrid','629 843 681',' + 34 91 302 44 35','','40.32132, -3.41895','http://www.clubagilityboadilla.org/','agility.deporcan@gmail.com','','','','deporcan.png',3,'Antiguo \"Club Boadilla\"',0),
(29,'Depordog','Avd del Mueble s/n','11130 Chiclana','Cádiz','652 73 45 17','','','','http://www.clubagilitydepordog.es/','ildegolo@hotmail.com','','','','depordog.png',3,'',0),
(30,'Educan','Mester de Juglaría, 20','28978 Cubas de la Sagra (Madrid)','Madrid','617 469 312','+ 34 676 67 76 38','','','http://www.madrid.educan.es/','agility.madrid@educan.es','','','','educan.png',1,'',0),
(31,'El Hechizo del Border C.','Ctra. Monserrat, Km. 7\'5, nº 26','46900 Torrent ','Valencia/Valéncia','+ 34 96 156 56 75',NULL,NULL,NULL,'http://www.elhechizo.com/','elhechizobc@gmail.com',NULL,NULL,NULL,'el_hechizo_del_border_collie.png',1,NULL,0),
(32,'El Nogueral','Cami del Camp, 23','03460 Beneixama','Alicante/Alacant','+ 34 695 45 23 69',NULL,NULL,NULL,'http://www.clubagility.es/','info@clubagility.es',NULL,NULL,NULL,'el_nogueral.png',1,NULL,0),
(33,'El Tramusser Benifaio','Polígono 16 - Cami Prefasic','46450 Benifaió (Valencia)','Valencia/Valéncia','+ 34 678 57 47 86','','','','http://www.escuelacaninavalencia.com/','madamagility@hotmail.com','','','','el_tramusser_benifaio.png',3,'',0),
(34,'Els Dimonis de Bascara','Apartado de correos 241','17600 Figueres (Gerona)','Girona/Gerona',' + 34 657 20 44 81','','','','http://www.dimonisdebascara.cat/','dimonisdebascara@hotmail.es','','','','els_dimonis_de_bascara.png',1,'',0),
(35,'Eslón','Carretera de Carranque s/n','Serranillos del Valle','Madrid','657 209 274','','','','http://www.agilityeslon.com','info@agilityeslon.com','','','','eslon.png',3,'',0),
(36,'Euskadi','CLUB DE AGILITY EUSKADI Beike Bidea, 2, 2º Dcha','48950 Asua - Erandio (Vizcaya)','Bizkaia/Vizcaya','619 423 720 - Pedro Martinez','','','',' www.agilityeuskadi.com','info@agilityeuskadi.com','','','','euskadi.png',1,'',0),
(37,'Hoop Agility','Alberto Conti, 8, 7º C','28935 Móstoles (Madrid)','Madrid','+ 34 635 65 78 42','','','','http://www.agilityclub.es/','info@agilityclub.es','','','','hoop.png',1,'',0),
(38,'Illa Blanca','Washington, 18, 2º','07820 San Antonio de Portmany (Ibiza)','Balears, Illes','+ 34 672 32 39 22',NULL,NULL,NULL,'http://www.agilityillablanca.com/','info@agilityillablanca.com',NULL,NULL,NULL,'illa_blanca.png',1,NULL,0),
(39,'Indog Maria de Huerva','Calle Orfeón 13  Nave A','50410  Cuarte de Huerva','Zaragoza','','','','','http://www.agilityindog.com/','info@agilityindog.com','','','','indog.png',3,'',0),
(40,'Junior','Calle de la Fuente, nº 8','16162-Villar del Horno','Cuenca','626389032','','','','http://www.agilityjunior.es/','agilityjunior@gmail.com','','','','junior.png',1,'Baja Enero 2015',1),
(41,'Kai Argi','Oiartzun, 6, Entlo. B','20110 Pasaia San Pedro (Guipúzcoa)','Gipuzkoa/Guipúzcoa','+ 34 656 71 51 31','','','','http://www.kaiargi.com','kaiargi@kaiargi.com','','','','kai_argi.png',1,'',0),
(42,'L\'Almozara','Camino de Pinseque, 147-A','50190 Garrapinillos (Zaragoza)','Zaragoza',' + 34 637 54 15 86','','','','','','','','','almozara.png',1,'',0),
(43,'L\'Horta Nord','Vora Vía, 2','46132 Almassera (Valencia)','Valencia/Valéncia','+ 34 651 30 41 47','','','','http://clubagilitylhortanord.blogspot.com.es/','','https://www.facebook.com/agility.lhortanordvalencia','','','horta_nord.png',1,'',0),
(44,'La Daga','25230 Mollerussa (Lérida)','','Lleida/Lérida',' + 34 660 72 04 90 ','','','','http://www.clubagilityladaga.blogspot.com/','niisia84@hotmail.com','','','','la_daga.png',1,'',0),
(45,'La Dama','Partida de las Casicas, 5','03330 Crevillente (Alicante) – España','Alicante/Alacant',' +34 622 109 409','','',' 38° 10′ 44″ N – 0° 48′ 30″ W”','http://www.agilityladama.com/ladama/','agilityladama@gmail.com','','','','la_dama.png',3,'',0),
(46,'La Manada','Partida Calvet, 37, Bajo','46120 Alboraia (Valencia)','Valencia/Valéncia','+ 34 659 89 78 40 (Vicent)','','','39° 29\' 47.55\'\' N - 0° 20\' 37.1\'\' W','http://www.la-manada.org/agility/','info@la-manada.org','','','','la_manada.png',1,'',0),
(47,'La Palma','Paraje Los Pérez de Arriba','30593 La Palma - Cartagena (Murcia)','Murcia',' + 34 669 23 31 83','','','','http://www.agilitycartagena.com/','agilitycartagena@gmail.com','','','','la_palma.png',1,'',0),
(48,'La Princesa','Ocaña, 104, Bajo','28047 Madrid','Madrid','+ 34 91 465 50 05 ','','','+40° 19\' 35,41\", -3° 50\' 50,61\" ','http://www.agilitylaprincesa.es/','agilitylaprincesa@gmail.com','','','','la_princesa.png',1,'',0),
(49,'La Ribera','Plaza España, 11','50638 Cabañas de Ebro (Zaragoza)','Zaragoza',' + 34 976 75 86 33',' + 34 649 58 65 98 ','','','http://www.agilitylaribera.es/','agilitylaribera@hotmail.com','','','','la_ribera.png',1,'',0),
(50,'La Selva','Carretera Vella de Riudarenes, s/n','17430 Santa Coloma de Farners (Gerona)','Girona/Gerona','+ 34 606 77 64 65',' + 34 629 36 37 39','','','http://www.asscaninalaselva.com/','agility@asscaninalaselva.com','','','','la_selva.png',1,'',0),
(51,'Lealcan','José Luis Sampedro, 14, 2º D','28529 Rivas Vaciamadrid (Madrid)','Madrid',': + 34 646 44 45 55','','','','http://www.lealcan.com/','info@lealcan.com','','','','lealcan.png',3,'',0),
(52,'Maresme','Santiago Rusiñol, 90','08340 Vilassar de Mar (Barcelona)','Barcelona',' + 34 93 759 70 54 ','','','','','agilitymaresme@telefonica.net','','','','maresme.png',1,'',0),
(53,'Marvi','40 Pins, 36 - Urb. Roca II','08430 La Roca del Valles (Barcelona)','Barcelona','+ 34 93 842 21 05 ','','','','','Marvistel@hotmail.com','','','','marvi.png',1,'',0),
(54,'Mediterráneo','Senda Estrecha, 14','30011 Murcia','Murcia','+ 34 968 25 77 83','+ 34 677 40 98 57','','','','','','','','mediterraneo.png',1,'',0),
(55,'Mi Perro 10','Andalucía, 25','28750 San Agustín de Guadalix (Madrid)','Madrid','+ 34 651 91 41 46','','','','http://www.miperro10.com/','info@miperro10.com','','','','mi_perro_10.png',3,'',0),
(56,'Miramar','Carrer del Llorer, 3','08789 La Torre de Claramunt (Barcelona)','Barcelona','+ 34 679 27 27 91 ','','','','','jmtorres323@gmail.com','','','','miramar.png',1,'',0),
(57,'Negreira','Avda. Recinto Ferial, 2, 4º A','36540 Silleda (Pontevedra)','Pontevedra','+ 34 629 50 71 76','','','','','','','','','negreira.png',3,'',0),
(58,'Neo Reus','Mª Aurelia Campany, 4, 6º, 2º','43204 Reus (Tarragona)','Tarragona','+ 34 616 44 62 41','','','','','agilityneo@hotmail.com','','','','neo_reus.png',1,'',0),
(59,'Palaciego','Roble, 7','41720 Los Palacios y Villafranca (Sevilla)','Sevilla','+ 34 619 12 73 25 ','','','','http://www.actiweb.es/palaciego/','','https://www.facebook.com/pages/Club-Deportivo-Agility-Palaciego/192778427478835','','','palaciego.png',3,'',0),
(60,'Agility Cantabria','Barrio Las Torcas 93A chalet 5','39618 Pontejos','Cantabria','+ 34 625 65 67 96 ','','','','http://www.agilitycantabria.com/','agilitycantabria@gmail.com','','','','parbayon.png',1,'',0),
(61,'Parque del Alamillo','Antonio Machín, 9, 1º Izda.','41009 Sevilla','Sevilla',' + 34 655 76 46 03','+ 34 95 443 45 77 ','','','http://www.clubagilityalamillo.com/','clubagilityalamillo@hotmail.com','','','','parque_del_alamillo.png',1,'',0),
(62,'Pataplán',' N-320a carretera de Valencia Km.134.','','Cuenca',' Juan José González (Presidente del Club) - tfn: 639776502','	 Javier Martínez (Tesorero y Webmaster) - tfn: 605914763','','N40.033819,W2.11415','http://www.agilitypataplan.es/','info@agilitypataplan.es','','','','pataplan.png',3,'',0),
(63,'Patas','Ameixoada, 28C','36954 Moaña (Pontevedra)','Pontevedra','+ 34 986 31 10 13','+ 34 659 01 36 68 ','','','http://patas.blogaliza.org/','agilitypatas@hotmail.com','','','','patas.png',1,'',0),
(64,'Paterna','Cid Campeador, 12-13','46980 Paterna (Valencia)','Valencia/Valéncia','+ 34 677 72 27 30','','','','http://www.agilitypaterna.com/','info@agilitypaterna.com','','','','paterna.png',1,'',0),
(65,'Pican','Marqués de Dos Aguas, 39, p. 8','46220 Picassent (Valencia)','Valencia/Valéncia','+ 34 687 70 69 90','','','','','clubagilitypican@gmail.com','','','','pican.png',1,'',0),
(66,'Pura Vida','Almendro, 3, Bl. 2, 1º C','28710 El Molar (Madrid)','Madrid',' + 34 680 19 08 42','','','','http://www.mascotaspuravida.es/','agility@mascotaspuravida.es','','','','pura_vida.png',1,'',0),
(67,'Santa Quiteria','08410 Vilanova del Valles (Barcelona)','','Barcelona','+ 34 651 89 21 07','','','','http://www.agilitysantaquiteria.es/','info@agilitysantaquiteria.es','','','','santa_quiteria.png',1,'',0),
(68,'Star Can','Avda. del Vincle, 28','03560 Campello (Alicante)','Alicante/Alacant','+ 34 96 563 01 60','(Ana Alonso) anastarcan@hotmail.com','','W 0º 33´ 03\" N 38º 22´31\"','http://www.starcan.es/','nsoler@starcan.es','','','','star_can.png',1,'',0),
(69,'Talavera','Cervera - Local 39','45600 Talavera de la Reina (Toledo)','Toledo','+ 34 610 01 79 75 ','','','','','reinaboxtalavera@hotmail.com','','','','talavera.png',1,'',0),
(70,'Tandem','Carretera M413 km 8,5 de Arroyomolinos a Moraleja de Enmedio','Madrid.','Madrid','687 964891','627 964845','','','','informacion@agilitytandem.es','','','','tandem.png',3,'',0),
(71,'Tercans','Reibon, 192-A  -  Meira','36955 Moaña (Pontevedra)','Pontevedra',' + 34 617 34 07 63 ','','','','','tercans@gmail.com','','','','tercans.png',3,'',0),
(72,'Torrevieja','Moriones, 43, 3º E','03182 Torrevieja (Alicante)','Alicante/Alacant','+ 34 635 41 30 31','','','','','info.agilitytorrevieja@gmail.com','','','','torrevieja.png',3,'',0),
(73,'Toskahua','Cmno Santa Pau, 233 Garrapinillos-ZARAGOZA','','Zaragoza','Tel.- 976-780583 movil.-666-436111','','','','http://perso.wanadoo.es/vjuan/agility.htm','grupotoskahua@eresmas.com','','','','toskaua.png',1,'',0),
(74,'Valles Club Cani','08140 Caldes de Montbui (Barcelona)','','Barcelona',' telèfon:    619 28 68 82 ','','',' N 41º 37\' 07\'\'    E 2º 10\' 31.7\'\'','','info@vallesgrupcani.org','','','','valles_club_cani.png',1,'',0),
(75,'Vallgorguina','Vila Carina Ctra. C-61, Km. 15,5','08471 Vallgorguina (Barcelona)','Barcelona','+ 34 93 867 93 18 ','+ 34 600 00 54 99 ','','','','agilityvallgorguina@centrecani.cat','','','','vallgorguina.png',1,'',0),
(76,'Vila-Real','Padre Lluis María Llop, 54, 1º B','12540 Vila-real (Castellón)','Castellón/Castelló','+ 34 964 52 40 09','','','','http://www.agilityvila-real.es/','agilityvilareal@gmail.com','','','','vila_real.png',1,'',0),
(77,'Vilcan','Nou, 20','46270 Villanueva de Castellón (Valencia)','Valencia/Valéncia','+ 34 96 245 31 81','','','','','','','','','vilcan.png',1,'',0),
(78,'Villena','Plaza El Rollo, 5','03400 Villena (Alicante)','Alicante/Alacant','+ 34 636 42 67 13','','','','http://clubagilityvillena.blogspot.com.es/','','','','','villena.png',1,'',0),
(79,'W.E.L.P.E.','Polideportivo Municipal La Canaleja','Alcorcón','Madrid','+ 34 91 619 52 79','','','','http://www.grupowelpe.com','gwelpe@teleline.es','https://www.facebook.com/groups/484854411592829/','','@gwelpe','welpe.png',3,'',0),
(80,'Xanastur',' Baleares, 39, 3º D','33208 Gijón (Asturias)','Asturias','+ 34 607 11 90 56','','','','http://www.xanastur.org/','xanasturcentrocanino@gmail.com','','','','xanastur.png',1,'',0),
(81,'Zampican','Río Navía, 2','12006 Castellón','Castellón/Castelló','+ 34 629 07 06 75','','','','http://www.agilityzampican.es/','','','','','zampican.png',1,'',0),
(82,'Buscans','07810 Cala de San Vicente (Ibiza)','','Balears, Illes',' + 34 661 02 12 6','+34 637 13 62 73','','','','buscans@hotmail.com','','','','buscans.png',1,'',0),
(83,'Eivissa','Elx, s/n, B. 1, nº 4','07820 Sant Agusti - Sant Josep (Ibiza)','Balears, Illes','+ 34 971 34 58 28','+34 609 35 40 00','','','http://www.agilityeivissa.com/','info@agilityeivissa.com','','','','eivissa.png',1,'',0),
(84,'Insular','Pablo Picasso','07820 San Antonio (Baleares)','Balears, Illes','+34 655 76 10 94','','','','http://www.agilityinsular.com/','agilityinsular@gmail.com','','','','insular.png',1,'',0),
(85,'Teocan','Rarís, s/n','15883 Teo (La Coruña)','Coruña, A','+ 34 627 93 72 81','','','','','adteocan@gmail.com','','','','teocan.png',1,'',0),
(86,'Los Angeles de San Antón','Camino del Tiro Pichón, 1','11500 El Puerto de Santa María','Cádiz','+ 34 667 48 61 06','+ 34 617 41 06 52','','','','cdagilityladsa@hotmail.com','','','','ladsa.png',1,'',0),
(87,'A-0','Cº de los Santos, s/n - Avda. de la Vega, s/n','28500 Arganda del Rey','Madrid','+ 34 626 43 68 18','+ 34 646 79 51 55','','','','','','','','a_cero.png',3,'',0),
(88,'A. D. A. Pozuelo','Felipe de la Guerra, 7','28224 Pozuelo de Alarcón','Madrid','','','','','','','','','','pozuelo.png',3,'',0),
(89,'El Campet de Pobla Llarga','Partida Codona, Pol. 1 parc. 78','46670 La Poble Llarga','Valencia/Valéncia','669 088 200','606 428 438 ','','','','agilityelcampet@gmail.com','','','','campet.png',1,'',0),
(90,'La Huella','Miguel Servet 80','46540 El Puig de Santa Maria','Valencia/Valéncia','','','','','','agilitylahuella@hotmail.com','','','','rsce.png',1,'',0),
(91,'Almussafes','Camí Burriaga s/n (Parque Rural de Almussafes)','46440 Almussafes','Valencia/Valéncia','','','','','','','','','','almussafes.png',1,'',0),
(92,'Tinerfe','Los Adernos s/n','38441 Santo Domingo - La Guancha','Santa Cruz de Te','','','','','','','','','','tenerife.png',1,'',0),
(93,'Tolouse Veto Agility','','','-- Sin asignar --','','','','','','','','','','rsce.png',1,'',0),
(94,'Avila','Camino de Avila, 4','05289 San Esteban de los Patos','Ávila','619 36 47 21','','','','','agilityavila@gmail.com','https://www.facebook.com/profile.php?id=100008197471949','','','avila.png',7,'',0),
(95,'Can Roja','Ctra. C-1415a, Km. 31,400 Can Ramoneda','08181 Senmenat','Barcelona','93 864 36 71','656 35 97 95','','','http://www.canroja.com/','canroja@canroja.com','','','','canroja.png',1,'',0),
(96,'Trisquel','Ferralgo s/n','33450 - Piedras Blancas (Castrillón)','Asturias','+34 606 40 68 00','','','43º33\'22,68\'\' N - 5º57\'30,66\'\' W','http://www.asturbox.es','info@asturbox.es','https://www.facebook.com/trisquel.adiestramientocanino?fref=ts','','','trisquel.png',3,'',0),
(97,'Kronos','Carretera Reus','Ruidoms kmt 2.7','Tarragona','','','','','','agilitykronos@gmail.com','','','','kronos.png',1,'',0),
(98,'Alto Aragón','Barbastro','','Huesca','','','','','','clubagilityaltoaragon@gmail.com','','','','alto_aragn.png',2,'',0),
(99,'Principado','Hipica Porceyo','Porceyo, Gijón','Asturias','630958559','664365264','','','http://www.agilityprincipado.com/','info@agilityprincipado.com','','','','principado.png',2,'',0);
/*!40000 ALTER TABLE `clubes` ENABLE KEYS */;
UNLOCK TABLES;

--
-- Table structure for table `equipos`
--

DROP TABLE IF EXISTS `equipos`;
/*!40101 SET @saved_cs_client     = @@character_set_client */;
/*!40101 SET character_set_client = utf8 */;
CREATE TABLE `equipos` (
  `ID` int(4) NOT NULL AUTO_INCREMENT,
  `Prueba` int(4) NOT NULL DEFAULT '1',
  `Jornada` int(4) NOT NULL,
  `Orden` int(4) NOT NULL DEFAULT '1',
  `Categorias` varchar(16) NOT NULL DEFAULT '-LMST',
  `Nombre` varchar(255) NOT NULL,
  `Observaciones` varchar(255) DEFAULT NULL,
  `Miembros` text NOT NULL,
  `DefaultTeam` tinyint(1) NOT NULL DEFAULT '0',
  PRIMARY KEY (`ID`),
  UNIQUE KEY `Equipos_JornadaNombre` (`Jornada`,`Nombre`),
  KEY `Equipos_Prueba` (`Prueba`),
  KEY `Equipos_Jornada` (`Jornada`),
  CONSTRAINT `Equipos_ibfk_1` FOREIGN KEY (`Prueba`) REFERENCES `pruebas` (`ID`) ON DELETE CASCADE ON UPDATE CASCADE,
  CONSTRAINT `Equipos_ibfk_2` FOREIGN KEY (`Jornada`) REFERENCES `jornadas` (`ID`) ON DELETE CASCADE ON UPDATE CASCADE
) ENGINE=InnoDB AUTO_INCREMENT=22 DEFAULT CHARSET=utf8;
/*!40101 SET character_set_client = @saved_cs_client */;

--
-- Dumping data for table `equipos`
--

LOCK TABLES `equipos` WRITE;
/*!40000 ALTER TABLE `equipos` DISABLE KEYS */;
INSERT INTO `equipos` VALUES 
(1,1,1,1,'-LMST','-- Sin asignar --','NO BORRAR: PRUEBA 1 JORNADA 1 - Equipo por defecto','BEGIN,END',1),
(2,1,2,1,'-LMST','-- Sin asignar --','NO BORRAR: PRUEBA 1 JORNADA 2 - Equipo por defecto','BEGIN,END',1),
(3,1,3,1,'-LMST','-- Sin asignar --','NO BORRAR: PRUEBA 1 JORNADA 3 - Equipo por defecto','BEGIN,END',1),
(4,1,4,1,'-LMST','-- Sin asignar --','NO BORRAR: PRUEBA 1 JORNADA 4 - Equipo por defecto','BEGIN,END',1),
(5,1,5,1,'-LMST','-- Sin asignar --','NO BORRAR: PRUEBA 1 JORNADA 5 - Equipo por defecto','BEGIN,END',1),
(6,1,6,1,'-LMST','-- Sin asignar --','NO BORRAR: PRUEBA 1 JORNADA 6 - Equipo por defecto','BEGIN,END',1),
(7,1,7,1,'-LMST','-- Sin asignar --','NO BORRAR: PRUEBA 1 JORNADA 7 - Equipo por defecto','BEGIN,END',1),
(8,1,8,1,'-LMST','-- Sin asignar --','NO BORRAR: PRUEBA 1 JORNADA 8 - Equipo por defecto','BEGIN,END',1),
(9,2,9,2,'-LMST','-- Sin asignar --','NO BORRAR: PRUEBA 2 JORNADA 9 - Default Team','BEGIN,633,556,391,END',1),
(10,2,10,1,'-LMST','-- Sin asignar --','NO BORRAR: PRUEBA 2 JORNADA 10 - Default Team','BEGIN,633,644,585,390,389,66,9,417,589,8,414,45,692,350,351,609,84,52,156,391,397,413,556,END',1),
(11,2,11,1,'-LMST','-- Sin asignar --','NO BORRAR: PRUEBA 2 JORNADA 11 - Default Team','BEGIN,633,644,585,390,389,66,9,417,589,8,414,45,692,350,351,609,84,52,156,391,397,413,556,END',1),
(12,2,12,1,'-LMST','-- Sin asignar --','NO BORRAR: PRUEBA 2 JORNADA 12 - Default Team','BEGIN,END',1),
(13,2,13,1,'-LMST','-- Sin asignar --','NO BORRAR: PRUEBA 2 JORNADA 13 - Default Team','BEGIN,END',1),
(14,2,14,1,'-LMST','-- Sin asignar --','NO BORRAR: PRUEBA 2 JORNADA 14 - Default Team','BEGIN,END',1),
(15,2,15,1,'-LMST','-- Sin asignar --','NO BORRAR: PRUEBA 2 JORNADA 15 - Default Team','BEGIN,END',1),
(16,2,16,1,'-LMST','-- Sin asignar --','NO BORRAR: PRUEBA 2 JORNADA 16 - Default Team','BEGIN,END',1),
(17,2,9,1,'L','Equipo 1','','BEGIN,644,585,390,66,END',0),
(18,2,9,4,'L','Equipo 2','','BEGIN,8,589,414,397,END',0),
(19,2,9,3,'MS','Pequeñajos','','BEGIN,692,350,351,413,END',0),
(20,2,9,5,'L','Crak\'s team','','BEGIN,417,9,389,45,END',0),
(21,2,9,6,'L','Eslonians','','BEGIN,609,84,52,156,END',0);
/*!40000 ALTER TABLE `equipos` ENABLE KEYS */;
UNLOCK TABLES;

--
-- Table structure for table `eventos`
--

DROP TABLE IF EXISTS `eventos`;
/*!40101 SET @saved_cs_client     = @@character_set_client */;
/*!40101 SET character_set_client = utf8 */;
CREATE TABLE `eventos` (
  `ID` int(4) NOT NULL AUTO_INCREMENT,
  `Session` int(4) NOT NULL,
  `Source` varchar(255) NOT NULL,
  `Type` varchar(255) NOT NULL,
  `Timestamp` timestamp NOT NULL DEFAULT CURRENT_TIMESTAMP,
  `Data` text NOT NULL,
  PRIMARY KEY (`ID`),
  KEY `Eventos_Session` (`Session`),
  CONSTRAINT `Eventos_ibfk_1` FOREIGN KEY (`Session`) REFERENCES `sesiones` (`ID`) ON DELETE CASCADE ON UPDATE CASCADE
) ENGINE=InnoDB DEFAULT CHARSET=utf8;
/*!40101 SET character_set_client = @saved_cs_client */;

--
-- Dumping data for table `eventos`
--

LOCK TABLES `eventos` WRITE;
/*!40000 ALTER TABLE `eventos` DISABLE KEYS */;
/*!40000 ALTER TABLE `eventos` ENABLE KEYS */;
UNLOCK TABLES;

--
-- Table structure for table `grados_perro`
--

DROP TABLE IF EXISTS `grados_perro`;
/*!40101 SET @saved_cs_client     = @@character_set_client */;
/*!40101 SET character_set_client = utf8 */;
CREATE TABLE `grados_perro` (
  `Grado` varchar(16) NOT NULL,
  `Comentarios` varchar(255) DEFAULT NULL,
  PRIMARY KEY (`Grado`)
) ENGINE=InnoDB DEFAULT CHARSET=utf8;
/*!40101 SET character_set_client = @saved_cs_client */;

--
-- Dumping data for table `grados_perro`
--

LOCK TABLES `grados_perro` WRITE;
/*!40000 ALTER TABLE `grados_perro` DISABLE KEYS */;
INSERT INTO `grados_perro` VALUES 
('-','Sin especificar'),
('Baja','Baja temporal'),
('GI','Grado I'),
('GII','Grado II'),
('GIII','Grado III'),
('P.A.','Pre-Agility'),
('P.B.','Perro en Blanco'),
('Ret.','Retirado');
/*!40000 ALTER TABLE `grados_perro` ENABLE KEYS */;
UNLOCK TABLES;

--
-- Table structure for table `guias`
--

DROP TABLE IF EXISTS `guias`;
/*!40101 SET @saved_cs_client     = @@character_set_client */;
/*!40101 SET character_set_client = utf8 */;
CREATE TABLE `guias` (
  `ID` int(4) NOT NULL AUTO_INCREMENT,
  `Nombre` varchar(255) NOT NULL,
  `Telefono` varchar(16) DEFAULT NULL,
  `Email` varchar(255) DEFAULT NULL,
  `Club` int(4) NOT NULL DEFAULT '1',
  `Federation` tinyint(1) NOT NULL DEFAULT '0',
  `Observaciones` varchar(255) DEFAULT NULL,
  PRIMARY KEY (`ID`),
  KEY `Guias_Nombre` (`Nombre`),
  KEY `Guias_Club` (`Club`),
  CONSTRAINT `Guias_ibfk_1` FOREIGN KEY (`Club`) REFERENCES `clubes` (`ID`) ON UPDATE CASCADE
) ENGINE=InnoDB AUTO_INCREMENT=755 DEFAULT CHARSET=utf8;
/*!40101 SET character_set_client = @saved_cs_client */;

--
-- Dumping data for table `guias`
--

LOCK TABLES `guias` WRITE;
/*!40000 ALTER TABLE `guias` DISABLE KEYS */;
INSERT INTO `guias` VALUES 
(1,'-- Sin asignar --',NULL,NULL,1,0,'NO BORRAR. Valor por defecto cuando un perro se define por primera vez'),
(2,'Aaron Laro','','',27,0,''),
(3,'Ada Serrano','','',67,0,''),
(5,'Adrian Bajo','','',76,0,''),
(6,'Adrian Díaz',NULL,NULL,31,0,NULL),
(7,'Adrian Martínez','','',62,0,''),
(8,'Adrián Soria','','',62,0,''),
(9,'Africa Cabañas','','',22,0,''),
(10,'Agustin Centelles','','',23,0,''),
(11,'Agustín González','','',43,0,''),
(12,'Aida Al-Nehlawi',NULL,NULL,13,0,NULL),
(13,'Alaitz Idarraga','','',36,0,''),
(14,'Albert Ulldemolins',NULL,NULL,7,0,NULL),
(15,'Alberto Alonso Gutierrez','','',24,0,''),
(16,'Alberto Costas','','',71,0,''),
(17,'Alberto González','','',75,0,''),
(18,'Alberto Marugan','','',4,0,''),
(19,'Alberto Mudarra','','',49,0,''),
(20,'Alberto Pereda',NULL,NULL,48,0,NULL),
(21,'Alejandra Alvarez','','',31,0,''),
(22,'Alejandro Piñeiro',NULL,NULL,71,0,NULL),
(23,'Alejandro Rodríguez Villalta','','',59,0,''),
(24,'Alejandro Salas','','',85,0,''),
(25,'Alex del Río',NULL,NULL,18,0,NULL),
(26,'Alex Olivera',NULL,NULL,67,0,NULL),
(27,'Alex Sabini','','',34,0,''),
(28,'Alfredo Ortíz','','',10,0,''),
(29,'Alicia Mejias',NULL,NULL,61,0,NULL),
(30,'Alicia Sanjurjo',NULL,NULL,74,0,NULL),
(31,'Almudena Novo','','',16,0,''),
(32,'Amparo Roig',NULL,NULL,43,0,NULL),
(33,'Ana Alonso',NULL,NULL,68,0,NULL),
(34,'Ana Baeza',NULL,NULL,40,0,NULL),
(35,'Ana Beltran Bustamante','','',32,0,''),
(36,'Ana Isabel Escobar','','',75,0,''),
(37,'Ana Mateu',NULL,NULL,13,0,NULL),
(38,'Ana Ontañon',NULL,NULL,52,0,NULL),
(39,'Ana Palet','','',75,0,''),
(40,'Ana Valencia','','',4,0,''),
(41,'Andrea García',NULL,NULL,76,0,NULL),
(42,'Andrés Gimeno',NULL,NULL,45,0,NULL),
(43,'Andrés López',NULL,NULL,71,0,NULL),
(44,'Andres Morillas Sanjuan','','',87,0,''),
(45,'Angel Corroto','','',35,0,''),
(46,'Angel Fernández','','',27,0,''),
(47,'Angel González','','',4,0,''),
(48,'Angel Insa',NULL,NULL,42,0,NULL),
(49,'Angel Puertolas',NULL,NULL,41,0,NULL),
(50,'Angel Rubio','','',39,0,''),
(51,'Angeles Abad',NULL,NULL,42,0,NULL),
(52,'Angelica Castaño',NULL,NULL,35,0,NULL),
(53,'Ankie Kleijberg',NULL,NULL,68,0,NULL),
(54,'Anna Aguilella',NULL,NULL,24,0,NULL),
(55,'Antje Lippold','','',7,0,''),
(56,'Antonio Carmona',NULL,NULL,21,0,NULL),
(57,'Antonio Fernández Moreno','','',22,0,''),
(58,'Antonio López','','',87,0,''),
(59,'Antonio Molina','','',79,0,''),
(60,'Antonio Ojeda',NULL,NULL,15,0,NULL),
(61,'Antonio Santos','','',67,0,''),
(62,'Antonio Tovar','','',42,0,''),
(63,'Arabia Vidal',NULL,NULL,77,0,NULL),
(64,'Araceli Montero',NULL,NULL,7,0,NULL),
(65,'Aracelis Rodríguez','','',52,0,''),
(66,'Arcadio Nohales',NULL,NULL,81,0,NULL),
(67,'Ariadna Soriano',NULL,NULL,42,0,NULL),
(68,'Arianna Bucci',NULL,NULL,50,0,NULL),
(69,'Arturo Conejera',NULL,NULL,22,0,NULL),
(70,'Asier García','','',36,0,''),
(71,'Astrid Hoffmeister',NULL,NULL,51,0,NULL),
(72,'Barbara Flemming',NULL,NULL,68,0,NULL),
(73,'Beatriz Juan','','',87,0,''),
(74,'Belén de Carvalho','','',30,0,''),
(75,'Berit Kittel','','',39,0,''),
(76,'Carles Fortuny',NULL,NULL,18,0,NULL),
(77,'Carlos Alvarez',NULL,NULL,71,0,NULL),
(78,'Carlos Casado',NULL,NULL,68,0,NULL),
(80,'Carlos Martínez R.','','',35,0,''),
(81,'Carlos Pérez','','',48,0,''),
(82,'Carlos Pulpón','','',35,0,''),
(83,'Carlos Serra',NULL,NULL,38,0,NULL),
(84,'Carmen Alos',NULL,NULL,13,0,NULL),
(85,'Mari Carmen Antequera','','',23,0,''),
(86,'Carmen Briceño',NULL,NULL,42,0,NULL),
(87,'Carmen Sotomayor',NULL,NULL,35,0,NULL),
(88,'Carmen Vázquez',NULL,NULL,50,0,NULL),
(89,'Carolina Verdú',NULL,NULL,78,0,NULL),
(90,'Celeste Zarzosa',NULL,NULL,48,0,NULL),
(91,'Celso Valle',NULL,NULL,52,0,NULL),
(92,'Cesar Losada Mera','','',35,0,''),
(93,'Charly Castañer','','',39,0,''),
(94,'Clara Ruisánchez','','',80,0,''),
(95,'Conchi Fernández','','',48,0,''),
(96,'Concepción López',NULL,NULL,49,0,NULL),
(97,'Cristian Verde',NULL,NULL,71,0,NULL),
(98,'Cristina Blanco','','',27,0,''),
(99,'Cristina Cortijo','','',35,0,''),
(100,'Cristina García',NULL,NULL,44,0,NULL),
(101,'Cristina González','','',75,0,''),
(102,'Cristina Pedraz','','',2,0,''),
(103,'Cristina Guill','','',50,0,''),
(104,'Cristofol Albert',NULL,NULL,43,0,NULL),
(105,'Damian Alarcon',NULL,NULL,30,0,NULL),
(106,'Daniel Amigo',NULL,NULL,7,0,NULL),
(107,'Daniel Luna',NULL,NULL,40,0,NULL),
(108,'Daniel Menéndez',NULL,NULL,31,0,NULL),
(109,'David Alique','','',75,0,''),
(110,'David Asenjo','','',42,0,''),
(111,'David Escribano','','',27,0,''),
(112,'David Ferrer',NULL,NULL,7,0,NULL),
(113,'David Flix Bermejo','','',67,0,''),
(114,'David Gómez-Calcerrada','','',48,0,''),
(115,'David Gonzalbo',NULL,NULL,31,0,NULL),
(116,'David Molina Gimeno','','',42,0,''),
(117,'David Parejo',NULL,NULL,17,0,NULL),
(118,'David Sepulveda',NULL,NULL,7,0,NULL),
(119,'Debra Howard',NULL,NULL,48,0,NULL),
(120,'Diana Cozar',NULL,NULL,13,0,NULL),
(121,'Diana García Romero','','',61,0,''),
(122,'Diego Rouco',NULL,NULL,63,0,NULL),
(123,'Dolores López',NULL,NULL,78,0,NULL),
(124,'Dolores Sampedro',NULL,NULL,81,0,NULL),
(125,'Eduard Bonet',NULL,NULL,7,0,NULL),
(126,'Eduard Giralt Canadell','','',67,0,''),
(127,'Eduardo Adán','','',39,0,''),
(128,'Efren Lucas','','',7,0,''),
(129,'Elena Alberich',NULL,NULL,13,0,NULL),
(130,'Elena Chinchilla',NULL,NULL,43,0,NULL),
(131,'Elena Miguel','','',35,0,''),
(132,'Elena Sin',NULL,NULL,42,0,NULL),
(133,'Elisenda Huidobro',NULL,NULL,13,0,NULL),
(134,'Elvira Pertierra','','',96,0,''),
(135,'Emilio Calvo',NULL,NULL,31,0,NULL),
(136,'Emilio José Pedrazuela','','',75,0,''),
(137,'Enma Gutiérrez','','',60,0,''),
(138,'Enric García',NULL,NULL,81,0,NULL),
(139,'Enric Lleixa',NULL,NULL,7,0,NULL),
(140,'Enrique Alonso Queija','','',66,0,''),
(141,'Enrique Camarero','','',35,0,''),
(142,'Enrique Grau',NULL,NULL,24,0,NULL),
(143,'Enrique Herbera',NULL,NULL,7,0,NULL),
(145,'Enrique Sendra Ortega','','',71,0,''),
(146,'Ernesto Sorribes',NULL,NULL,81,0,NULL),
(147,'Estefanía Pérez',NULL,NULL,30,0,NULL),
(148,'Estíbaliz Pereda Navarro','','',75,0,''),
(149,'Estíbaliz Pujana','','',43,0,''),
(150,'Eugenio Villares',NULL,NULL,27,0,NULL),
(151,'Eva Grau',NULL,NULL,64,0,NULL),
(152,'Eva Vázquez Morales','','',42,0,''),
(153,'Fermin Gil',NULL,NULL,43,0,NULL),
(154,'Fernando Benet',NULL,NULL,81,0,NULL),
(155,'Fernando Bibián','','',4,0,''),
(156,'Fernando Cardeña','','',80,0,''),
(157,'Fernando De La Fuente','','',49,0,''),
(158,'Fito Rodríguez','','',80,0,''),
(159,'Francisco Aguilera',NULL,NULL,17,0,NULL),
(160,'Francisco de la Cruz','','',88,0,''),
(161,'Francisco Esteban',NULL,NULL,24,0,NULL),
(162,'Francisco Javier Jaen','','',75,0,''),
(163,'Francisco Javier Luque',NULL,NULL,61,0,NULL),
(164,'Francisco José Sousa',NULL,NULL,71,0,NULL),
(165,'Francisco Maestre',NULL,NULL,43,0,NULL),
(166,'Francisco Martín',NULL,NULL,74,0,NULL),
(167,'Francisco Medina',NULL,NULL,13,0,NULL),
(168,'Francisco Pérez',NULL,NULL,53,0,NULL),
(169,'Francisco Sobral',NULL,NULL,63,0,NULL),
(170,'Gabriel Gómez','','',42,0,''),
(171,'Gabriel Martín',NULL,NULL,60,0,NULL),
(172,'Gema López','','',35,0,''),
(174,'Gerard Barberá',NULL,NULL,58,0,NULL),
(175,'Gerardo Alvarez','','',62,0,''),
(176,'Gerardo González',NULL,NULL,35,0,NULL),
(177,'Gisela Solis',NULL,NULL,44,0,NULL),
(178,'Gorka Pozuelo','','',6,0,''),
(179,'Gregorio Conde',NULL,NULL,7,0,NULL),
(180,'Gustavo Deus','','',25,0,''),
(181,'Iago Sánchez',NULL,NULL,71,0,NULL),
(182,'Iban Cubedo','','',23,0,''),
(183,'Imanol López',NULL,NULL,42,0,NULL),
(184,'Iñaki García','','',36,0,''),
(185,'Inmaculada Rubio','','',62,0,''),
(186,'Irati Diego','','',43,0,''),
(187,'Irena Montalvo','','',22,0,''),
(188,'Irene Artacho',NULL,NULL,16,0,NULL),
(189,'Isabel Gómez',NULL,NULL,29,0,NULL),
(190,'Isabel Natera','','',36,0,''),
(191,'Isabel Rodríguez',NULL,NULL,74,0,NULL),
(192,'Isidoro Vázquez',NULL,NULL,27,0,NULL),
(193,'Ismael Pérez','','',13,0,''),
(194,'Israel Díaz','','',22,0,''),
(195,'Israel Fernández',NULL,NULL,75,0,NULL),
(196,'Ivan Amez Alvarez','','',80,0,''),
(197,'Iván Pardo García','','',75,0,''),
(198,'Iván San Antonio',NULL,NULL,16,0,NULL),
(199,'Iván Sánchez García','','',35,0,''),
(200,'Jacqueline Holemans',NULL,NULL,67,0,NULL),
(201,'Jaime Gamir',NULL,NULL,8,0,NULL),
(202,'Jara Pérez','','',4,0,''),
(203,'Jaume Fernández',NULL,NULL,18,0,NULL),
(204,'Javier Gómez',NULL,NULL,65,0,NULL),
(205,'Javier Iniesta','','',75,0,''),
(206,'Javier López',NULL,NULL,67,0,NULL),
(207,'Javier Martín','','',4,0,''),
(208,'Javier Martínez','','',62,0,''),
(209,'Javier Mora Canales','','',87,0,''),
(210,'Javier Ovejero',NULL,NULL,35,0,NULL),
(211,'Javier Sanchis',NULL,NULL,52,0,NULL),
(212,'Javier Santisteban','','',16,0,''),
(213,'Jennifer Tolín del Castillo','','',48,0,''),
(215,'Jenny Funcke',NULL,NULL,7,0,NULL),
(216,'Jerónimo Martínez',NULL,NULL,68,0,NULL),
(217,'Jessica Graciano','','',35,0,''),
(218,'Jesús Crespo',NULL,NULL,55,0,NULL),
(219,'Jesús Cuellar Expósito','','',87,0,''),
(220,'Jesús Gómez','','',4,0,''),
(221,'Jesús Manuel Romero',NULL,NULL,59,0,NULL),
(222,'Joan Castillo','','',52,0,''),
(223,'Joan Wenceslao Pastor',NULL,NULL,74,0,NULL),
(224,'Joaquín Andrés','','',4,0,''),
(225,'Jonathan Guillem','','',77,0,''),
(226,'Jordi Boix',NULL,NULL,13,0,NULL),
(227,'Jordi Gómez','','',52,0,''),
(228,'Jorge Arcas Perales','','',42,0,''),
(229,'Jorge Bala','','',42,0,''),
(230,'Jorge Muñoz Leal','','',27,0,''),
(231,'Jorge Valero',NULL,NULL,42,0,NULL),
(232,'José Angel Beired','','',49,0,''),
(233,'José Angel Torres',NULL,NULL,71,0,NULL),
(234,'José Antonio Encinas','','',87,0,''),
(235,'José Antonio Pascual',NULL,NULL,42,0,NULL),
(236,'José Antonio Vega',NULL,NULL,4,0,NULL),
(237,'Juan Carlos Iglesias','','',75,0,''),
(238,'José Castaño','','',95,0,''),
(239,'José Francisco Martorell',NULL,NULL,65,0,NULL),
(240,'José Guix',NULL,NULL,65,0,NULL),
(241,'José Luis García',NULL,NULL,81,0,NULL),
(242,'Jose Luis J. Mori','','',2,0,''),
(243,'José Luis Prieto',NULL,NULL,38,0,NULL),
(244,'José Luis Quiroga',NULL,NULL,21,0,NULL),
(245,'José Luis Romero','','',88,0,''),
(246,'José Luis Sogorb Nicolás','','',45,0,''),
(247,'José Mahillo',NULL,NULL,48,0,NULL),
(249,'José Manuel Linares',NULL,NULL,72,0,NULL),
(250,'José Martí',NULL,NULL,43,0,NULL),
(251,'José Mateo Moreno','','',44,0,''),
(252,'José Miguel Agustín',NULL,NULL,4,0,NULL),
(253,'José Miguel Morant',NULL,NULL,48,0,NULL),
(254,'José Miguel Paredes',NULL,NULL,72,0,NULL),
(255,'José Moreno',NULL,NULL,26,0,NULL),
(256,'José Pavon',NULL,NULL,29,0,NULL),
(257,'José Peris',NULL,NULL,64,0,NULL),
(258,'Jose Ramón López','','',35,0,''),
(259,'José Santos Luna','','',27,0,''),
(260,'José Soliño Caride','','',71,0,''),
(261,'Josep Mª Barbera','','',58,0,''),
(262,'Josep Mª Pineda',NULL,NULL,74,0,NULL),
(263,'Juan Muñiz','','',3,0,''),
(264,'Juan Antonio Martinez','','juansgaviota@gmail.com',35,0,''),
(265,'Juan Campin',NULL,NULL,48,0,NULL),
(266,'Juan Carlos Blas',NULL,NULL,35,0,NULL),
(267,'Juan Carlos Companys',NULL,NULL,24,0,NULL),
(268,'Juan Carlos Hinojal',NULL,NULL,60,0,NULL),
(269,'Juan Carlos Redondo','','',70,0,''),
(270,'Juan Carlos Ruiz','','',35,0,''),
(271,'Juan del Amo',NULL,NULL,40,0,NULL),
(272,'Juan Escos','','',49,0,''),
(273,'Juan Francisco Pelegrin',NULL,NULL,49,0,NULL),
(274,'Juan Francisco Torres',NULL,NULL,7,0,NULL),
(275,'Juan José Espadas',NULL,NULL,13,0,NULL),
(276,'Juan José González','','',62,0,''),
(277,'Juan José Paz Nieto','','',71,0,''),
(278,'Juan Luis Colmano',NULL,NULL,42,0,NULL),
(279,'Juan Manuel Caballo',NULL,NULL,43,0,NULL),
(280,'Juan Martín de las Blancas','','',27,0,''),
(281,'Juan Miguel Cifuentes',NULL,NULL,43,0,NULL),
(282,'Juan Pablo Díaz',NULL,NULL,27,0,NULL),
(283,'Juan Pedro Martínez',NULL,NULL,15,0,NULL),
(284,'Juan Rodríguez','','',48,0,''),
(285,'Juan Solanes',NULL,NULL,77,0,NULL),
(286,'Judith Cortes',NULL,NULL,42,0,NULL),
(287,'Judith Franco','','',16,0,''),
(288,'Judith Herms',NULL,NULL,18,0,NULL),
(289,'Julia Faci Green','','',42,0,''),
(290,'Julian Sánchez',NULL,NULL,74,0,NULL),
(291,'Julio Freire Nogueira','','',63,0,''),
(292,'Katia Moeller',NULL,NULL,14,0,NULL),
(293,'Katy Navarro',NULL,NULL,60,0,NULL),
(294,'Laura Carrasco',NULL,NULL,18,0,NULL),
(295,'Laura Chiva',NULL,NULL,7,0,NULL),
(296,'Laura Monrabal','','',42,0,''),
(297,'Leire Herrera','','',36,0,''),
(298,'Lorena Díez','','',87,0,''),
(299,'Lorena García',NULL,NULL,60,0,NULL),
(300,'Lorena Gargoles',NULL,NULL,13,0,NULL),
(301,'Lourdes Giménez',NULL,NULL,31,0,NULL),
(302,'Lourdes Peñarrocha',NULL,NULL,68,0,NULL),
(303,'Lourdes Rivera','','',48,0,''),
(304,'Lucía Montalbán','','',42,0,''),
(305,'Lucía Romero','','',59,0,''),
(306,'Luciano Fernández','','',48,0,''),
(307,'Luis Alberto Pereira',NULL,NULL,60,0,NULL),
(308,'Luis Carlos Sanchez',NULL,NULL,4,0,NULL),
(309,'Luis de Frías','','',48,0,''),
(310,'Luis Ignacio Carazo',NULL,NULL,74,0,NULL),
(311,'Luis Luque',NULL,NULL,75,0,NULL),
(312,'Luis Miguel Rodrigo','','',87,0,''),
(313,'Luis Miguel Rodriguez','','',48,0,''),
(314,'Luisa Fernanda Millan','','',62,0,''),
(315,'Luna Ramírez',NULL,NULL,52,0,NULL),
(316,'Maitane Luengo','','',36,0,''),
(317,'Maite Guerrero','','',35,0,''),
(318,'Manel Martínez',NULL,NULL,74,0,NULL),
(319,'José Manuel Basco','','',59,0,''),
(320,'Manuel Jesús García',NULL,NULL,9,0,NULL),
(321,'Manuel Lara',NULL,NULL,18,0,NULL),
(322,'Manuel peña','','',80,0,''),
(323,'Manuel Santomé',NULL,NULL,71,0,NULL),
(324,'Mar Bermúdez',NULL,NULL,10,0,NULL),
(325,'Marc Rabada','','',97,0,''),
(326,'Marco Maldonado','','',39,0,''),
(327,'Marcos Martínez',NULL,NULL,65,0,NULL),
(328,'María López',NULL,NULL,74,0,NULL),
(329,'Maria Nogueira','','',25,0,''),
(330,'Marina López',NULL,NULL,18,0,NULL),
(331,'Mario Rodríguez',NULL,NULL,79,0,NULL),
(332,'Marisa Jarabo',NULL,NULL,79,0,NULL),
(333,'Marta de la Rosa',NULL,NULL,81,0,NULL),
(334,'Marta Gregorio',NULL,NULL,71,0,NULL),
(335,'Marta Jiménez','','',4,0,''),
(336,'Marta Ponce','','',42,0,''),
(337,'Marta Sánchez','','',87,0,''),
(338,'Marta Solar','','',25,0,''),
(339,'Massimiliano Miggiano',NULL,NULL,75,0,NULL),
(340,'Matias Monleón',NULL,NULL,43,0,NULL),
(341,'Matias Rodríguez',NULL,NULL,75,0,NULL),
(342,'Mayte Pérez','','',80,0,''),
(343,'Menchu Melcom','','',28,0,''),
(344,'Mercedes Fernández',NULL,NULL,68,0,NULL),
(345,'Michael Volkert',NULL,NULL,50,0,NULL),
(346,'Miguel Angel Fernández','','',96,0,''),
(347,'Miguel Angel García',NULL,NULL,35,0,NULL),
(348,'Miguel Angel Morales',NULL,NULL,4,0,NULL),
(349,'Miguel Angel Soriano',NULL,NULL,68,0,NULL),
(350,'Miguel García Rodríguez','','',71,0,''),
(351,'Mireia Carrascoso',NULL,NULL,44,0,NULL),
(352,'Miriam García',NULL,NULL,58,0,NULL),
(353,'Mónica Muñiz',NULL,NULL,30,0,NULL),
(354,'Mónica Rodríguez','','',4,0,''),
(355,'Mónica Saavedra',NULL,NULL,55,0,NULL),
(356,'Monica Zaballa','','',60,0,''),
(357,'Montserrat Calvet',NULL,NULL,7,0,NULL),
(358,'María José Manzano',NULL,NULL,42,0,NULL),
(359,'Narciso Leita',NULL,NULL,49,0,NULL),
(360,'Natalia Cuadrado','','',67,0,''),
(361,'Natividad Ruiz García','','',87,0,''),
(362,'Natividad Soler',NULL,NULL,68,0,NULL),
(363,'Neus Baró',NULL,NULL,13,0,NULL),
(364,'Noelia Gimeno',NULL,NULL,64,0,NULL),
(365,'Noelia Mouchet','','',75,0,''),
(366,'Nuria Alonso',NULL,NULL,18,0,NULL),
(367,'Nuria Costa',NULL,NULL,74,0,NULL),
(368,'Nuria Díez','','',96,0,''),
(369,'Nuria Fortuny',NULL,NULL,18,0,NULL),
(371,'Olga Palomares','','',28,0,''),
(372,'Oria Micó',NULL,NULL,78,0,NULL),
(373,'Oscar Bravo',NULL,NULL,21,0,NULL),
(374,'Oscar Muñiz','','',87,0,''),
(375,'Oscar Reboredo',NULL,NULL,18,0,NULL),
(376,'Oscar Sacristan',NULL,NULL,48,0,NULL),
(377,'Pablo Ballesta',NULL,NULL,10,0,NULL),
(378,'Pablo Miró',NULL,NULL,81,0,NULL),
(379,'Paloma Faci Green','','',42,0,''),
(380,'Pau Serrano Ciratusa','','',42,0,''),
(381,'Paula de Lucas',NULL,NULL,27,0,NULL),
(382,'Paula Rello','','',87,0,''),
(383,'Paulino Iranzo',NULL,NULL,65,0,NULL),
(384,'Pedro Delgado Fernandez','','',87,0,''),
(385,'Pedro Jesús Tazón',NULL,NULL,60,0,NULL),
(386,'Pedro Martínez','','',36,0,''),
(387,'pepe','','pepe@pepe.com',3,0,''),
(388,'pepepepe','','',3,0,''),
(389,'Pilar Collado','','',39,0,''),
(390,'Pilar Matesanz',NULL,NULL,79,0,NULL),
(391,'Pilar Rodríguez',NULL,NULL,60,0,NULL),
(392,'Rachel Stevens',NULL,NULL,58,0,NULL),
(393,'Rafael Altava',NULL,NULL,24,0,NULL),
(394,'Rafael Camacho',NULL,NULL,75,0,NULL),
(395,'Rafael Fernández',NULL,NULL,65,0,NULL),
(396,'Rafael García',NULL,NULL,76,0,NULL),
(397,'Rafael Torregrosa',NULL,NULL,24,0,NULL),
(398,'Ramón Arribas','','',66,0,''),
(399,'Ramón García Maroto','','',16,0,''),
(400,'Raquel Frago',NULL,NULL,49,0,NULL),
(401,'Raquel Garrido','','',70,0,''),
(402,'Raúl Sánchez',NULL,NULL,27,0,NULL),
(403,'Remedios Torres',NULL,NULL,68,0,NULL),
(404,'Reyes García',NULL,NULL,31,0,NULL),
(405,'Ricardo Benito',NULL,NULL,79,0,NULL),
(406,'Ricardo J. Martínez','','',29,0,''),
(407,'Ricardo Santolaya','','',88,0,''),
(408,'Roberto Castro',NULL,NULL,35,0,NULL),
(409,'Roberto Iñigo',NULL,NULL,16,0,NULL),
(410,'Roberto Reina Vega','','',48,0,''),
(411,'Rocio Hermelo Martínez','','',71,0,''),
(412,'Rocio Santos',NULL,NULL,61,0,NULL),
(413,'Rodrigo González','','',48,0,''),
(414,'Roque Alonso','','',40,0,''),
(415,'Rosa Rubio','','',28,0,''),
(416,'Ruben Jurado Márquez','','',44,0,''),
(417,'Ruben Lopera',NULL,NULL,53,0,NULL),
(418,'Ruben Montero',NULL,NULL,48,0,NULL),
(419,'Sabina González',NULL,NULL,50,0,NULL),
(420,'Salvador Martí',NULL,NULL,67,0,NULL),
(421,'Sandra Gracia','','',42,0,''),
(422,'Sara Bellido',NULL,NULL,14,0,NULL),
(423,'Sara Lara','','',43,0,''),
(424,'Sara Montila','','',88,0,''),
(425,'Sara Montoya',NULL,NULL,35,0,NULL),
(426,'Sebastian González',NULL,NULL,7,0,NULL),
(427,'Sergio Casalins','','',66,0,''),
(428,'Sergio Colomé Jacinto','','',18,0,''),
(429,'Sergio García',NULL,NULL,76,0,NULL),
(430,'Sergio Martín',NULL,NULL,42,0,NULL),
(431,'Sergio Romeo','','',42,0,''),
(432,'Sergio Ruiz',NULL,NULL,22,0,NULL),
(433,'Sergio Tella','','',49,0,''),
(434,'Sheila Giménez','','',42,0,''),
(435,'Silvia León',NULL,NULL,81,0,NULL),
(436,'Silvia Perea','','',79,0,''),
(437,'Silvia Rodríguez',NULL,NULL,74,0,NULL),
(438,'Sofía Díaz','','',67,0,''),
(439,'Sonia Asensio',NULL,NULL,10,0,NULL),
(440,'Sonia Conejero',NULL,NULL,78,0,NULL),
(441,'Stefan Eggenschwiler','','',68,0,''),
(442,'Stina Sandquist',NULL,NULL,17,0,NULL),
(443,'Tamara Vidal','','',97,0,''),
(444,'Tomás Pérez Ayuso','','',88,0,''),
(445,'Toni Rios',NULL,NULL,13,0,NULL),
(446,'Ubaldo Delgado',NULL,NULL,10,0,NULL),
(447,'Valentín de la Mesa',NULL,NULL,24,0,NULL),
(448,'Vanessa Calpe',NULL,NULL,76,0,NULL),
(449,'Vanessa Hermoso',NULL,NULL,9,0,NULL),
(450,'Verónica Díez Gómez','','',60,0,''),
(451,'Verónica Fernández','','',80,0,''),
(452,'Verónica Ibañez',NULL,NULL,17,0,NULL),
(453,'Verónica Rodríguez',NULL,NULL,48,0,NULL),
(454,'Vicente Cambra',NULL,NULL,46,0,NULL),
(455,'Vicente Martín','','',4,0,''),
(456,'Vicente Micó Cánovas','','',78,0,''),
(457,'Vicente Villalba',NULL,NULL,43,0,NULL),
(458,'Victor García',NULL,NULL,53,0,NULL),
(459,'Virginia García','','',30,0,''),
(460,'Wladimiro','','',42,0,''),
(461,'Xavier López',NULL,NULL,67,0,NULL),
(462,'Yolanda Larena',NULL,NULL,58,0,NULL),
(463,'Yolanda Moreno',NULL,NULL,43,0,NULL),
(464,'Yolanda Torres',NULL,NULL,52,0,NULL),
(465,'Yulia Morugova','','',32,0,''),
(466,'Maria Jorge','','',2,0,''),
(467,'Carmen Gutiérrez','','',2,0,''),
(468,'Veronica Roda','','',87,0,''),
(469,'Elena Cardenal','','',4,0,''),
(470,'Natalia Peral','','',2,0,''),
(471,'Antonio Fernandez Ortiz','','',22,0,''),
(472,'Oscar Uceda','','',27,0,''),
(473,'Iván García Puebla','','',42,0,''),
(474,'Ainhoa de Frias','','',48,0,''),
(475,'Sonia García','','',48,0,''),
(476,'Jesus Perea','','',48,0,''),
(477,'Dolores Rosas','','',87,0,''),
(478,'Pablo Martínez','','',87,0,''),
(479,'Sara María Lara','','',43,0,''),
(480,'Fabian Santolaya','','',88,0,''),
(481,'David Calviño','','',35,0,''),
(482,'Yaiza Caballero Fernández','','',80,0,''),
(483,'Carlos Escribano','','',35,0,''),
(484,'Rosa Maria Cañadillas','','',35,0,''),
(485,'Arancha Ruipérez Moslares','','',35,0,''),
(486,'Rubén García','','',35,0,''),
(487,'Carlos Martínez S.','','',35,0,''),
(488,'Sandra Rodrigo','','',87,0,''),
(489,'Sonia Gil','','',16,0,''),
(490,'Beatriz Sánchez Casares','','',16,0,''),
(491,'Isabel Fernández','','',16,0,''),
(492,'Mari Carmen Martí Sanz','','',16,0,''),
(493,'Irene Escribano','','',22,0,''),
(494,'Cynthia Sánchez','','',22,0,''),
(496,'Irene Blanco','','',28,0,''),
(497,'Oscar López','','',28,0,''),
(498,'Virginia Pastor','','',28,0,''),
(499,'Ruben López','','',48,0,''),
(500,'Ana Belén Ondategui Casas','','',80,0,''),
(501,'Jose Luis de la Vara','','',16,0,''),
(502,'Yaiza','','',16,0,''),
(504,'Luis Miguel Jiménez','','',2,0,''),
(505,'Susana Martín','','',28,0,''),
(506,'Javier Perez','','',28,0,''),
(507,'Beatriz Gómez','','',30,0,''),
(508,'Rodrigo García-Vidal','','',37,0,''),
(509,'Pablo Parra','','',55,0,''),
(510,'Daniel Zamora','','',62,0,''),
(511,'Gregory Bielle-Bidalot','','',93,0,''),
(512,'Ludiwine Dabezies','','',93,0,''),
(513,'Alberto Pérez','','',80,0,''),
(514,'Rómulo Parrilla','','',35,0,''),
(515,'Javier González','','',35,0,''),
(516,'Rafael Arjona','','',9,0,''),
(517,'Nina Causevic','','',9,0,''),
(518,'Eli Brandsaeter','','',28,0,''),
(519,'Nicolas Alcaide','','',28,0,''),
(520,'Patricia Sevillano García','','',80,0,''),
(521,'Daniel Colás Avilés','','',80,0,''),
(522,'Marta Acero','','',75,0,''),
(523,'Jesús Fernández Crespo','','',55,0,''),
(524,'Susana Calvelo','','',16,0,''),
(525,'Laura','','',80,0,''),
(526,'Beatriz Menéndez González','','',80,0,''),
(527,'Miriam Villar','','',70,0,''),
(528,'Miguel Angel Manzaneda','','',2,0,''),
(529,'Mercedes Prieto','','',4,0,''),
(530,'Álvaro Muñiz','','',87,0,''),
(531,'Andres Morilla Sánchez','','',87,0,''),
(532,'Abraham Romera','','',7,0,''),
(533,'David Martínez','','',23,0,''),
(534,'Rola Gamarra','','',13,0,''),
(535,'Juan Carlos Vázquez','','',85,0,''),
(536,'Gloria Domínguez Meira','','',57,0,''),
(537,'Cristina Terrón','','',31,0,''),
(538,'Irene Cortés','','',57,0,''),
(539,'Yolanda García Sánchez','','',61,0,''),
(540,'Diego','','',85,0,''),
(541,'Antonio Pereiro','','',85,0,''),
(542,'José Manuel Montero','','',85,0,''),
(543,'Carlos Souto','','',85,0,''),
(544,'Clara Rodríguez','','',3,0,''),
(545,'Jaime Otero','','',3,0,''),
(546,'Jordi Marco Rey','','',71,0,''),
(547,'Carlos Collado','','',71,0,''),
(548,'Dori Moreno Morales','','',23,0,''),
(549,'Sergio Gamarra','','',63,0,''),
(550,'Alaitz Argüello','','',60,0,''),
(551,'Sara López','','',25,0,''),
(552,'Rafael García','','',28,0,''),
(553,'Lorenzo Buzón','','',61,0,''),
(554,'Rosa María Espinosa','','',62,0,''),
(555,'Ricardo de la Cruz','','',88,0,''),
(556,'Amaia Peña Gómez','','',88,0,''),
(557,'Miriam Fraile Gutiérrez','','',10,0,''),
(559,'Noelia Lobato','','',39,0,''),
(560,'Hur Ayo','','',36,0,''),
(561,'Izaskun Garitaonaindia','','',36,0,''),
(562,'Alfredo Tuset','','',7,0,''),
(563,'David Martinez','','',42,0,''),
(564,'Beatriz Cascón','','',42,0,''),
(565,'Rosana Cerón','','',42,0,''),
(566,'David Chinchilla','','',43,0,''),
(567,'Pablo Oria Tardío','','',60,0,''),
(568,'Mar López','','',42,0,''),
(569,'José Manuel Torres','','',56,0,''),
(570,'Loli Gil','','',49,0,''),
(571,'Sara Marques','','',67,0,''),
(572,'Manu García','','',36,0,''),
(573,'Adrian Ozaeta','','',36,0,''),
(574,'Carlos Cruz','','',7,0,''),
(575,'Carolina Cuadros','','',7,0,''),
(576,'Adrian Buil','','',42,0,''),
(577,'Inmaculada López','','',42,0,''),
(578,'Paki Vinuesa','','',60,0,''),
(579,'Ariadna Sieres','','',61,0,''),
(580,'Claudia Martínez','','',7,0,''),
(581,'Beatriz Virto','','',42,0,''),
(582,'Vanessa Navarro','','',23,0,''),
(583,'Pilar Sánchez','','',23,0,''),
(584,'Carolina Gaggero','','',3,0,''),
(585,'Julen Lázaro','','',36,0,''),
(586,'Domingo López','','',43,0,''),
(587,'Eduardo Font','','',42,0,''),
(588,'Esteban Conde','','',80,0,''),
(590,'Iris Menéndez Pevida','','',80,0,''),
(591,'Alfredo García','','',80,0,''),
(592,'Carmen Tuero Piñera','','',80,0,''),
(593,'Tito González','','',80,0,''),
(594,'Anabel Díaz','','',80,0,''),
(595,'Laura Serrano','','',80,0,''),
(596,'Montse Sirgo','','',80,0,''),
(597,'Enrique Alcaraz','','',80,0,''),
(598,'Vichy Leon','','',80,0,''),
(599,'Gemma González','','',80,0,''),
(600,'Victor Pérez','','',80,0,''),
(601,'José L. Prieto','','',80,0,''),
(602,'Azahara Boto','','',80,0,''),
(603,'Alejandro Goffin','','',80,0,''),
(604,'Rubén Fernández','','',80,0,''),
(606,'María de la Fuente','','',80,0,''),
(607,'Jose Luis Antuña','','',80,0,''),
(608,'Noelia Araujo','','',80,0,''),
(609,'Laura Capdevila','','',80,0,''),
(610,'Rebeca Otero','','',80,0,''),
(611,'Raúl Díez','','',96,0,''),
(612,'Sheyla Soto','','',96,0,''),
(613,'Cristina Alvarez','','',96,0,''),
(614,'Iván Pérez','','',31,0,''),
(615,'Félix Fernández','','',12,0,''),
(616,'Roberto Pardo','','',12,0,''),
(617,'Fernando Alvarez','','',25,0,''),
(618,'Jorge Ramos','','',85,0,''),
(619,'Juan Samperio','','',85,0,''),
(620,'Lucía Cayazzo','','',85,0,''),
(621,'Silvia Doce','','',85,0,''),
(622,'Gerardo Paleo','','',85,0,''),
(623,'Pilar Suárez','','',85,0,''),
(624,'Cristian Andrade','','',85,0,''),
(625,'Adriana Meco','','',85,0,''),
(626,'Mónica Alvarez','','',85,0,''),
(627,'Covadonga Otero','','',60,0,''),
(628,'Ruth Alvarez','','',60,0,''),
(629,'Jorge Hinojal','','',60,0,''),
(630,'Lina Fernández','','',60,0,''),
(631,'David Salmon','','',60,0,''),
(632,'Lourdes Gadiaga','','',36,0,''),
(633,'Almudena Ugarte','','',36,0,''),
(634,'Raúl García','','',36,0,''),
(635,'Unai Caballero','','',36,0,''),
(636,'Cristina Hodor','','',36,0,''),
(637,'Jose Julio Díez','','',36,0,''),
(638,'Mar García','','',36,0,''),
(639,'David Castaño','','',36,0,''),
(640,'Marta Barandiarán','','',36,0,''),
(641,'Asun Arteta','','',36,0,''),
(642,'Enrique González','','',36,0,''),
(643,'Vicente Marquinez','','',36,0,''),
(644,'Ana Arrieta','','',36,0,''),
(645,'Ander Vázquez','','',36,0,''),
(646,'Aintzane Gaztelu','','',36,0,''),
(647,'Rubén Martínez','','',36,0,''),
(648,'Maitane Arrola','','',36,0,''),
(649,'Itziar Usategui','','',36,0,''),
(650,'Arantza San Miguel','','',36,0,''),
(651,'Janire Bermejo','','',36,0,''),
(652,'Roberto Lopes','','',36,0,''),
(653,'Emilio Fernández','','',36,0,''),
(654,'Pablo Mosquera','','',25,0,''),
(655,'Rocío Fernández','','',25,0,''),
(656,'Agustín Ramos','','',46,0,''),
(657,'Nuria Morell Nadal','','',95,0,''),
(658,'Gaizka Bermejo','','',36,0,''),
(659,'Iker Antolín','','',36,0,''),
(660,'Vanessa Barreiro','','',36,0,''),
(661,'Rosa Blanco','','',36,0,''),
(662,'Andoni Villate','','',36,0,''),
(663,'Juan Carlos Lejarreta','','',36,0,''),
(664,'Isabel Salado','','',36,0,''),
(665,'Garazi Peña','','',36,0,''),
(666,'Dani Rodriguez','','',36,0,''),
(667,'Janire Pérez','','',36,0,''),
(668,'Joseba Gutierrez','','',36,0,''),
(669,'Jesús Arenaza','','',36,0,''),
(670,'Leire Altazubiaga','','',36,0,''),
(671,'Rafa Ramos','','',36,0,''),
(672,'Ibón Caballero','','',36,0,''),
(673,'Lucía Figaredo','','',80,0,''),
(674,'Laura López','','',80,0,''),
(675,'Angeles Martínez','','',80,0,''),
(676,'Héctor Carba','','',80,0,''),
(677,'Raquel Galarraga','','',38,0,''),
(678,'Irene Arellano','','',39,0,''),
(679,'Gorka Ochoa','','',6,0,''),
(680,'Marta Fernández','','',6,0,''),
(681,'Marco Álvarez','','',85,0,''),
(682,'Alba Montero','','',85,0,''),
(683,'Floriana de Zotti','','',57,0,''),
(684,'Francisco Rio','','',25,0,''),
(685,'Noa Taboas','','',71,0,''),
(686,'Sara Gutierrez','','',60,0,''),
(687,'Leire de la Nava','','',60,0,''),
(689,'Nathali Torre','','',60,0,''),
(690,'Miguel Abad','','',60,0,''),
(691,'Beatriz Barcina','','',60,0,''),
(692,'Sara García','','',60,0,''),
(693,'Guillermo Caso','','',60,0,''),
(694,'Belén Mambrilla','','',60,0,''),
(695,'Guadalupe González','','',60,0,''),
(696,'María de las Heras','','',60,0,''),
(697,'Lorena Terrón','','',31,0,''),
(698,'Inés Freire','','',31,0,''),
(699,'Mónica Mourelo','','',31,0,''),
(700,'Esther Torres','','',80,0,''),
(701,'Iván Izaguirre','','',80,0,''),
(702,'Mikel Martínez Torres','','',80,0,''),
(703,'Juan Carlos Franch','','',7,0,''),
(704,'Neus Vico','','',7,0,''),
(705,'David Gil','','',7,0,''),
(706,'Laura Barahona','','',7,0,''),
(707,'Oriol Navarro','','',7,0,''),
(708,'Mercé Redón','','',7,0,''),
(709,'Daniel Peris','','',7,0,''),
(710,'Alberto Esteban','','',8,0,''),
(711,'Ignacio Moya','','',8,0,''),
(712,'Julia Carroza','','',13,0,''),
(713,'Cesar de la Rica','','',13,0,''),
(714,'Estel Boix','','',13,0,''),
(715,'Tina Segovia','','',13,0,''),
(716,'Ramón Diago','','',18,0,''),
(717,'Nuria Dalmau','','',18,0,''),
(718,'Xavier Dalmau','','',18,0,''),
(719,'Ana Castejón','','',18,0,''),
(720,'Anna Nogues','','',18,0,''),
(721,'Miquel Gilabert','','',18,0,''),
(722,'Alfred Herrero','','',34,0,''),
(723,'Neus Padilla','','',34,0,''),
(724,'Jordi Cross','','',34,0,''),
(725,'Vanessa Cardona','','',52,0,''),
(726,'Francisco Hierro','','',53,0,''),
(727,'Artur Balart','','',53,0,''),
(728,'Palmira Jarque','','',53,0,''),
(729,'Jessica García','','',58,0,''),
(730,'Inmaculada García','','',58,0,''),
(731,'Judith Fernandez','','',67,0,''),
(732,'Manuel Pasadas','','',67,0,''),
(733,'Maria Luisa Molina','','',67,0,''),
(734,'Carles Guitart','','',74,0,''),
(735,'Roger Lidón','','',74,0,''),
(736,'José Medina','','',74,0,''),
(737,'Marta Luque','','',75,0,''),
(738,'Sensi Moreno','','',75,0,''),
(739,'Vanesa Martín Barroso','','',87,0,''),
(740,'Fernando Irún','','',2,0,''),
(741,'Pilar Neri','','',4,0,''),
(742,'Sandra Dorado','','',4,0,''),
(743,'Juan Antonio Guijorro','','',4,0,''),
(744,'Ruben García','','',4,0,''),
(745,'Manuel Garrido Fuentes','','',4,0,''),
(746,'Vanesa Frías Alemán','','',27,0,''),
(747,'Luis Montolió','','',33,0,''),
(748,'Sara González','','',37,0,''),
(749,'Elisabeth Romero','','',37,0,''),
(750,'Alicia de la Calle','','',37,0,''),
(751,'Maria Enedina','','',62,0,''),
(752,'Alejandro Torres','','',62,0,''),
(753,'Pablo Alvarez','','',75,0,''),
(754,'Juan Antonio Martínez','','',35,1,'');
/*!40000 ALTER TABLE `guias` ENABLE KEYS */;
UNLOCK TABLES;

--
-- Table structure for table `inscripciones`
--

DROP TABLE IF EXISTS `inscripciones`;
/*!40101 SET @saved_cs_client     = @@character_set_client */;
/*!40101 SET character_set_client = utf8 */;
CREATE TABLE `inscripciones` (
  `ID` int(4) NOT NULL AUTO_INCREMENT,
  `Prueba` int(4) NOT NULL DEFAULT '1',
  `Perro` int(4) NOT NULL,
  `Dorsal` int(4) NOT NULL DEFAULT '0',
  `Celo` tinyint(1) NOT NULL DEFAULT '0',
  `Observaciones` varchar(255) DEFAULT NULL,
  `Jornadas` int(4) NOT NULL DEFAULT '0',
  `Pagado` int(4) NOT NULL DEFAULT '24',
  PRIMARY KEY (`ID`),
  UNIQUE KEY `Inscripciones_PruebaPerro` (`Prueba`,`Perro`),
  KEY `Inscripciones_Perro` (`Perro`),
  KEY `Inscripciones_Prueba` (`Prueba`),
  KEY `Inscripciones_Dorsal` (`Dorsal`),
  CONSTRAINT `Inscripciones_ibfk_1` FOREIGN KEY (`Perro`) REFERENCES `perros` (`ID`),
  CONSTRAINT `Inscripciones_ibfk_2` FOREIGN KEY (`Prueba`) REFERENCES `pruebas` (`ID`) ON UPDATE CASCADE
) ENGINE=InnoDB AUTO_INCREMENT=24 DEFAULT CHARSET=utf8;
/*!40101 SET character_set_client = @saved_cs_client */;

--
-- Dumping data for table `inscripciones`
--

LOCK TABLES `inscripciones` WRITE;
/*!40000 ALTER TABLE `inscripciones` DISABLE KEYS */;
INSERT INTO `inscripciones` VALUES 
(1,2,633,1,0,'',7,0),
(2,2,644,2,0,'',7,0),
(3,2,585,3,0,'',7,0),
(4,2,390,4,0,'',7,0),
(5,2,389,5,0,'',7,0),
(6,2,391,6,1,'',7,0),
(7,2,66,7,0,'',7,0),
(8,2,9,8,0,'',7,0),
(9,2,417,9,0,'',7,0),
(10,2,589,10,0,'',7,0),
(11,2,397,11,1,'',7,0),
(12,2,8,12,0,'',7,0),
(13,2,414,13,0,'',7,0),
(14,2,45,14,0,'',7,0),
(15,2,413,15,1,'',7,0),
(16,2,692,16,0,'',7,0),
(17,2,350,17,0,'',7,0),
(18,2,351,18,0,'',7,0),
(19,2,609,19,0,'',7,0),
(20,2,84,20,0,'',7,0),
(21,2,52,21,0,'',7,0),
(22,2,156,22,0,'',7,0),
(23,2,556,23,0,'',7,0);
/*!40000 ALTER TABLE `inscripciones` ENABLE KEYS */;
UNLOCK TABLES;
/*!50003 SET @saved_cs_client      = @@character_set_client */ ;
/*!50003 SET @saved_cs_results     = @@character_set_results */ ;
/*!50003 SET @saved_col_connection = @@collation_connection */ ;
/*!50003 SET character_set_client  = latin1 */ ;
/*!50003 SET character_set_results = latin1 */ ;
/*!50003 SET collation_connection  = latin1_swedish_ci */ ;
/*!50003 SET @saved_sql_mode       = @@sql_mode */ ;
/*!50003 SET sql_mode              = '' */ ;
DELIMITER ;;
/*!50003 CREATE*/ /*!50017 DEFINER=`agility_admin`@`localhost`*/ /*!50003 TRIGGER `Increase_Dorsal` BEFORE INSERT ON `inscripciones`
		FOR EACH ROW BEGIN
			select count(*) into @rows from inscripciones where Prueba = NEW.Prueba;
			if @rows>0 then
				select Dorsal + 1 into @newDorsal from inscripciones where Prueba = NEW.Prueba order by Dorsal desc limit 1;
				set NEW.Dorsal = @newDorsal;
			else
				set NEW.Dorsal = 1;
			end if;
		END */;;
DELIMITER ;
/*!50003 SET sql_mode              = @saved_sql_mode */ ;
/*!50003 SET character_set_client  = @saved_cs_client */ ;
/*!50003 SET character_set_results = @saved_cs_results */ ;
/*!50003 SET collation_connection  = @saved_col_connection */ ;

--
-- Table structure for table `jornadas`
--

DROP TABLE IF EXISTS `jornadas`;
/*!40101 SET @saved_cs_client     = @@character_set_client */;
/*!40101 SET character_set_client = utf8 */;
CREATE TABLE `jornadas` (
  `ID` int(4) NOT NULL AUTO_INCREMENT,
  `Prueba` int(4) NOT NULL DEFAULT '1',
  `Numero` int(4) NOT NULL,
  `SlaveOf` int(4) NOT NULL DEFAULT '0',
  `Extra` int(4) NOT NULL DEFAULT '0',
  `Nombre` varchar(255) NOT NULL,
  `Fecha` date NOT NULL,
  `Hora` time NOT NULL,
  `Grado1` tinyint(1) NOT NULL DEFAULT '1',
  `Grado2` tinyint(1) NOT NULL DEFAULT '1',
  `Grado3` tinyint(1) NOT NULL DEFAULT '1',
  `Open` tinyint(1) NOT NULL DEFAULT '0',
  `Equipos3` tinyint(1) NOT NULL DEFAULT '0',
  `Equipos4` tinyint(1) NOT NULL DEFAULT '0',
  `PreAgility` tinyint(1) NOT NULL DEFAULT '1',
  `KO` tinyint(1) NOT NULL DEFAULT '0',
  `Especial` tinyint(1) NOT NULL DEFAULT '0',
  `PreAgility2` tinyint(1) NOT NULL DEFAULT '0',
  `Cerrada` tinyint(1) NOT NULL DEFAULT '0',
  `Observaciones` varchar(255) NOT NULL DEFAULT '',
  `Orden_Tandas` text NOT NULL,
  `Orden_Equipos` text NOT NULL,
  PRIMARY KEY (`ID`),
  KEY `Jornadas_Prueba` (`Prueba`),
  CONSTRAINT `Jornadas_ibfk_1` FOREIGN KEY (`Prueba`) REFERENCES `pruebas` (`ID`) ON DELETE CASCADE ON UPDATE CASCADE
) ENGINE=InnoDB AUTO_INCREMENT=17 DEFAULT CHARSET=utf8;
/*!40101 SET character_set_client = @saved_cs_client */;

--
-- Dumping data for table `jornadas`
--

LOCK TABLES `jornadas` WRITE;
/*!40000 ALTER TABLE `jornadas` DISABLE KEYS */;
INSERT INTO `jornadas` VALUES 
(1,1,1,0,0,'-- Sin asignar --','2013-01-01','00:00:00',0,0,0,0,0,0,0,0,0,0,1,'(sin especificar)','BEGIN,END','BEGIN,END'),
(2,1,2,0,0,'-- Sin asignar --','2013-01-01','00:00:00',0,0,0,0,0,0,0,0,0,0,1,'(sin especificar)','BEGIN,END','BEGIN,END'),
(3,1,3,0,0,'-- Sin asignar --','2013-01-01','00:00:00',0,0,0,0,0,0,0,0,0,0,1,'(sin especificar)','BEGIN,END','BEGIN,END'),
(4,1,4,0,0,'-- Sin asignar --','2013-01-01','00:00:00',0,0,0,0,0,0,0,0,0,0,1,'(sin especificar)','BEGIN,END','BEGIN,END'),
(5,1,5,0,0,'-- Sin asignar --','2013-01-01','00:00:00',0,0,0,0,0,0,0,0,0,0,1,'(sin especificar)','BEGIN,END','BEGIN,END'),
(6,1,6,0,0,'-- Sin asignar --','2013-01-01','00:00:00',0,0,0,0,0,0,0,0,0,0,1,'(sin especificar)','BEGIN,END','BEGIN,END'),
(7,1,7,0,0,'-- Sin asignar --','2013-01-01','00:00:00',0,0,0,0,0,0,0,0,0,0,1,'(sin especificar)','BEGIN,END','BEGIN,END'),
(8,1,8,0,0,'-- Sin asignar --','2013-01-01','00:00:00',0,0,0,0,0,0,0,0,0,0,1,'(sin especificar)','BEGIN,END','BEGIN,END'),
(9,2,1,0,0,'Especial equipos','2013-01-01','00:00:00',0,0,0,0,1,0,0,0,0,0,0,'(sin especificar)','',''),
(10,2,2,0,0,'Sabado','2013-01-01','00:00:00',1,1,1,0,0,0,0,0,0,0,0,'(sin especificar)','',''),
(11,2,3,0,0,'Domingo','2013-01-01','00:00:00',1,1,1,0,0,0,1,0,0,0,0,'(sin especificar)','',''),
(12,2,4,0,0,'-- Sin asignar --','2013-01-01','00:00:00',1,1,1,0,0,0,1,0,0,0,0,'','',''),
(13,2,5,0,0,'-- Sin asignar --','2013-01-01','00:00:00',1,1,1,0,0,0,1,0,0,0,0,'','',''),
(14,2,6,0,0,'-- Sin asignar --','2013-01-01','00:00:00',1,1,1,0,0,0,1,0,0,0,0,'','',''),
(15,2,7,0,0,'-- Sin asignar --','2013-01-01','00:00:00',1,1,1,0,0,0,1,0,0,0,0,'','',''),
(16,2,8,0,0,'-- Sin asignar --','2013-01-01','00:00:00',1,1,1,0,0,0,1,0,0,0,0,'','','');
/*!40000 ALTER TABLE `jornadas` ENABLE KEYS */;
UNLOCK TABLES;

--
-- Table structure for table `jueces`
--

DROP TABLE IF EXISTS `jueces`;
/*!40101 SET @saved_cs_client     = @@character_set_client */;
/*!40101 SET character_set_client = utf8 */;
CREATE TABLE `jueces` (
  `ID` int(4) NOT NULL AUTO_INCREMENT,
  `Nombre` varchar(255) NOT NULL,
  `Direccion1` varchar(255) DEFAULT NULL,
  `Direccion2` varchar(255) DEFAULT NULL,
  `Telefono` varchar(32) DEFAULT NULL,
  `Internacional` tinyint(1) NOT NULL DEFAULT '0',
  `Practicas` tinyint(1) NOT NULL DEFAULT '0',
  `Email` varchar(255) DEFAULT NULL,
  `Federations` int(4) NOT NULL DEFAULT '1',
  `Observaciones` varchar(255) DEFAULT NULL,
  PRIMARY KEY (`ID`),
  UNIQUE KEY `Jueces_Nombre` (`Nombre`)
) ENGINE=InnoDB AUTO_INCREMENT=25 DEFAULT CHARSET=utf8;
/*!40101 SET character_set_client = @saved_cs_client */;

--
-- Dumping data for table `jueces`
--

LOCK TABLES `jueces` WRITE;
/*!40000 ALTER TABLE `jueces` DISABLE KEYS */;
INSERT INTO `jueces` VALUES 
(1,'-- Sin asignar --','--------','--------','--------',1,1,'nobody@nomail.com',7,'NO BORRAR: Asignacion de juez por defecto'),
(2,'Beltrán Bustamante, Ana','Camí del Camp, 23','03460 Beneixama (Alicante)','639 67 86 09',0,0,'sadda\\_874@hotmail.com',1,''),
(3,'Boix Balaguer, Josep','Sant Pere, 10','08392 San Andreu de Llavaneres (Barcelona)',' 93 792 76 55',1,0,'josep@agilitycanic.cat',1,NULL),
(4,'Conde Delgado, Gregorio',NULL,NULL,' 93 389 35 83 / 619 39 39 28',1,0,'gconde@xtec.cat',1,NULL),
(5,'Correa Arqueros, Mariano','Avda. de Moratalaz, 178, 2º A','28030 Madrid',' 91 301 47 58',1,0,'mariano.correa@nsn.com',1,NULL),
(6,'Diez Pérez, Esteban','Ocaña, 104, Bajo','28047 Madrid','91 465 50 05',1,0,'estebanagility@gmail.com',1,NULL),
(7,'Escalera Salamanca, Javier de la','Avda. de San Luis, 95, 2º D','28033 Madrid','91 767 07 45 / 607 43 34 13',1,0,'javierdelae@gmail.com',1,NULL),
(8,'Felix Fuentes, José','Vinaroz, 19','18100 Armilla (Granada)','958 55 05 74 / 617 93 54 32',0,0,NULL,1,NULL),
(9,'García Alvarez, José Luis','Río Navia, 2','12006 Castellón','629 07 06 75',1,0,'zampican@yahoo.es',1,NULL),
(10,'García Rudilla, Juan','Rulda, 12','03400 Villena (Alicante)',' 96 580 30 63 / 652 83 08 85',1,0,NULL,1,NULL),
(11,'Garrido Fuentes, Manuel','Paseo de los Olivos, 10','28330 San Martín de la Vega (Madrid)',' 91 894 60 96',1,0,'mgfcom@telefonica.net',1,NULL),
(12,'Gil Solis, Esperanza','Paseo de los Olivos, 10','28330 San Martín de la Vega (Madrid)',' 91 894 60 96',1,0,'agilcan@telefonica.net',1,NULL),
(13,'Guerra Guerra, Juan Pedro','Mariano Martín, 9','10161 Arroyomolinos (Cáceres)',' 927 28 82 56',1,0,'jaracar@ono.com',1,NULL),
(14,'Humanes Almonte, Miguel Angel','Zamora, 23, 3º C','28941 Fuenlabrada (Madrid)','607 70 55 75',1,0,'agilblack@hotmail.com',1,NULL),
(15,'Lanzó, Juan Antonio','Recinto Ferial, 2, 4º A','36540 Silleda (Pontevedra)',' 629 50 71 76 / 986 57 70 00',1,0,'tonylanzo@gmail.com',1,NULL),
(16,'Linares García, José Manuel','Carril de los Córdobas, 2','30161 Llano de Brujas (Murcia)','968 85 12 60 / 696 75 07 67',0,1,'jomaliga1@gmail.com',1,NULL),
(17,'Muñiz Martínez, Oscar','León Felipe, 31, 4º, 1ª','28942 Fuenlabrada (Madrid)','665 79 86 49',1,0,'agilityzeus@gmail.com',1,''),
(18,'Navarro Costas, Jordi','Santiago Rusiñol, 90','08340 Vilassar de Mar (Barcelona)','93 759 70 54 / 609 30 97 10',1,0,'jordinuc@telefonica.net',1,NULL),
(19,'Parejo Carregalo, Manuel','Ctra. Valle de Abdalajis, Km. 1,7','29260 La Joya (Málaga)','95 270 26 04',0,1,'losparejos@hotmail.com',1,NULL),
(20,'Pineda Puig, Josep Mª','Sant Ramón, 69, B-3','08140 Caldes de Montbui (Barcelona)','93 865 46 16 / 678 43 36 45',0,0,'pepagility@movistar.es',1,NULL),
(21,'Poble Rosas, Ramón','Jaume I, 18','08140 Caldes de Montbui (Barcelona)','93 865 20 32',1,0,'pobleramon@gmail.com',1,NULL),
(22,'Rodríguez Matesanz, Mario','Plaza del Peñón, 10','28923 Alcorcón (Madrid)',' 91 619 52 79',1,0,'gwelpe@terra.es',1,NULL),
(23,'Santome González, Manuel','Fonte da Tella, 133 - A - Moureira - Meira','36955 Moaña (Pontevedra)','986 31 27 77 / 607 83 20 53',0,0,'lolosantome@gmail.com',1,''),
(24,'Ulldemolins Santisteve, Albert','Llorer, 28, Casa 4','08415 Bigues I Riells (Barcelona)',' 93 865 89 64 / 636 96 33 77',0,1,'albert23m@hotmail.com',1,NULL);
/*!40000 ALTER TABLE `jueces` ENABLE KEYS */;
UNLOCK TABLES;

--
-- Table structure for table `mangas`
--

DROP TABLE IF EXISTS `mangas`;
/*!40101 SET @saved_cs_client     = @@character_set_client */;
/*!40101 SET character_set_client = utf8 */;
CREATE TABLE `mangas` (
  `ID` int(4) NOT NULL AUTO_INCREMENT,
  `Jornada` int(4) NOT NULL,
  `Tipo` int(4) NOT NULL DEFAULT '1',
  `Grado` varchar(16) NOT NULL DEFAULT '-',
  `Recorrido` int(4) NOT NULL DEFAULT '0',
  `Dist_L` int(4) NOT NULL DEFAULT '0',
  `Obst_L` int(4) NOT NULL DEFAULT '0',
  `Dist_M` int(4) NOT NULL DEFAULT '0',
  `Obst_M` int(4) NOT NULL DEFAULT '0',
  `Dist_S` int(4) NOT NULL DEFAULT '0',
  `Obst_S` int(4) NOT NULL DEFAULT '0',
  `Dist_T` int(4) NOT NULL DEFAULT '0',
  `Obst_T` int(4) NOT NULL DEFAULT '0',
  `TRS_L_Tipo` int(4) NOT NULL DEFAULT '0',
  `TRS_L_Factor` int(4) NOT NULL DEFAULT '0',
  `TRS_L_Unit` varchar(1) NOT NULL DEFAULT 's',
  `TRM_L_Tipo` int(4) NOT NULL DEFAULT '1',
  `TRM_L_Factor` int(4) NOT NULL DEFAULT '50',
  `TRM_L_Unit` varchar(1) NOT NULL DEFAULT '%',
  `TRS_M_Tipo` int(4) NOT NULL DEFAULT '0',
  `TRS_M_Factor` int(4) NOT NULL DEFAULT '0',
  `TRS_M_Unit` varchar(1) NOT NULL DEFAULT 's',
  `TRM_M_Tipo` int(4) NOT NULL DEFAULT '1',
  `TRM_M_Factor` int(4) NOT NULL DEFAULT '50',
  `TRM_M_Unit` varchar(1) NOT NULL DEFAULT '%',
  `TRS_S_Tipo` int(4) NOT NULL DEFAULT '0',
  `TRS_S_Factor` int(4) NOT NULL DEFAULT '0',
  `TRS_S_Unit` varchar(1) NOT NULL DEFAULT 's',
  `TRM_S_Tipo` int(4) NOT NULL DEFAULT '1',
  `TRM_S_Factor` int(4) NOT NULL DEFAULT '50',
  `TRM_S_Unit` varchar(1) NOT NULL DEFAULT '%',
  `TRS_T_Tipo` int(4) NOT NULL DEFAULT '0',
  `TRS_T_Factor` int(4) NOT NULL DEFAULT '0',
  `TRS_T_Unit` varchar(1) NOT NULL DEFAULT 's',
  `TRM_T_Tipo` int(4) NOT NULL DEFAULT '1',
  `TRM_T_Factor` int(4) NOT NULL DEFAULT '50',
  `TRM_T_Unit` varchar(1) NOT NULL DEFAULT '%',
  `Juez1` int(4) NOT NULL DEFAULT '1',
  `Juez2` int(4) NOT NULL DEFAULT '1',
  `Observaciones` varchar(255) DEFAULT NULL,
  `Orden_Salida` text NOT NULL,
  PRIMARY KEY (`ID`),
  KEY `Mangas_Tipo` (`Tipo`),
  KEY `Mangas_Grado` (`Grado`),
  KEY `Mangas_Juez1` (`Juez1`),
  KEY `Mangas_Juez2` (`Juez2`),
  KEY `Mangas_Jornada` (`Jornada`),
  CONSTRAINT `Mangas_ibfk_1` FOREIGN KEY (`Tipo`) REFERENCES `tipo_manga` (`ID`) ON UPDATE CASCADE,
  CONSTRAINT `Mangas_ibfk_2` FOREIGN KEY (`Grado`) REFERENCES `grados_perro` (`Grado`) ON DELETE CASCADE ON UPDATE CASCADE,
  CONSTRAINT `Mangas_ibfk_3` FOREIGN KEY (`Juez1`) REFERENCES `jueces` (`ID`) ON UPDATE CASCADE,
  CONSTRAINT `Mangas_ibfk_4` FOREIGN KEY (`Juez2`) REFERENCES `jueces` (`ID`) ON UPDATE CASCADE,
  CONSTRAINT `Mangas_ibfk_5` FOREIGN KEY (`Jornada`) REFERENCES `jornadas` (`ID`) ON DELETE CASCADE ON UPDATE CASCADE
) ENGINE=InnoDB AUTO_INCREMENT=16 DEFAULT CHARSET=utf8;
/*!40101 SET character_set_client = @saved_cs_client */;

--
-- Dumping data for table `mangas`
--

LOCK TABLES `mangas` WRITE;
/*!40000 ALTER TABLE `mangas` DISABLE KEYS */;
INSERT INTO `mangas` VALUES 
(1,9,8,'-',1,150,21,150,21,150,21,0,0,0,36,'s',1,50,'%',3,2,'s',1,50,'%',4,0,'s',1,50,'%',0,0,'s',0,0,'s',1,1,'','BEGIN,414,585,633,45,644,66,8,390,389,589,692,9,417,350,351,609,84,52,156,391,397,413,556,END'),
(2,9,13,'-',1,0,0,0,0,0,0,0,0,0,0,'s',1,50,'%',0,0,'s',1,50,'%',0,0,'s',1,50,'%',0,0,'s',1,50,'%',1,1,'','BEGIN,633,644,585,390,389,66,9,417,589,8,414,45,692,350,351,609,84,52,156,391,397,413,556,END'),
(3,10,3,'GI',0,0,0,0,0,0,0,0,0,0,0,'s',1,50,'%',0,0,'s',1,50,'%',0,0,'s',1,50,'%',0,0,'s',1,50,'%',1,1,'','BEGIN,633,644,692,556,END'),
(4,10,4,'GI',0,0,0,0,0,0,0,0,0,0,0,'s',1,50,'%',0,0,'s',1,50,'%',0,0,'s',1,50,'%',0,0,'s',1,50,'%',1,1,'','BEGIN,633,644,692,556,END'),
(5,10,5,'GII',0,0,0,0,0,0,0,0,0,0,0,'s',1,50,'%',0,0,'s',1,50,'%',0,0,'s',1,50,'%',0,0,'s',1,50,'%',1,1,'','BEGIN,585,390,389,66,589,8,414,351,609,84,52,156,391,397,413,END'),
(6,10,10,'GII',0,0,0,0,0,0,0,0,0,0,0,'s',1,50,'%',0,0,'s',1,50,'%',0,0,'s',1,50,'%',0,0,'s',1,50,'%',1,1,'','BEGIN,585,390,389,66,589,8,414,351,609,84,52,156,391,397,413,END'),
(7,10,6,'GIII',0,0,0,0,0,0,0,0,0,0,0,'s',1,50,'%',0,0,'s',1,50,'%',0,0,'s',1,50,'%',0,0,'s',1,50,'%',1,1,'','BEGIN,9,417,45,350,END'),
(8,10,11,'GIII',0,0,0,0,0,0,0,0,0,0,0,'s',1,50,'%',0,0,'s',1,50,'%',0,0,'s',1,50,'%',0,0,'s',1,50,'%',1,1,'','BEGIN,9,417,45,350,END'),
(9,11,1,'P.A.',0,0,0,0,0,0,0,0,0,0,0,'s',1,50,'%',0,0,'s',1,50,'%',0,0,'s',1,50,'%',0,0,'s',1,50,'%',1,1,'','BEGIN,END'),
(10,11,3,'GI',0,0,0,0,0,0,0,0,0,0,0,'s',1,50,'%',0,0,'s',1,50,'%',0,0,'s',1,50,'%',0,0,'s',1,50,'%',1,1,'','BEGIN,633,644,692,556,END'),
(11,11,4,'GI',0,0,0,0,0,0,0,0,0,0,0,'s',1,50,'%',0,0,'s',1,50,'%',0,0,'s',1,50,'%',0,0,'s',1,50,'%',1,1,'','BEGIN,633,644,692,556,END'),
(12,11,5,'GII',0,0,0,0,0,0,0,0,0,0,0,'s',1,50,'%',0,0,'s',1,50,'%',0,0,'s',1,50,'%',0,0,'s',1,50,'%',1,1,'','BEGIN,585,390,389,66,589,8,414,351,609,84,52,156,391,397,413,END'),
(13,11,10,'GII',0,0,0,0,0,0,0,0,0,0,0,'s',1,50,'%',0,0,'s',1,50,'%',0,0,'s',1,50,'%',0,0,'s',1,50,'%',1,1,'','BEGIN,585,390,389,66,589,8,414,351,609,84,52,156,391,397,413,END'),
(14,11,6,'GIII',0,0,0,0,0,0,0,0,0,0,0,'s',1,50,'%',0,0,'s',1,50,'%',0,0,'s',1,50,'%',0,0,'s',1,50,'%',1,1,'','BEGIN,9,417,45,350,END'),
(15,11,11,'GIII',0,0,0,0,0,0,0,0,0,0,0,'s',1,50,'%',0,0,'s',1,50,'%',0,0,'s',1,50,'%',0,0,'s',1,50,'%',1,1,'','BEGIN,9,417,45,350,END');
/*!40000 ALTER TABLE `mangas` ENABLE KEYS */;
UNLOCK TABLES;

--
-- Temporary table structure for view `perroguiaclub`
--

DROP TABLE IF EXISTS `perroguiaclub`;
/*!50001 DROP VIEW IF EXISTS `perroguiaclub`*/;
SET @saved_cs_client     = @@character_set_client;
SET character_set_client = utf8;
/*!50001 CREATE TABLE `perroguiaclub` (
  `ID` tinyint NOT NULL,
  `Federation` tinyint NOT NULL,
  `Nombre` tinyint NOT NULL,
  `Raza` tinyint NOT NULL,
  `Licencia` tinyint NOT NULL,
  `LOE_RRC` tinyint NOT NULL,
  `Categoria` tinyint NOT NULL,
  `NombreCategoria` tinyint NOT NULL,
  `Grado` tinyint NOT NULL,
  `NombreGrado` tinyint NOT NULL,
  `Guia` tinyint NOT NULL,
  `NombreGuia` tinyint NOT NULL,
  `Club` tinyint NOT NULL,
  `NombreClub` tinyint NOT NULL,
  `LogoClub` tinyint NOT NULL
) ENGINE=MyISAM */;
SET character_set_client = @saved_cs_client;

--
-- Table structure for table `perros`
--

DROP TABLE IF EXISTS `perros`;
/*!40101 SET @saved_cs_client     = @@character_set_client */;
/*!40101 SET character_set_client = utf8 */;
CREATE TABLE `perros` (
  `ID` int(4) NOT NULL AUTO_INCREMENT,
  `Nombre` varchar(255) NOT NULL,
  `Raza` varchar(255) DEFAULT NULL,
  `LOE_RRC` varchar(255) DEFAULT NULL,
  `Licencia` varchar(255) DEFAULT '--------',
  `Categoria` varchar(1) NOT NULL DEFAULT '-',
  `Guia` int(4) NOT NULL DEFAULT '1',
  `Federation` tinyint(1) NOT NULL DEFAULT '0',
  `Grado` varchar(16) DEFAULT '-',
  PRIMARY KEY (`ID`),
  KEY `Perros_GuiaNombre` (`Guia`),
  KEY `Perros_Categoria` (`Categoria`),
  KEY `Perros_Grado` (`Grado`),
  CONSTRAINT `Perros_ibfk_1` FOREIGN KEY (`Categoria`) REFERENCES `categorias_perro` (`Categoria`) ON UPDATE CASCADE,
  CONSTRAINT `Perros_ibfk_2` FOREIGN KEY (`Grado`) REFERENCES `grados_perro` (`Grado`) ON UPDATE CASCADE,
  CONSTRAINT `Perros_ibfk_3` FOREIGN KEY (`Guia`) REFERENCES `guias` (`ID`) ON UPDATE CASCADE
) ENGINE=InnoDB AUTO_INCREMENT=997 DEFAULT CHARSET=utf8;
/*!40101 SET character_set_client = @saved_cs_client */;

--
-- Dumping data for table `perros`
--

LOCK TABLES `perros` WRITE;
/*!40000 ALTER TABLE `perros` DISABLE KEYS */;
INSERT INTO `perros` VALUES 
(2,'Yuma','P.B.Malinoise','1936256','A330','L',281,0,'GIII'),
(3,'Hannibal Lecter XIII','Border Collie','1764520','A090','L',444,0,'GIII'),
(4,'Ardi','','79097','729','L',379,0,'-'),
(5,'William',NULL,'1667920','920','L',215,0,'-'),
(6,'Xonny',NULL,'1317156','622','L',92,0,'-'),
(7,'Indiana Jones','','1720531','987','L',273,0,'GIII'),
(8,'Thelma','Border Collie','1515702','824','L',480,0,'GII'),
(9,'Boss','','1528991','797','L',374,0,'GIII'),
(10,'Lee','Border Collie','95245','A084','L',59,0,'GIII'),
(11,'Chinouk',NULL,'1390419','724','L',345,0,'-'),
(12,'Angie',NULL,'1370168','691','L',59,0,'-'),
(13,'Burundi','Perro de Aguas Español','1874262','A310','L',130,0,'GIII'),
(14,'Piter','','110594','A360','L',104,0,'GIII'),
(15,'Napa','','1975832','A401','L',228,0,'GIII'),
(16,'Gon','Border Collie','1725855','A024','L',323,0,'GII'),
(17,'Valerie','','1467667','786','L',318,0,'GIII'),
(18,'Woman','Border Collie','1866186','A206','L',209,0,'GIII'),
(19,'Baloo',NULL,'86974','991','L',389,0,'-'),
(20,'Piter Winers',NULL,'100338','A188','L',240,0,'-'),
(21,'Lula',NULL,'1891977','A344','L',49,0,'-'),
(22,'Karen',NULL,'1970258','A427','L',32,0,'-'),
(23,'Runa','Border Collie','112361','A347','L',26,0,'GIII'),
(24,'Chiruca','Border Collie','1635759','986','L',57,0,'GII'),
(25,'Moss','Border Collie','113891','A391','L',409,0,'GIII'),
(26,'Nena',NULL,'1521753','930','L',289,0,'-'),
(27,'Deby','BorderCollie','101610','A147','L',92,0,'GIII'),
(28,'Noah','Border Collie','1887262','A268','L',457,0,'GIII'),
(29,'Sil',NULL,'1831356','A150','L',323,0,'-'),
(30,'Furia','','1554907','892','L',369,0,'GIII'),
(31,'Mc Coy','Border Collie','1905162','A322','L',87,0,'GIII'),
(32,'Argi','Border Collie','110120','A241','L',319,0,'GIII'),
(33,'Lua',NULL,'118441','A327','L',249,0,'-'),
(34,'Zoe','Border Collie','109748','A289','L',337,0,'GIII'),
(35,'Juice','','117997','A387','L',75,0,'GIII'),
(36,'Vega',NULL,'1552296','855','L',32,0,'-'),
(37,'Idris',NULL,'83909','880','L',359,0,'-'),
(38,'Izar',NULL,'1596718','851','L',166,0,'-'),
(39,'Pica','Perro de Aguas Español','104103','A091','L',16,0,'GIII'),
(40,'Nana','Border Collie','1780849','A073','L',241,0,'GIII'),
(41,'Tara',NULL,'No tiene','1466','L',375,0,'-'),
(42,'Finn','','2074557','A596','L',392,0,'GIII'),
(43,'Rocky','','1796496','A355','L',69,0,'GIII'),
(44,'Neil','Flat Coated Retriever','122117','A417','L',192,0,'-'),
(45,'Asia','Border Collie','1958017','A364','L',245,0,'GIII'),
(46,'Xodro','BorderCollie','1959124','A371','L',80,0,'GIII'),
(47,'Bec',NULL,'87712','979','L',250,0,'-'),
(48,'Bely',NULL,'1370171','692','L',168,0,'-'),
(49,'Laia','Border Collie','1594320','921','L',195,0,'GIII'),
(50,'Bamba','','1887258','A242','L',41,0,'GII'),
(51,'Akane','Euskal A Txakurra','101429','A249','L',176,0,'GIII'),
(52,'Mister','Border Collie','99971','A250','L',486,0,'GII'),
(53,'Spyro',NULL,'89457','A155','L',49,0,'-'),
(54,'Becho',NULL,'1831350','A203','L',22,0,'-'),
(55,'Luna',NULL,'1798021','A163','L',456,0,'-'),
(56,'Buh','','1929147','A297','L',389,0,'GIII'),
(57,'Aby','Border Collie','105806','A204','L',410,0,'GIII'),
(58,'Yuma','Border Collie','113067','A385','L',307,0,'GIII'),
(59,'Zak',NULL,'1831579','A160','L',378,0,'-'),
(60,'Tanga','Border Collie','119678','A366','L',425,0,'GIII'),
(61,'Viconte','Mudi','1561797','813','L',313,0,'GII'),
(62,'Dela','P.B. Malinoise','2028765','A377','L',311,0,'GIII'),
(63,'Brus',NULL,'1763613','A140','L',117,0,'-'),
(64,'King','','1520008','856','L',353,0,'GIII'),
(65,'Brujostel','Border Collie','1717447','A231','L',465,0,'GIII'),
(66,'Kora','P.B.Malinoise','111627','A332','L',384,0,'GII'),
(67,'Rubia',NULL,'127474','A481','L',312,0,'-'),
(68,'Fito','Borde Collie','127473','A529','L',312,0,'GIII'),
(69,'Visente',NULL,'116863','A359','L',383,0,'-'),
(70,'Maia',NULL,'1780846','A132','L',66,0,'-'),
(71,'Mecha','P.B.Malinoise','129549','A558','L',234,0,'GIII'),
(72,'Ari',NULL,'1893230','A301','L',54,0,'-'),
(73,'Aslan','Border Collie','1970223','A457','L',182,0,'GIII'),
(74,'Mambo','','1392048','753','L',126,0,'GIII'),
(75,'Nut','Sabueso Anglo-Francés','120681','A430','L',354,0,'GII'),
(76,'Xena',NULL,'1570666','A118','L',252,0,'-'),
(77,'Fiona',NULL,'2010068','A491','L',393,0,'-'),
(78,'Winner','Border Collie','127815','A497','L',407,0,'GIII'),
(79,'Jade','Euskal A Txakurra','','','L',484,0,'GI'),
(80,'Dasher','','2000291','A411','L',273,0,'GIII'),
(81,'Gaston','Border Collie','1717449','A340','L',168,0,'GII'),
(82,'Pipo',NULL,'118271','A458','L',395,0,'-'),
(83,'Grey','Border Collie','1717450','A066','L',64,0,'GIII'),
(84,'Maty','Border Collie','1964043','A333','L',99,0,'GII'),
(85,'Dylan','Border Collie','127444','A461','L',199,0,'GIII'),
(86,'Magia',NULL,'1753228','A104','L',89,0,'-'),
(87,'Lia',NULL,'1842317','A389','L',435,0,'-'),
(88,'Coma','Pastor Blanco Suizo','1957039','A538','L',120,0,'GIII'),
(89,'Isis','','1443353','838','L',33,0,'GIII'),
(90,'Otto',NULL,'91641','A070','L',396,0,'-'),
(91,'Nana','Border Collie','1781905','A225','L',143,0,'GIII'),
(92,'Assucar','Border Collie','1594318','992','L',269,0,'GII'),
(93,'Fantastico',NULL,'109814','A218','L',380,0,'-'),
(94,'Panda','Border Collie','1936233','A474','L',298,0,'GII'),
(95,'Raissa','American Stanford','131570','A563','L',205,0,'GII'),
(96,'Nuka',NULL,'127265','A486','L',27,0,'-'),
(97,'Halcon','Border Collie','126805','A482','L',83,0,'GIII'),
(98,'California','','1967653','A414','L',228,0,'GII'),
(99,'Astra',NULL,'1551831','783','L',22,0,'-'),
(100,'Fito','Border Collie','1980971','A490','L',435,0,'GIII'),
(101,'Magic-Black','Border Collie','101184','A318','L',401,0,'GIII'),
(102,'Blacky',NULL,'No tiene','1493','L',330,0,'-'),
(103,'Red Magic','Border Collie','1834052','A124','L',131,0,'GII'),
(104,'Beauty','','120728','A452','L',380,0,'GIII'),
(105,'Savannah',NULL,'1627377','833','L',38,0,'-'),
(106,'Ra','P.B. Malinoise','2009048','A494','L',323,0,'GII'),
(107,'Flay','Border Collie','123186','A418','L',179,0,'GII'),
(108,'Bu',NULL,'111416','A519','L',397,0,'-'),
(109,'Heidy','','1727593','A035','L',430,0,'GII'),
(110,'Kiko',NULL,'1780843','A145','L',146,0,'-'),
(111,'Koba',NULL,'1533440','843','L',183,0,'-'),
(112,'Kiwi',NULL,'1908098','A267','L',183,0,'-'),
(113,'Yun','Border Collie','2001179','A484','L',95,0,'GIII'),
(114,'Nora',NULL,'80601','735','L',437,0,'-'),
(115,'Liss',NULL,'1779665','A212','L',117,0,'-'),
(116,'Rayko','Border Collie','2027590','A321','L',381,0,'GIII'),
(117,'Nani','','1838888','A238','L',286,0,'GII'),
(118,'Rasca','Border Collie','2047380','A564','L',16,0,'GIII'),
(119,'Abby','P. B. Groenendael','2104382','A533','L',215,0,'GIII'),
(120,'Merlin','Border Collie','1996593','A523','L',121,0,'GIII'),
(121,'Rusti','Border Collie','1831356','A227','L',164,0,'GIII'),
(122,'Cora','','No tiene','1525','L',48,0,'GII'),
(123,'Dux','','1727100','A134','L',169,0,'GIII'),
(124,'Urko','BorderCollie','127390','A565','L',237,0,'GIII'),
(125,'Blues',NULL,'1756737','A083','L',327,0,'-'),
(126,'Lia',NULL,'No tiene','1481','L',302,0,'-'),
(127,'Broc',NULL,'1596717','902','L',262,0,'-'),
(128,'Bell',NULL,'1831577','A205','L',429,0,'-'),
(129,'Colombo',NULL,'119957','A437','L',159,0,'-'),
(130,'Cooper',NULL,'1942046','A468','L',219,0,'-'),
(131,'Dunja','Pastor de los Pirineos','131504','A568','L',55,0,'GII'),
(132,'Nova',NULL,'1472107','765','L',367,0,'-'),
(133,'Nuca',NULL,'105491','A431','L',394,0,'-'),
(134,'Nora','Braco','113894','A356','L',402,0,'GII'),
(135,'Kimi',NULL,'1908103','A271','L',107,0,'-'),
(136,'Samba',NULL,'131663','A608','L',78,0,'-'),
(137,'Liss',NULL,'1988114','A429','L',124,0,'-'),
(138,'Nuka',NULL,'No tiene','1418','L',244,0,'-'),
(139,'Samy','Golden Retriever','120731','A432','L',227,0,'GII'),
(140,'Kim',NULL,'125522','A511','L',25,0,'-'),
(141,'Blues',NULL,'No tiene','1400','L',271,0,'-'),
(142,'Naia',NULL,'1970259','A459','L',463,0,'-'),
(143,'Aragorn',NULL,'1568043','A380','L',458,0,'-'),
(144,'Aizu','','1680441','A499','L',293,0,'GII'),
(145,'Avemar',NULL,'1677435','A335','L',320,0,'-'),
(146,'Completa',NULL,'95707','A121','L',380,0,'-'),
(147,'Jayna','Border Collie','1779666','A173','L',235,0,'GII'),
(148,'Kira','Border Collie','1710175','A116','L',140,0,'GIII'),
(149,'Elfo','P.B. Malinoise','1496681','963','L',260,0,'GII'),
(150,'Choco',NULL,'96941','A058','L',77,0,'-'),
(151,'Gini',NULL,'1891331','A193','L',292,0,'-'),
(152,'Alinka',NULL,'1677160','982','L',452,0,'-'),
(153,'Zazpi',NULL,'1779668','A278','L',117,0,'-'),
(154,'Frasqui',NULL,'1962362','A438','L',159,0,'-'),
(155,'Yhara','','1827258','A357','L',288,0,'GII'),
(156,'Lennon','A. Foxhound','111486','A336','L',347,0,'GII'),
(157,'Irma',NULL,'1779789','A096','L',132,0,'-'),
(158,'Yai','','1879217','A475','L',42,0,'-'),
(159,'Clara','Border Collie','1936237','A462','L',418,0,'GII'),
(160,'Laika',NULL,'93988','A224','L',400,0,'-'),
(161,'Argon','','1926695','987','L',96,0,'GII'),
(162,'Nube','','124447','A465','L',319,0,'-'),
(163,'Blue','Bearded Collie','1863534','A552','L',293,0,'GIII'),
(164,'Hana',NULL,'No tiene','1526','L',412,0,'-'),
(165,'Liss',NULL,'86748','961','L',237,0,'-'),
(166,'Tara',NULL,'123013','A442','L',216,0,'-'),
(167,'Onis','Schnauzer Gigante','1478689','A498','L',236,0,'GII'),
(168,'Qumba',NULL,'2007589','A546','L',275,0,'-'),
(169,'Jotave','','1962366','A407','L',279,0,'GIII'),
(170,'Kora','','124215','A585','L',279,0,'GIII'),
(171,'Zana',NULL,'1634512','A014','L',430,0,'-'),
(172,'Hugo',NULL,'97357','A201','L',246,0,'-'),
(173,'Gus',NULL,'111335','A548','L',454,0,'-'),
(174,'Paco',NULL,'85033','A550','L',454,0,'-'),
(175,'Thor',NULL,'1839333','A348','L',257,0,'-'),
(176,'Fol','','86747','940','L',350,0,'GIII'),
(177,'Fito',NULL,'1914405','A362','L',164,0,'-'),
(178,'Troy','Border Collie','98617','A044','L',238,0,'GIII'),
(179,'Dana',NULL,'No tiene','1528','L',341,0,'-'),
(180,'Doña Sol',NULL,'1885107','A261','L',285,0,'-'),
(181,'Martina',NULL,'1833796','A545','L',129,0,'-'),
(182,'Kiss',NULL,'1626167','912','L',60,0,'-'),
(183,'Nano',NULL,'94485','964','L',279,0,'-'),
(184,'Ariel',NULL,'1835675','A213','L',1,0,'-'),
(185,'Cristina',NULL,'1929150','A352','L',67,0,'-'),
(186,'Rulo',NULL,'1676914','978','L',115,0,'-'),
(187,'Hechizada',NULL,'1663984','A064','L',135,0,'-'),
(188,'Cindy',NULL,'1812230','A189','L',6,0,'-'),
(189,'Rotten','Carea Leonés','','1518','L',243,0,'GII'),
(190,'Pixie Moon','','1879218','A260','L',246,0,'-'),
(191,'Timba','Canaan Dog','119645','A403','L',88,0,'GIII'),
(192,'Nuwa','Border Collie','132677','A597','L',443,0,'GII'),
(193,'Kora',NULL,'99230','A466','L',221,0,'-'),
(194,'Kona',NULL,'1986188','A524','L',53,0,'-'),
(195,'Arwen','Border Collie','1753230','A151','L',97,0,'GII'),
(196,'Blas',NULL,'1761207','A086','L',254,0,'-'),
(197,'Rudy',NULL,'102435','A113','L',310,0,'-'),
(198,'Ira','P.B.Malinoise','101193','A141','L',18,0,'GII'),
(199,'Terra',NULL,'114522','A328','L',274,0,'-'),
(200,'Kira',NULL,'120733','A405','L',12,0,'-'),
(201,'Nube',NULL,'97289','A515','L',245,0,'-'),
(202,'Mara','','80787','A396','L',36,0,'GII'),
(203,'Trasto',NULL,'No tiene','1391','L',6,0,'-'),
(204,'Kiria','','No tiene','A155','L',231,0,'GII'),
(205,'Wind','Border Collie','1881696','A421','L',416,0,'GIII'),
(206,'Rocky',NULL,'1756734','A156','L',239,0,'-'),
(207,'Pepo',NULL,'1756735','A200','L',239,0,'-'),
(208,'Mina',NULL,'124583','A501','L',204,0,'-'),
(209,'Gipsy',NULL,'No tiene','1542','L',206,0,'-'),
(210,'Atril',NULL,'1985153','A454','L',334,0,'-'),
(211,'Max','Perro de Aguas Español','1945286','A487','L',43,0,'GII'),
(212,'N\'Hug','','110043','A283','L',238,0,'GII'),
(213,'Che',NULL,'1472786','A313','L',285,0,'-'),
(214,'Chincheta',NULL,'97802','A165','L',439,0,'-'),
(215,'Nemo',NULL,'1950998','A478','L',142,0,'-'),
(216,'Tao',NULL,'1807243','A554','L',424,0,'-'),
(217,'Luna','','No tiene','1539','L',406,0,'GII'),
(218,'Molsa',NULL,'1710467','A103','L',419,0,'-'),
(219,'Dina','Border Collie','1798019','A136','L',208,0,'GII'),
(220,'Neo','Border Collie','99972','A077','L',58,0,'GIII'),
(221,'Zidanne','','2081050','A591','L',19,0,'GIII'),
(222,'Poly de Terra de Gosos','','2060633','A587','L',246,0,'-'),
(223,'Kinder','','101433','A223','L',400,0,'GII'),
(224,'Juno','','No tiene','1552','L',68,0,'GII'),
(225,'Flash','Border Collie','109519','A420','L',174,0,'GII'),
(226,'Troya','','127255','A527','L',461,0,'GII'),
(227,'Pluto',NULL,'80602','785','L',328,0,'-'),
(228,'Poli',NULL,'98654','A290','L',437,0,'-'),
(229,'Shasta','Border Collie','109487','A272','L',331,0,'GIII'),
(230,'Kira',NULL,'83038','789','L',320,0,'-'),
(231,'Maya',NULL,'1683945','A110','L',283,0,'-'),
(232,'Grace',NULL,'127031','A575','L',375,0,'-'),
(233,'Artemisa',NULL,'1911726','A406','L',449,0,'-'),
(234,'Ron',NULL,'94045','A265','L',132,0,'-'),
(235,'Maña',NULL,'1872301','A423','L',86,0,'-'),
(236,'Blue',NULL,'86743','A180','L',122,0,'-'),
(237,'Golfa',NULL,'1719195','A557','L',200,0,'-'),
(238,'Runa',NULL,'2006235','A537','L',302,0,'-'),
(239,'Fanta','','1940535','A544','L',362,0,'GII'),
(240,'Xula',NULL,'83896','844','M',289,0,'-'),
(241,'Danko','Ratonero Bodeguero Andaluz','113906','A325','M',230,0,'GIII'),
(242,'Hanna',NULL,'1843070','A159','M',369,0,'-'),
(243,'Guti','Cocker Spaniel','111666','A215','M',210,0,'GIII'),
(244,'Cala','Perro de Aguas Español','1691264','A095','M',15,0,'GIII'),
(245,'Milo',NULL,'1399802','718','M',269,0,'-'),
(246,'Gotika',NULL,'1682493','971','M',67,0,'-'),
(247,'Drac','Cocker Spaniel','106327','A196','M',133,0,'GIII'),
(248,'Neo',NULL,'109522','A445','M',174,0,'-'),
(249,'Sra. Maruja','Caniche','1695088','997','M',139,0,'GII'),
(250,'Duna','','93084','953','M',161,0,'GII'),
(251,'Kiwi','','1982934','A525','M',450,0,'GIII'),
(252,'Sucre',NULL,'1558711','938','M',366,0,'-'),
(253,'Lass','Perro de Aguas Español','131981','A580','M',150,0,'GIII'),
(254,'Tuna',NULL,'1731780','A057','M',319,0,'-'),
(255,'Norai',NULL,'97039','A015','M',154,0,'-'),
(256,'Menta','Welsh Terrier','1459964','767','M',14,0,'GIII'),
(257,'Wirbel','Schnnauzer','1252941','588','M',331,0,'Ret.'),
(258,'Pepsi','','1849505','A270','M',76,0,'GII'),
(259,'Kiss',NULL,'1258632','762','M',106,0,'-'),
(260,'Ina',NULL,'No tiene','1549','M',446,0,'-'),
(261,'Kenia',NULL,'86609','954','M',403,0,'-'),
(262,'Gamma','Sheetland','1988761','A307','M',226,0,'GIII'),
(263,'Goku','Fox Terrier Wire ','No tiene','1513','M',266,0,'GIII'),
(264,'Coockie','Cocker Spaniel','120745','A434','M',445,0,'GIII'),
(265,'Habana',NULL,'131393','A634','M',147,0,'-'),
(266,'Dau',NULL,'113713','A446','M',366,0,'-'),
(267,'Jolie','Mudi','1561798','808','M',90,0,'GII'),
(268,'Boira','','1809307','A281','M',100,0,'GIII'),
(269,'Queen','Perro de Aguas Español','93971','989','M',278,0,'GIII'),
(270,'Legend',NULL,'1606337','927','M',440,0,'-'),
(271,'Koku',NULL,'1394913','714','M',372,0,'-'),
(272,'Luna','Fox Terrier Wire','103250','A240','M',382,0,'GII'),
(273,'Nell',NULL,'1329279','A293','M',152,0,'-'),
(274,'Lucas','Podenco Andaluz','112275','A248','M',20,0,'GII'),
(275,'Benavis',NULL,'1803327','A195','M',29,0,'-'),
(276,'Paquita',NULL,'1852290','A229','M',377,0,'-'),
(277,'Fey',NULL,'2063400','A440','M',442,0,'-'),
(278,'Robbi',NULL,'104953','A146','M',448,0,'-'),
(279,'Mate','Schnauzer','1930526','A469','M',109,0,'GII'),
(280,'Veron','','1423605','A412','M',152,0,'GII'),
(281,'Lume','Sheetlan SheepDog','1985134','A416','M',233,0,'GII'),
(282,'Foska',NULL,'108199','A182','M',285,0,'-'),
(283,'Bimba',NULL,'1968121','A451','M',344,0,'-'),
(284,'Chocolate',NULL,'93486','A045','M',439,0,'-'),
(285,'Tuna','Bodeguero Andaliuz','122113','A408','M',230,0,'GII'),
(286,'Naru','Shiba Inu','132678','A598','M',443,0,'GII'),
(287,'Mizar','Schnauzer Miniatura','1876817','A274','M',145,0,'GII'),
(288,'Tina',NULL,'No tiene','1532','M',201,0,'-'),
(289,'Kenya',NULL,'112354','A233','M',294,0,'-'),
(290,'Duque',NULL,'No tiene','1551','M',29,0,'-'),
(291,'Harley','Shetland Sheepdog','2025374','A428','M',128,0,'GII'),
(292,'Johnny Cash','Sheetland','2057033','A594','M',456,0,'GIII'),
(293,'Striptease','','2023589','A577','M',84,0,'GII'),
(294,'Tuco','Shetland','2026054','A419','M',185,0,'GII'),
(295,'Mia','Cocker','121232','A547','M',340,0,'GIII'),
(296,'Gunilla',NULL,'No tiene','1471','M',315,0,'-'),
(297,'Alma',NULL,'90313','A566','M',301,0,'-'),
(298,'Noa','','1926077','A526','M',391,0,'GII'),
(299,'Magia','Sheetland','2032179','A528','S',86,0,'GIII'),
(300,'Saroa','','1789456','A149','S',464,0,'GIII'),
(301,'Melendi','Caniche','1842276','A164','S',311,0,'GIII'),
(302,'Mims','Caniche','102903','A279','S',10,0,'GIII'),
(303,'Hancock',NULL,'131702','A609','S',349,0,'-'),
(304,'Tris','Schnauzer','119441','A398','S',411,0,'GII'),
(305,'Lula','Pinscher','123192','A607','S',118,0,'GIII'),
(306,'Rufo','','123178','A435','S',257,0,'GII'),
(307,'Sira','Teckel','106345','A168','S',112,0,'GIII'),
(308,'Nit','Schnauzer Mini','112007','A208','S',357,0,'GIII'),
(309,'Xira','Schnauzer','124731','A424','S',432,0,'GIII'),
(310,'Che Guevara','Caniche','112448','A230','S',465,0,'GIII'),
(311,'Enzo',NULL,'117909','A444','S',352,0,'-'),
(312,'Nuca','Tibetan Spaniel','109471','A181','S',197,0,'GIII'),
(313,'Gismo','','123726','A449','S',441,0,'GIII'),
(314,'Nana','Caniche','103211','A277','S',424,0,'GIII'),
(315,'Nikita','','123006','A443','S',33,0,'GIII'),
(316,'Xena','','125524','A509','S',138,0,'GIII'),
(317,'Chula','','106335','A135','S',193,0,'GIII'),
(318,'Dagga','Tibetan Spaniel','127338','A507','S',181,0,'GII'),
(319,'Greta','','1849716','A337','S',72,0,'GII'),
(320,'Bengel','Schnnauzer','1433208','760','S',331,0,'GII'),
(321,'Nei',NULL,'1400011','770','S',191,0,'-'),
(322,'Tess',NULL,'102439','A245','S',203,0,'-'),
(323,'Lia','Brazillian Terrier','132000','A588','S',188,0,'GII'),
(324,'Taca','','128455','A589','S',37,0,'GII'),
(325,'Miche','','1706141','A097','S',321,0,'GII'),
(326,'Manin','Schnauzer miniatura','104120','A100','S',411,0,'GII'),
(327,'Doña Matilde','Caniche','2005359','A514','S',139,0,'GIII'),
(328,'Aqua','Papillon','2056249','A513','S',295,0,'GII'),
(329,'Nuca','Schnauzer','1678476','A088','S',2,0,'GII'),
(330,'Pepa','Jack Rusell','1957259','A393','S',160,0,'GII'),
(331,'Spyro','','131527','A569','S',373,0,'GIII'),
(332,'Della','Shetland Sheepdog','2061744','A467','S',106,0,'GII'),
(333,'Lua','Jack Russel Terrier','116884','A287','S',582,0,'GII'),
(334,'Mayo',NULL,'No tiene','1419','S',364,0,'-'),
(335,'Nala','Jack Russel','108635','A530','S',113,0,'GIII'),
(336,'Lola',NULL,'No tiene','1464','S',211,0,'-'),
(337,'Noah',NULL,'131506','A590','S',227,0,'-'),
(338,'Sully',NULL,'116639','A520','S',397,0,'-'),
(339,'Gus',NULL,'119626','A346','S',56,0,'-'),
(340,'Lola',NULL,'No tiene','1541','S',301,0,'-'),
(341,'Thor','Schnauzer','1939205','A535','S',2,0,'GII'),
(342,'Quillo','Rusky Toy','127443','A604','S',101,0,'GII'),
(343,'Lennon',NULL,'103239','A144','S',355,0,'-'),
(344,'Boira',NULL,'No tiene','1554','S',420,0,'-'),
(345,'Kyra','Jack Russel','131481','A600','S',30,0,'GIII'),
(346,'Acha','','123731','A483','M',324,0,'-'),
(347,'Ada','Mestizo','','1459','S',398,0,'GII'),
(348,'Aker','P.B. Malinoise','1553051','A397','L',162,0,'GII'),
(349,'Akira',NULL,'125877','A455','L',255,0,'GII'),
(350,'Dama','Fox Terrier Wire','0131204','A641','M',264,0,'GIII'),
(351,'Flai','Fox Terrier Wire','0129738','A815','M',264,0,'GII'),
(352,'Donna','Border Collie','','A795','L',405,0,'GII'),
(353,'Fito','mestizo','','','T',387,0,'GII'),
(354,'paco','','','','T',1,0,'GII'),
(355,'Akela','Border Collie','','A746','L',155,0,'GII'),
(356,'Toska','Border Collie','','','L',220,0,'GI'),
(357,'Sira','P.B.Malinoise','','A584','L',224,0,'GII'),
(358,'Duna','P. Aleman','','A586','L',455,0,'GII'),
(359,'Olivia','Schnauzer','','A742','S',287,0,'GII'),
(360,'Kyle','Schnauzer','','A-539','M',198,0,'GII'),
(361,'Kara','Border Collie','','A-541','L',399,0,'GII'),
(362,'Tibet','Border Collie','','','L',59,0,'GII'),
(363,'Beltxa','Schnauzer','','A622','S',432,0,'GIII'),
(365,'Danah','P. Australiano','','A889','L',280,0,'GII'),
(366,'Net','P. Australiano','','','L',192,0,'GI'),
(367,'Sira','Boxer','','','L',111,0,'GI'),
(368,'Maggie','Mestizo','','1570','S',402,0,'GII'),
(369,'Kiss','','','','L',202,0,'GI'),
(370,'Milka','','','','L',207,0,'GI'),
(371,'Mitzy','Braco','','','L',47,0,'GI'),
(372,'Sura','Shar Pei','','','L',335,0,'GI'),
(374,'Neo','','','','L',220,0,'GII'),
(375,'Sitan','','','795','L',224,0,'GII'),
(376,'Kaiser','Schnauzer miniatura','','A383','S',202,0,'GII'),
(377,'Geha','Border Collie','','A162','L',308,0,'GII'),
(378,'Momo','Borde Collie','','A391','L',409,0,'GII'),
(379,'Skay','Perro de Aguas Español','','A605','L',212,0,'GII'),
(380,'Keko','','','','L',17,0,'GII'),
(381,'Mambo','Border Collie','','','L',39,0,'GI'),
(382,'Swing','','','','M',371,0,'GI'),
(383,'Trufa','Perro de Aguas Español','','','M',415,0,'GI'),
(384,'Soma','Labrador Retriever','','A696','L',343,0,'GII'),
(385,'Phoebe','Border Collie','','A555','M',148,0,'GII'),
(386,'Izzie','West Higland White Terrier','','A275','S',148,0,'GII'),
(387,'Kyra','Border Collie','','1607','L',531,0,'GII'),
(388,'Nika','Border Collie','','','L',74,0,'GI'),
(389,'Dolce','Border Collie','','A681','L',531,0,'GII'),
(390,'Dolce','','','','L',361,0,'GII'),
(391,'Gilda','Border Collie','','A723','L',361,0,'GII'),
(392,'Noa','Border Collie','','A540','L',384,0,'GII'),
(393,'Thor','Border Collie','','A835','L',270,0,'GII'),
(394,'Akira Haru','BorderCollie','','A311','L',172,0,'GII'),
(395,'Nala','BorderCollie','','A142','L',141,0,'GIII'),
(396,'Peka','','','A615','L',259,0,'GII'),
(397,'Milady','Border Collie','','A791','L',407,0,'GII'),
(398,'Yashi','Pastor de los Pirineos','','','M',453,0,'GI'),
(399,'Dollar','Border Collie','','911','L',309,0,'GII'),
(400,'Héctor','Pastor Vasco','','1597','L',114,0,'GII'),
(401,'Ron','Border Collie','','A617','L',376,0,'GII'),
(402,'Viconte','','','A367','L',284,0,'GII'),
(403,'Agran','Border Collie','','A752','L',8,0,'GII'),
(404,'Bimba','Border Collie','','A288','L',314,0,'GII'),
(405,'Dudy','Border Collie','','A753','L',276,0,'GII'),
(406,'Kember','Bóxer','','1558','L',7,0,'GII'),
(407,'Luca','Ratonero Bodeguero Andaluz','','A749','M',101,0,'GII'),
(408,'Kika','West Higland White Terrier','','A722','S',365,0,'GII'),
(409,'Olivia','Caniche','','A701','S',102,0,'GII'),
(410,'Sombra','Border Collie','','A679','L',242,0,'GIII'),
(411,'Noah','Schnauzer','','','S',198,0,'GI'),
(412,'Brea','Mestizo','','','L',31,0,'GII'),
(413,'Lola','Jack Rusell','','A633','S',160,0,'GII'),
(414,'Yeny','Border Collie','','A747','L',245,0,'GII'),
(415,'Sonic','Perro de Aguas Español','','A495','L',98,0,'GII'),
(416,'Wind','Border Collie','','A561','L',427,0,'GII'),
(417,'Crak','Border Collie','','A719','L',374,0,'GIII'),
(418,'Nitra','Caniche','','A743','S',465,0,'GII'),
(419,'Nova','Border Collie','','A642','L',414,0,'GII'),
(420,'Momo','Border Collie','','A621','L',34,0,'GII'),
(421,'Byron','Border Collie','','','L',413,0,'GI'),
(422,'Amis','Border Collie','','A620','L',247,0,'GII'),
(423,'Noa','BorderCollie','','A143','L',213,0,'GII'),
(424,'Vlad','Perro de Aguas Español','','A752','L',45,0,'GII'),
(425,'Mou','Kelpie Australiano','','','L',82,0,'GI'),
(426,'Black','Border Collie','','','L',258,0,'GI'),
(427,'Kala','Yorkshire Terrier','','1574','S',99,0,'GII'),
(428,'Andy','Border Collie','','A671','L',317,0,'GII'),
(429,'beep','','','','L',392,0,'GI'),
(430,'Ella','Border collie','','A922','L',316,0,'GII'),
(431,'Nya','Border Collie','','','L',3,0,'GI'),
(432,'Tibet','','','','L',103,0,'GI'),
(433,'Kenzo','','','','L',460,0,'GI'),
(434,'Dafne','','','A870','L',272,0,'GI'),
(435,'Nut','','','','L',421,0,'GI'),
(436,'Morgan','Doberman','','','L',133,0,'GI'),
(437,'Juke','','','','L',336,0,'GI'),
(438,'Argi','','','','L',149,0,'GI'),
(439,'Pi','','','','L',169,0,'GI'),
(440,'Horatio','Bulldog Frances','','A847','S',73,0,'GII'),
(441,'Goldie','','','','S',228,0,'GII'),
(442,'Cachirulo','Perro de Aguas Español','','A578','L',116,0,'GIII'),
(443,'Lucky','','','1561','L',23,0,'GII'),
(444,'Chika','Border Collie','','A518','L',291,0,'GII'),
(445,'Inka','P.B. Malinoise','','A699','L',100,0,'GIII'),
(446,'Nupsi','Perro de Aguas Español','','A694','L',75,0,'GII'),
(447,'Inka','Border Collie','','A381','L',386,0,'GIII'),
(448,'Tiri','','','A782','L',241,0,'GIII'),
(449,'Itoitz','','','A713','L',13,0,'GII'),
(450,'Xira','','','1499','L',5,0,'GII'),
(451,'Gala','','','A500','L',26,0,'GII'),
(452,'Luna','','','A809','L',50,0,'GII'),
(453,'Lorenzo','Border Collie','','A666','L',389,0,'GII'),
(454,'Bombon','','','A773','L',51,0,'GII'),
(455,'Lluna','','','1537','L',51,0,'GII'),
(456,'Ardi de Rioja','','','0729','L',228,0,'GII'),
(457,'Danko','','','1509','L',110,0,'GII'),
(458,'Tessa','','','A317','L',433,0,'GII'),
(459,'Rex','','','1578','L',438,0,'GII'),
(460,'Chica','','','A703','L',170,0,'GII'),
(461,'Sue','Border Collie','','A788','L',435,0,'GIII'),
(462,'Kira','','','','L',93,0,'GII'),
(463,'Heidy','','','A496','L',282,0,'GII'),
(464,'Bella','','','1586','L',305,0,'GII'),
(465,'Hanna','','','1584','L',11,0,'GII'),
(466,'Eo','Border Collie','','A768','L',323,0,'GII'),
(467,'Panda','','','A797','L',296,0,'GII'),
(468,'Venus','','','A743','L',311,0,'GII'),
(469,'Charly','','','1592','L',232,0,'GII'),
(470,'Argi','','','1600','L',186,0,'GII'),
(471,'Broto','','','A764','L',431,0,'GII'),
(472,'Anouk','','','A480','L',434,0,'GII'),
(473,'Flecha','','','A748','L',423,0,'GII'),
(475,'Moa','Stanfordshire','','A508','L',164,0,'GII'),
(476,'Greta','','','','L',229,0,'GII'),
(477,'Lur','','','A741','M',178,0,'GII'),
(478,'Charli','','','A655','L',63,0,'GII'),
(479,'Lia','','','1563','L',304,0,'GII'),
(480,'Nica','','','A875','S',157,0,'GII'),
(482,'Ursus','','','','S',184,0,'GII'),
(483,'Ela','','','A618','S',363,0,'GII'),
(484,'Lua','','','A786','S',61,0,'GII'),
(485,'Wembley','','','A769','S',76,0,'GII'),
(486,'Rikke','','','','S',62,0,'GII'),
(487,'Imo','','','A631','M',229,0,'GII'),
(488,'Alpargata','Perro de Aguas Español','','A606','M',152,0,'GII'),
(489,'Lucky Luque','Caniche','','A766','S',195,0,'GIII'),
(490,'Salma','','','A521','S',222,0,'GII'),
(491,'Dracma','','','A626','S',138,0,'GII'),
(492,'Jade','Border Collie','','A629','L',225,0,'GIII'),
(493,'Rinoa','Border Collie','','A447','L',325,0,'GIII'),
(494,'Chus','','','934','L',225,0,'GIII'),
(495,'Gala','Border Collie','','A674','L',127,0,'GIII'),
(496,'Chamán','Border Collie','','A262','L',386,0,'GIII'),
(497,'Koira','','','A252','L',326,0,'GIII'),
(498,'Kobu','Brazillian Terrier','','A806','M',187,0,'GIII'),
(499,'Zeus','Cocker Americano','','A139','M',325,0,'GIII'),
(500,'Gea','','','A175','M',629,0,'GII'),
(501,'Sacha','Perro de Aguas Español','','A632','M',167,0,'GIII'),
(502,'Fran','Perro de Aguas Español','','A028','M',116,0,'GIII'),
(503,'Peka','Border Collie','','A291','M',291,0,'GIII'),
(504,'Time','Beagle','','A571','M',416,0,'GIII'),
(505,'Alma','Pastor de los Pirineos','','874','M',136,0,'GIII'),
(506,'Kira','','','A600','S',30,0,'GIII'),
(507,'Cleo','Spitz Aleman Enano','','A152','S',85,0,'GIII'),
(508,'Luna','Spitz Enano','','0956','S',85,0,'GIII'),
(509,'Nika','Cocker Americano','','A082','S',325,0,'GIII'),
(510,'Quenn','Palleiro','','','M',47,0,'GI'),
(511,'Gala','Pastor Alemán','','','L',40,0,'GI'),
(512,'Moly','Jack Rusell','','1633','S',194,0,'GII'),
(513,'Vali','Border Collie','','A811','L',9,0,'GII'),
(514,'Isis','Border Collie','','','L',471,0,'GI'),
(515,'Darco','Beagle','','','M',46,0,'GI'),
(516,'Bruce','Ratonero Bodeguero Andaluz','','A813','M',230,0,'GII'),
(517,'Nut','Pastor Belga Malinoise','','A-886','L',162,0,'GII'),
(518,'Lluna','Border Collie','','','L',459,0,'GI'),
(519,'Dunah','Cocker Spaniel','','A635','M',28,0,'GII'),
(520,'Aska','Border Collie','','A899','L',306,0,'GII'),
(521,'Buck','Border Collie','','A877','L',81,0,'GII'),
(522,'Merche','Schnauzer Gigante','','A989','L',303,0,'GII'),
(523,'Bambú','Border Collie','','','L',217,0,'GI'),
(524,'King','Caniche Toy','','A683','S',263,0,'GIII'),
(525,'Toxo','','','A677','S',277,0,'GII'),
(526,'Newton','','','','L',137,0,'GII'),
(527,'Cala','Bearded Collie','','A697','L',293,0,'GII'),
(528,'Onna','','','','L',356,0,'GII'),
(529,'Trasgo','','','A650','L',171,0,'GII'),
(530,'Samba','','','A702','M',385,0,'GII'),
(531,'Charlie','','','A532','S',385,0,'GIII'),
(532,'Alan','Galgo','','','L',190,0,'GI'),
(533,'Moly','','','1621','L',70,0,'GII'),
(534,'Pipa','','','A718','S',297,0,'GII'),
(535,'Chola','Cocker Spaniel','','A691','M',329,0,'GII'),
(536,'Blue','','','','S',21,0,'GI'),
(537,'Fly','Border Collie','','A826','L',180,0,'GIII'),
(538,'Sira','','','','L',338,0,'GII'),
(539,'Xhyla','','','A711','L',108,0,'GII'),
(540,'Lua','','','A689','M',108,0,'GII'),
(541,'Deva','','','','L',451,0,'GI'),
(542,'Duna','','','','L',158,0,'GI'),
(543,'Jefrelú','','','','L',94,0,'GI'),
(544,'Lumy','','','1617','L',24,0,'GII'),
(545,'Magui','Border Collie','','1639','L',94,0,'GII'),
(546,'Trenty','','','','L',322,0,'GI'),
(547,'Xana','Golden Retriever','','','L',368,0,'GI'),
(548,'Zoe','Border Collie','','','L',134,0,'GI'),
(549,'Zoe','','','','L',156,0,'GI'),
(550,'Eria','','','','-',599,0,'P.A.'),
(551,'Tinka','Westie','','','S',342,0,'GI'),
(552,'Blue','Border Collie','','1572','L',346,0,'GII'),
(553,'Dana','Border Collie','','A688','L',346,0,'GII'),
(554,'Phoebe','Border Collie','','A690','L',196,0,'GII'),
(555,'Sella','','','','L',94,0,'GI'),
(556,'botinera','','','','L',466,0,'GI'),
(558,'Rumba','','','','L',467,0,'GI'),
(559,'Perla','Yorkshire','','','S',488,0,'GII'),
(560,'Arturo','Mestizo','','','S',477,0,'GII'),
(561,'Yara','','','','L',489,0,'GI'),
(562,'Arya','','','','L',399,0,'P.A.'),
(563,'Sasha','','','','L',490,0,'P.A.'),
(564,'Zar','','','','L',491,0,'P.A.'),
(565,'Lillo','Jack Russel','','','S',492,0,'GI'),
(566,'Amy','','','','L',493,0,'P.A.'),
(567,'Dana','','','','L',493,0,'P.A.'),
(568,'Golfo','','','','L',494,0,'P.A.'),
(569,'Ron','','','','L',494,0,'P.A.'),
(570,'Putt','','','','L',371,0,'P.A.'),
(571,'Onza','PDAE','','','M',496,0,'GI'),
(572,'Sancho','','','','M',497,0,'P.A.'),
(573,'Manzanillo','','','','S',498,0,'GI'),
(574,'Arwen','','','','L',473,0,'GI'),
(575,'Nashira','Border Collie','','A903','L',499,0,'GII'),
(576,'Chuli','Border Collie','','','L',482,0,'GII'),
(577,'Skye','Border Collie','','','L',500,0,'GI'),
(581,'Lady','','','','L',501,0,'P.A.'),
(582,'Zoe','','','','L',502,0,'P.A.'),
(583,'Tabu','','','','L',491,0,'P.A.'),
(584,'Ursula','Jack Russel','','A840','S',478,0,'GII'),
(585,'Ari','Border Collie','','A894','L',468,0,'GII'),
(586,'Hippie','Ratonero Valenciano','','','M',504,0,'GI'),
(587,'Mara','Schnauzer','','','S',472,0,'GI'),
(588,'Greta','Cocker Spaniel','','','M',505,0,'GI'),
(589,'Iris','Border Collie','','','L',424,0,'GII'),
(590,'Bruni','Border Collie','','','L',506,0,'GI'),
(591,'Dana','Border Collie','','','L',507,0,'GI'),
(592,'Lua','Mestizo','','','L',508,0,'GI'),
(593,'Ada','Mestizo','','1647','L',475,0,'GII'),
(594,'Mashel','Jack Russel','','A931','S',474,0,'GII'),
(595,'Lola','Whippet','','','M',509,0,'GI'),
(596,'Moly','Border Collie','','','L',7,0,'GI'),
(597,'Coco','Labrador Retriever','','','L',510,0,'GI'),
(598,'Nika','Border Collie','','A821','L',140,0,'GII'),
(599,'Cayenne','Border Collie','','28123','L',511,0,'GIII'),
(600,'Etna','Border Collie','','34873','L',512,0,'GIII'),
(601,'Lee-Ann','Border Colliie','','A986','L',197,0,'GII'),
(602,'Sucre','Border Collie','','A920','L',5,0,'GII'),
(603,'Killa','Mestizo','','Pendiente','L',513,0,'GII'),
(604,'Mizar','Border Collie','','','L',514,0,'GI'),
(605,'Hera','Border Collie','','','L',483,0,'GI'),
(606,'Nora','P.B. Malinoise','','A305','L',515,0,'GII'),
(607,'Hela','Border Collie','','A836','L',92,0,'GIII'),
(608,'Sendy','Border Collie','','A926','L',487,0,'GII'),
(609,'Lumbre','Border Collie','','A932','L',485,0,'GII'),
(610,'Baddy','Border Collie','','','L',481,0,'GII'),
(612,'Ginn','Pastor del Pirineo','','','M',516,0,'GI'),
(613,'Quillo','Pastor del Pirineo','','A904','M',516,0,'GII'),
(614,'Ben','Caniche Enano','','A928','S',517,0,'GIII'),
(615,'Winnie','Pastor del Pirineo','','A929','M',517,0,'GIII'),
(616,'Mika','Mestizo','','','S',518,0,'GI'),
(617,'Wendy','Mestizo','','','M',519,0,'GI'),
(618,'Thais','Labrador','','1640','L',469,0,'GII'),
(620,'Arya','','','','L',520,0,'P.A.'),
(621,'Iris','','','','L',521,0,'P.A.'),
(622,'Truco','Border Collie','','','L',522,0,'GI'),
(623,'Nubia','Pastor Alemán','','A-309','L',276,0,'GII'),
(624,'Bora','Border Collie','','','L',465,0,'GI'),
(625,'Knut','','','','L',523,0,'GI'),
(626,'Hera','','','','L',523,0,'GII'),
(627,'Arashi','','','','L',207,0,'P.A.'),
(628,'Shiva','','','','L',40,0,'P.A.'),
(629,'Vash','','','','L',220,0,'GI'),
(630,'Coba','Border Collie','','','L',524,0,'P.A.'),
(631,'Yoda','','','','L',526,0,'P.A.'),
(632,'Parche','','','','L',525,0,'P.A.'),
(633,'Asics','Pastor Belga Malinois','','','L',312,0,'GI'),
(634,'Menta','Border Collie','','A450','L',476,0,'GII'),
(635,'Turco','Perro de Agua Español','','A643','M',175,0,'GIII'),
(636,'Witzig','Pastor Pirineos','','','M',331,0,'GII'),
(637,'Lis','Border Collie','','','L',527,0,'GI'),
(639,'Boss','Border Collie','','','L',111,0,'GI'),
(640,'Nueve','West Highland','','','S',528,0,'GI'),
(641,'Neo','Border Collie','','','L',529,0,'GI'),
(642,'Charly','Jack Rusell','','','S',101,0,'GI'),
(643,'Wiki','Borde Collie','','A941','L',39,0,'GII'),
(644,'Boss','Border Collie','','797','L',530,0,'GI'),
(646,'Nora','Border Coliie','','A624','L',265,0,'GII'),
(647,'Maggie','Border Collie','','A817','L',406,0,'GIII'),
(648,'karioka','','','A534','L',35,0,'GIII'),
(649,'Nikita','P.B. Malinoise','','A087','L',532,0,'GIII'),
(651,'Laila','P. B. Groenendael','','A592','L',292,0,'GIII'),
(652,'Panza-Ulima','Perro de Aguas Español','','A614','M',189,0,'GIII'),
(653,'Mixta','Chihuahua','','A842','S',533,0,'GIII'),
(654,'Bandido','Perro de Aguas Español','','A983','L',534,0,'GII'),
(655,'Ringo','','','','L',535,0,'GI'),
(656,'Flipi','','','','L',536,0,'GI'),
(657,'kas','Border Collie','','','L',323,0,'GI'),
(658,'ChanChan','Border Collie','','','L',77,0,'GI'),
(659,'Cherry de Ydre','P.B. Malinoise','','','L',32,0,'GI'),
(660,'Uma','','','','L',537,0,'GI'),
(661,'Olivia','','','','L',538,0,'GI'),
(662,'Cinza','Border Collie','','','L',411,0,'GI'),
(663,'Turka','Perro de Aguas Español','','1665','M',539,0,'GI'),
(664,'Merak','Schnauzer miniatura','','','M',145,0,'GI'),
(665,'Nixon','','','','M',540,0,'GI'),
(666,'Coco','','','','S',541,0,'GI'),
(667,'Chispa','','','','S',542,0,'GI'),
(668,'Ammy','Parson Russel Terrier','','A953','S',112,0,'GII'),
(669,'Hachi','Shetland SheepDog','','A805','S',543,0,'GII'),
(670,'Mambo','Caniche','','A892','S',544,0,'GII'),
(671,'Coco','Schnauzer','','941','S',64,0,'GII'),
(672,'Match','Sheetland SheepDog','','A665','M',233,0,'GII'),
(673,'Mía','Perro de Aguas Español','','','M',545,0,'GII'),
(674,'Ness','Border Collie','','A800','L',546,0,'GII'),
(675,'Roxo','Labrador Retriever','','1644','L',547,0,'GII'),
(676,'Blue','Border Collie','','A630','L',548,0,'GII'),
(677,'Zaila','Border Collie','','A897','L',549,0,'GII'),
(678,'Indi','Border Collie','','A801','L',543,0,'GII'),
(679,'Bela','Border Collie','','A890','L',233,0,'GII'),
(680,'Noara','Labrador Retriever','','A924','L',550,0,'GII'),
(681,'Xesta','Border Collie','','A948','L',277,0,'GII'),
(682,'Ska','Border Collie','','A888','L',181,0,'GII'),
(683,'Luke','Border Collie','','A935','L',551,0,'GII'),
(684,'Blue Jazz','Border Collie','','A854','L',182,0,'GII'),
(685,'Hanna','','','','M',424,0,'P.A.'),
(686,'Ella','','','','S',552,0,'GI'),
(687,'Mía','','','','S',552,0,'P.A.'),
(688,'Luna','','','','L',553,0,'GI'),
(689,'Nala','','','','L',553,0,'GI'),
(690,'Sacha','','','','L',554,0,'P.A.'),
(691,'Guru','','','','L',555,0,'GI'),
(692,'Beltxi','','','','S',556,0,'GI'),
(693,'Maly','','','','M',557,0,'GI'),
(695,'Sombra','','','B009','L',559,0,'GII'),
(697,'Siux','','','','L',326,0,'GI'),
(698,'Xenna','','','','L',560,0,'GI'),
(699,'Belatz','','','','L',561,0,'GI'),
(700,'Stella Maris','P.B. Groenendael','','','L',562,0,'GI'),
(701,'Shura','','','','L',563,0,'GI'),
(702,'Marea','','','','L',564,0,'GI'),
(703,'Onyx','','','','M',565,0,'GI'),
(704,'Sweet','','','','M',566,0,'GI'),
(705,'Kenua','','','','M',567,0,'GI'),
(706,'Kalesy','','','','S',568,0,'GI'),
(707,'Cheroky','Border Collie','','A736','L',569,0,'GII'),
(708,'Alteza','','','','L',35,0,'GII'),
(709,'Tato','','','A893','L',232,0,'GII'),
(710,'Malú','','','A882','L',570,0,'GII'),
(711,'Lía','','','A813','L',189,0,'GII'),
(712,'Shoyer','','','A476','L',123,0,'GII'),
(713,'Fox','Border Collie','','','L',360,0,'GII'),
(714,'Gala','Border Collie','','A530','L',571,0,'GII'),
(715,'Cuco','','','1555','L',91,0,'GII'),
(716,'Patxi','Border Collie','','A668','L',290,0,'GII'),
(717,'Luna','','','1643','L',572,0,'GII'),
(718,'Izar','','','A943','L',573,0,'GII'),
(719,'Mitsuko Kika','Border Collie','','','L',143,0,'GII'),
(720,'Duncan','Border Collie','','A684','L',574,0,'GII'),
(721,'Tom','P.B. Groenendael','','1648','L',575,0,'GII'),
(722,'Hiru','','','A601','L',576,0,'GII'),
(723,'Gamberro','Perro de Aguas Español','','','L',380,0,'GII'),
(724,'Coba','','','','L',380,0,'GII'),
(725,'Argón','','','A488','L',577,0,'GII'),
(726,'Sira','Pastor Belga','','A968','L',578,0,'GII'),
(727,'Xari','','','','L',63,0,'GII'),
(728,'Peke','','','A883','M',19,0,'GII'),
(729,'Banda','','','A834','M',10,0,'GII'),
(730,'Audrey','','','A849','M',579,0,'GII'),
(731,'Lug','','','A841','M',138,0,'GII'),
(732,'Rumba','Schnauzer miniatura','','A972','M',580,0,'GII'),
(733,'Shira','','','A960','M',581,0,'GII'),
(734,'Nana','','','A912','S',157,0,'GII'),
(735,'Ava','Caniche','','A667','S',583,0,'GII'),
(736,'Alegra','Papillon','','A258','S',360,0,'GIII'),
(737,'Simona','','','A971','S',584,0,'GII'),
(738,'Ray','Pinscher','','1622','S',561,0,'GII'),
(739,'Bruno','','','A951','S',585,0,'GII'),
(740,'Lua','','','A729','L',586,0,'GIII'),
(741,'Maqui','','','1575','L',251,0,'GIII'),
(742,'Shiro','Shetland Sheepdog','','A799','M',587,0,'GIII'),
(743,'Kenia','Parson Russel Terrier','','A686','S',267,0,'GIII'),
(744,'Zuri','Border Collie','','A952','L',158,0,'GII'),
(748,'Cora','Border Collie','','','L',588,0,'GI'),
(751,'Bosco','','','1664','L',590,0,'GII'),
(752,'Pincho','Jack Rusell','','A819','S',591,0,'GII'),
(753,'Lío','Chihuahua','','','S',592,0,'GI'),
(754,'Thor','Border Collie','','','L',593,0,'P.A.'),
(755,'Bella','Border Collie','','','L',594,0,'GI'),
(756,'Castañuela','Perro de aguas','','','S',595,0,'P.A.'),
(757,'Kata','','','','S',601,0,'P.A.'),
(758,'Tasha','Border collie','','','L',596,0,'P.A.'),
(759,'Loli','Carea Leonés','','','L',597,0,'GII'),
(760,'Mía','Border Collie','','','L',598,0,'GI'),
(761,'Xaiden','','','','M',598,0,'P.A.'),
(764,'Bowie','','','','L',600,0,'P.A.'),
(765,'Naia','Border collie','','','L',602,0,'P.A.'),
(766,'Tana','Border collie','','','L',603,0,'P.A.'),
(767,'Penny','Pincher','','','M',604,0,'P.A.'),
(768,'Dobra','Border collie','','','M',451,0,'GI'),
(769,'Alvaro','Border collie','','','L',606,0,'GI'),
(770,'Frida','Labrador','','','M',607,0,'P.A.'),
(771,'Frida','','','','M',607,0,'P.A.'),
(772,'Trancas','Schnauzer','','','M',608,0,'P.A.'),
(773,'Kena','Border collie','','','M',609,0,'P.A.'),
(774,'Atila','','','','M',610,0,'P.A.'),
(776,'Nuka','Jack Russell','','','S',613,0,'GI'),
(777,'Puka','Westie','','1612','S',613,0,'GII'),
(778,'Suko','Bóxer','','A873','L',611,0,'GII'),
(779,'Senda','','','','S',611,0,'P.A.'),
(780,'Cloe','Border Collie','','','S',368,0,'P.A.'),
(781,'Yachie','','','','S',612,0,'P.A.'),
(782,'Yuna','Perro de aguas','','','M',614,0,'GI'),
(783,'Zoe','Border collie','','','M',614,0,'GI'),
(784,'Uka','','','A749','L',615,0,'GII'),
(785,'Honta','','','A748','L',615,0,'GII'),
(786,'Kira','','','','L',616,0,'GI'),
(788,'Tute','Border collie','','','M',617,0,'P.A.'),
(789,'Daxa','','','A862','L',618,0,'GII'),
(791,'Candela','','','','L',619,0,'GII'),
(793,'Baxter','','','','L',620,0,'GI'),
(794,'Mika','','','','M',621,0,'GI'),
(795,'Seven','','','','L',622,0,'GI'),
(797,'Miga','','','','S',623,0,'GI'),
(798,'Troita','','','','S',623,0,'P.A.'),
(799,'Gen','','','','S',624,0,'P.A.'),
(800,'Berna','','','','S',624,0,'P.A.'),
(801,'Dana','','','','M',625,0,'GI'),
(802,'Baffy','','','','S',626,0,'P.A.'),
(803,'Mia','','','','M',622,0,'P.A.'),
(804,'Luna','Border collie','','','L',627,0,'GI'),
(805,'Kenia','Shetland','','','M',567,0,'GI'),
(806,'Beta','','','','S',268,0,'GI'),
(807,'Enzo','','','A942','S',628,0,'GII'),
(808,'Duna','Labrador','','','L',630,0,'GII'),
(809,'Gyiro','','Labrador','A966','L',631,0,'GII'),
(810,'Gustavo','Shetland','','','S',628,0,'GI'),
(811,'Yuen','Border collie','','','S',307,0,'P.A.'),
(812,'Argi','','','','L',632,0,'GI'),
(813,'Mendi','Border collie','','','L',633,0,'GI'),
(814,'Xena','Border collie','','','L',560,0,'GI'),
(815,'Frankie','Beagle','','','M',634,0,'GI'),
(816,'Hartza','Beagle','','','M',635,0,'GI'),
(818,'Luna','','','','L',636,0,'GI'),
(819,'Shiva','Border collie','','','L',637,0,'GI'),
(821,'Luka','Westie','','A721','S',638,0,'GII'),
(822,'Kyo','Bull terrier','','','S',639,0,'P.A.'),
(823,'Aker','PDAE','','','S',640,0,'P.A.'),
(824,'Laski','','','','S',641,0,'P.A.'),
(825,'India','Doberman','','','S',642,0,'P.A.'),
(827,'Oli','Border collie','','','S',643,0,'P.A.'),
(828,'Mafalda','Bull terrier','','','S',644,0,'P.A.'),
(829,'Logan','Shetland','','','S',639,0,'P.A.'),
(830,'Kira','Border collie','','','S',645,0,'P.A.'),
(831,'Alai','Border collie','','','S',646,0,'P.A.'),
(832,'Beltz','Border collie','','','S',647,0,'P.A.'),
(833,'Georgina','Border collie','','','S',648,0,'P.A.'),
(834,'Oker','Border collie','','','S',649,0,'P.A.'),
(835,'Wanda','Caniche','','','S',650,0,'P.A.'),
(836,'Pepa','PDAE','','','S',651,0,'P.A.'),
(837,'Sua','Border collie','','','S',652,0,'P.A.'),
(838,'Log','','','','S',653,0,'P.A.'),
(839,'Leslie','Jack Russell','','','S',654,0,'P.A.'),
(841,'Charlie','Border collie','','','M',655,0,'P.A.'),
(842,'Cheroky','','','A736','L',1,0,'GII'),
(843,'Inca','','','1652','L',656,0,'GII'),
(844,'Erinka','Papillon','','A716','S',657,0,'GIII'),
(845,'Nora','PDA','','','M',658,0,'GI'),
(846,'Zain','Border collie','','','L',659,0,'GI'),
(847,'Bruno','PAE','','','L',660,0,'GI'),
(848,'Buzz','Teckel','','','S',661,0,'GI'),
(849,'Kenia','Galgo italiano','','','S',662,0,'GI'),
(850,'Urki','Border collie','','','L',663,0,'GI'),
(851,'Rita','Jack rusell','','','S',664,0,'GI'),
(852,'Thera','Carlino','','A720','S',665,0,'GII'),
(853,'Illun','Border collie','','1610','L',666,0,'GII'),
(854,'Bubu','Caniche','','A934','S',667,0,'GII'),
(855,'Oker','','','','L',668,0,'GII'),
(856,'Carbin','Border collie','','','S',669,0,'P.A.'),
(857,'Tor','Labrador','','','S',670,0,'P.A.'),
(858,'Bart','Border collie','','','S',671,0,'P.A.'),
(859,'Bimba','','','','S',70,0,'P.A.'),
(861,'Trufa','PDAE','','','S',672,0,'P.A.'),
(862,'Bellita','Chihuahua','','','S',673,0,'P.A.'),
(863,'Noa','','','','M',674,0,'P.A.'),
(864,'Rufo','P.Bree','','','M',675,0,'P.A.'),
(865,'Ringo','Carea leonés','','1663','L',676,0,'GII'),
(866,'Musa','Carea leonés','','','L',677,0,'GI'),
(867,'Llum','Carea leonés','','1556','L',677,0,'GII'),
(868,'Wally','Parson terrier','','','M',678,0,'P.A.'),
(869,'Peque','PDAE','','B015','M',383,0,'GII'),
(870,'Noa','','','','L',679,0,'GI'),
(871,'Lur','','','A741','M',1,0,'GII'),
(872,'Oker','','','A915','L',680,0,'GII'),
(873,'Lola','','','','S',681,0,'GI'),
(874,'Chispa','','','','S',682,0,'P.A.'),
(875,'Bruck','','','A939','L',683,0,'GII'),
(876,'Maclaren','','','','L',329,0,'GI'),
(877,'Aiss','','','','S',338,0,'P.A.'),
(878,'Button','','','','S',684,0,'P.A.'),
(879,'Sella','','','','-',539,0,'P.A.'),
(880,'Sonic','Border collie','','','L',685,0,'GI'),
(881,'Neco','PDA','','','L',686,0,'GIII'),
(882,'Onix','Border collie','','','S',687,0,'P.A.'),
(883,'Llan','Border collie','','','S',686,0,'P.A.'),
(884,'Lola','Shetland','','','S',385,0,'P.A.'),
(885,'India','Border collie','','','S',689,0,'P.A.'),
(886,'Pitu','Schauzer','','A977','S',690,0,'GII'),
(887,'Neo','','','','L',691,0,'GII'),
(888,'Brown','Border collie','','','L',692,0,'GII'),
(889,'Ghost','Border collie','','','L',693,0,'GI'),
(890,'Noa','Border collie','','','L',689,0,'GI'),
(891,'Hera','Border collie','','','L',687,0,'GI'),
(892,'Kenji','Border collie','','','L',694,0,'GI'),
(893,'Gru','Shetland','','','L',171,0,'GI'),
(894,'Truffa','Schauzer','','','M',695,0,'GI'),
(895,'Dream','Border collie','','','M',696,0,'GI'),
(896,'Lala','','','','L',697,0,'GII'),
(897,'Marnie blue','','','','L',697,0,'GI'),
(898,'Onza','','','','L',698,0,'GI'),
(899,'Bhoni','','','','L',699,0,'P.A.'),
(900,'Cus-cus','Shetland','','','S',229,0,'P.A.'),
(901,'Cacao','PDAE','','','M',152,0,'P.A.'),
(902,'Kimy','','','','-',616,0,'P.A.'),
(903,'Rafa','','','','L',346,0,'GI'),
(904,'Naima','','','','L',700,0,'GI'),
(905,'Roy','','','','M',701,0,'P.A.'),
(906,'Nai','','','A687','L',702,0,'GII'),
(907,'Candela','Perro de Aguas Español','','','M',703,0,'GI'),
(908,'Bolisa','Papillon','','','S',228,0,'P.A.'),
(909,'Deva','Border Collie','','','L',435,0,'GI'),
(910,'chica','Pastor Aleman','','1620','L',704,0,'GII'),
(911,'Crunch','Border Collie','','A954','L',705,0,'GII'),
(912,'Hada','Border Collie','','A329','L',426,0,'GII'),
(913,'Ibra','Border Collie','','A698','L',274,0,'GII'),
(914,'sky','Golden Retriever','','A700','L',706,0,'GII'),
(915,'Tacas','Border Collie','','A404','L',125,0,'GII'),
(916,'Teo','Border Collie','','A153','L',125,0,'GII'),
(917,'Baldufa','Pastor de los Pirineos','','1624','M',707,0,'GII'),
(918,'Lara Croft','Shetland Sheepdog','','A640','M',128,0,'GII'),
(919,'Viitta','Pastor de los Pirineos','','','M',55,0,'GII'),
(920,'Nina','Teckel','','A685','S',708,0,'GII'),
(921,'Roma','Jack Russel','','A869','S',709,0,'GII'),
(922,'Nube','Perro de Aguas Español','','','L',710,0,'GI'),
(923,'Bruce','Schnauzer miniatura','','','M',711,0,'GI'),
(924,'Cora','P.B. Groenendael','','A839','L',712,0,'GII'),
(925,'Golfa','Setter','','A837','L',713,0,'GII'),
(926,'Taboo','Pastor de los pirineos','','A859','M',714,0,'GII'),
(927,'Nina','Papillon','','','S',120,0,'GI'),
(928,'Wifi','Schipperke','','1568','S',715,0,'GII'),
(929,'Pati','Border Collie','','','L',428,0,'GI'),
(930,'Obelix','Bearded Collie','','','L',716,0,'GII'),
(932,'Honey','Shetland sheepdog','','','M',717,0,'GI'),
(933,'Scott','','','','M',718,0,'GII'),
(934,'klaus','Cavalier KCS','','','S',288,0,'GI'),
(936,'Nami','','','','S',719,0,'GI'),
(937,'Mel','Caniche','','A705','S',720,0,'GII'),
(938,'Xena','Schnauzer miniatura','','A706','S',721,0,'GII'),
(939,'Geluk','','','','L',722,0,'GI'),
(940,'Inox del Fluvi','Rough Collie','','','L',723,0,'GII'),
(941,'Mind','Border Collie','','','L',27,0,'GII'),
(942,'Titania del Fluvi','Rough Collie','','A745','L',724,0,'GII'),
(943,'Maoui','Carea Leones','','1575','L',251,0,'GIII'),
(944,'Chepe','P.B. Tervueren','','A676','L',103,0,'GII'),
(945,'Gina-Jolie','P.B. Tervueren','','988','L',345,0,'GII'),
(946,'Onix','Sheetland sheepdog','','B019','M',565,0,'GII'),
(947,'Sugar','Bearded Collie','','A710','L',725,0,'GII'),
(948,'kibu','Tibetan Terrier','','','M',725,0,'GI'),
(949,'Perla','Caniche','','A595','S',65,0,'GII'),
(950,'Bye','Border Collie','','','L',726,0,'GI'),
(951,'Chiqui','Pastor Belga','','A512','L',417,0,'GIII'),
(952,'Diva','Shetland Sheepdog','','','M',727,0,'GI'),
(953,'Tana','Shetlan sheepdog','','','S',728,0,'GI'),
(954,'Beauty','Border Collie','','A823','L',352,0,'GII'),
(955,'Memphis','Border Collie','','A658','L',261,0,'GII'),
(956,'Noa','Schnauzer','','','M',729,0,'GII'),
(957,'Swing','Schnauzer','','','S',730,0,'GI'),
(958,'Eiden','','','A756','L',731,0,'GII'),
(959,'Roy','P.B. Malinoise','','A860','L',732,0,'GII'),
(960,'Aileen','Border Collie','','','M',733,0,'GI'),
(961,'Megan','Shetland sheepdog','','A731','M',403,0,'GII'),
(962,'Cigro','','','','L',734,0,'GI'),
(963,'Meibis','Border Collie','','','L',735,0,'GI'),
(964,'Himaya','P.B. Malinoise','','A709','L',736,0,'GII'),
(965,'Sam','P.B. Malinoise','','651','L',737,0,'GII'),
(966,'zoeh','','','1613','L',738,0,'GII'),
(967,'Chico','','','','S',738,0,'GII'),
(968,'Artillera','Perro de Aguas Español','','A901','M',372,0,'GIII'),
(969,'Tirillas','Border Collie','','','L',241,0,'GIII'),
(970,'kenia','Border Collie','','','L',739,0,'GI'),
(971,'Thai','','','','L',219,0,'GI'),
(972,'Simón','','','','L',740,0,'GI'),
(973,'Bruss','Labrador Retriever','','','L',469,0,'GI'),
(977,'Keiko','Shar Pei','','','L',335,0,'GI'),
(979,'Uca','Border Collie','','','L',741,0,'GI'),
(980,'Yoshy','Samoyedo','','','L',742,0,'GI'),
(981,'Zeta','','','','L',308,0,'GI'),
(982,'Bella','Beagle','','','M',743,0,'GI'),
(983,'Cia','','','','L',741,0,'P.A.'),
(984,'Tierra','','','','L',744,0,'P.A.'),
(985,'Sweet','Shetland sheepdog','','','M',745,0,'P.A.'),
(986,'Bruja','Border Collie','','','L',192,0,'GI'),
(987,'Xendy','Border Collie','','','L',746,0,'GI'),
(988,'Donna','','','A796','L',747,0,'GII'),
(989,'Coco','Labrador Retriever','','','L',748,0,'GI'),
(990,'Tugba','Labrador Retriever','','','L',749,0,'GI'),
(991,'Remigio','Sussex Spaniel','','','M',750,0,'GI'),
(992,'Daisy','','','','L',751,0,'P.A.'),
(993,'Laska','','','','L',752,0,'P.A.'),
(994,'Momo','Border Collie','','','L',753,0,'GI'),
(995,'Sally','Perro de Aguas Español','','','M',109,0,'GI'),
(996,'Dama','Fox Terrier Wire','','2014990020P000000003','S',754,1,'GII');
/*!40000 ALTER TABLE `perros` ENABLE KEYS */;
UNLOCK TABLES;

--
-- Table structure for table `provincias`
--

DROP TABLE IF EXISTS `provincias`;
/*!40101 SET @saved_cs_client     = @@character_set_client */;
/*!40101 SET character_set_client = utf8 */;
CREATE TABLE `provincias` (
  `Provincia` varchar(32) NOT NULL DEFAULT '',
  `Comunidad` varchar(32) DEFAULT NULL,
  `Codigo` int(2) NOT NULL DEFAULT '0',
  PRIMARY KEY (`Provincia`),
  UNIQUE KEY `Provincias_Codigo` (`Codigo`)
) ENGINE=InnoDB DEFAULT CHARSET=utf8;
/*!40101 SET character_set_client = @saved_cs_client */;

--
-- Dumping data for table `provincias`
--

LOCK TABLES `provincias` WRITE;
/*!40000 ALTER TABLE `provincias` DISABLE KEYS */;
INSERT INTO `provincias` VALUES 
('-- Sin asignar --','NO BORRAR: Usado para cuando no ',0),
('Albacete','Castilla - La Mancha',2),
('Alicante/Alacant','Comunitat Valenciana',3),
('Almería','Andalucía',4),
('Araba/Álava','País Vasco',1),
('Asturias','Cantabria',33),
('Ávila','Castilla y León',5),
('Badajoz','Extremadura',6),
('Balears, Illes','Balears, Illes',7),
('Barcelona','Cataluña',8),
('Bizkaia/Vizcaya','País Vasco',48),
('Burgos','Castilla y León',9),
('Cáceres','Extremadura',10),
('Cádiz','Andalucía',11),
('Cantabria','Cantabria',39),
('Castellón/Castelló','Comunitat Valenciana',12),
('Ceuta','Ceuta',51),
('Ciudad Real','Castilla - La Mancha',13),
('Córdoba','Andalucía',14),
('Coruña, A','Galicia',15),
('Cuenca','Castilla - La Mancha',16),
('Gipuzkoa/Guipúzcoa','País Vasco',20),
('Girona/Gerona','Cataluña',17),
('Granada','Andalucía',18),
('Guadalajara','Castilla - La Mancha',19),
('Huelva','Andalucía',21),
('Huesca','Aragón',22),
('Jaén','Andalucía',23),
('León','Castilla y León',24),
('Lleida/Lérida','Cataluña',25),
('Lugo','Galicia',27),
('Madrid','Madrid, Comunidad de',28),
('Málaga','Andalucía',29),
('Melilla','Melilla',52),
('Murcia','Murcia, Región de',30),
('Navarra','Navarra, Comunidad Foral de',31),
('Ourense/Orense','Galicia',32),
('Palencia','Castilla y León',34),
('Palmas, Las','Canarias',35),
('Pontevedra','Galicia',36),
('Rioja, La','Rioja, La',26),
('Salamanca','Castilla y León',37),
('Santa Cruz de Te','Canarias',38),
('Segovia','Castilla y León',40),
('Sevilla','Andalucía',41),
('Soria','Castilla y León',42),
('Tarragona','Cataluña',43),
('Teruel','Aragón',44),
('Toledo','Castilla - La Mancha',45),
('Valencia/Valéncia','Comunitat Valenciana',46),
('Valladolid','Castilla y León',47),
('Zamora','Castilla y León',49),
('Zaragoza','Aragón',50);
/*!40000 ALTER TABLE `provincias` ENABLE KEYS */;
UNLOCK TABLES;

--
-- Table structure for table `pruebas`
--

DROP TABLE IF EXISTS `pruebas`;
/*!40101 SET @saved_cs_client     = @@character_set_client */;
/*!40101 SET character_set_client = utf8 */;
CREATE TABLE `pruebas` (
  `ID` int(4) NOT NULL AUTO_INCREMENT,
  `Operador` int(4) DEFAULT NULL,
  `Nombre` varchar(255) NOT NULL,
  `Club` int(4) NOT NULL DEFAULT '1',
  `Ubicacion` varchar(255) DEFAULT NULL,
  `Triptico` longblob,
  `Cartel` longblob,
  `Observaciones` varchar(255) DEFAULT NULL,
  `RSCE` tinyint(1) NOT NULL DEFAULT '0',
  `Selectiva` tinyint(1) NOT NULL DEFAULT '0',
  `Cerrada` tinyint(1) NOT NULL DEFAULT '0',
  PRIMARY KEY (`ID`),
  KEY `Pruebas_Club` (`Club`),
  CONSTRAINT `Pruebas_ibfk_1` FOREIGN KEY (`Club`) REFERENCES `clubes` (`ID`) ON UPDATE CASCADE
) ENGINE=InnoDB AUTO_INCREMENT=3 DEFAULT CHARSET=utf8;
/*!40101 SET character_set_client = @saved_cs_client */;

--
-- Dumping data for table `pruebas`
--

LOCK TABLES `pruebas` WRITE;
/*!40000 ALTER TABLE `pruebas` DISABLE KEYS */;
INSERT INTO `pruebas` VALUES 
(1,NULL,'-- Sin asignar --',1,NULL,NULL,NULL,'NO BORRAR: Prueba por defecto para jornadas huerfanas',0,0,1),
(2,NULL,'Test Equipos',4,'','','','',0,0,0);
/*!40000 ALTER TABLE `pruebas` ENABLE KEYS */;
UNLOCK TABLES;

--
-- Table structure for table `resultados`
--

DROP TABLE IF EXISTS `resultados`;
/*!40101 SET @saved_cs_client     = @@character_set_client */;
/*!40101 SET character_set_client = utf8 */;
CREATE TABLE `resultados` (
  `Prueba` int(4) NOT NULL,
  `Jornada` int(4) NOT NULL,
  `Manga` int(4) NOT NULL,
  `Dorsal` int(4) NOT NULL,
  `Perro` int(4) NOT NULL,
  `Equipo` int(4) NOT NULL DEFAULT '0',
  `Nombre` varchar(255) NOT NULL,
  `Raza` varchar(255) NOT NULL DEFAULT '',
  `Licencia` varchar(255) NOT NULL DEFAULT '--------',
  `Categoria` varchar(1) NOT NULL DEFAULT '-',
  `Grado` varchar(16) NOT NULL DEFAULT '-',
  `Celo` tinyint(1) NOT NULL DEFAULT '0',
  `NombreGuia` varchar(255) NOT NULL DEFAULT '-- Sin asignar --',
  `NombreClub` varchar(255) NOT NULL DEFAULT '-- Sin asignar --',
  `Entrada` timestamp NOT NULL DEFAULT '2014-01-01 00:00:00',
  `Comienzo` timestamp NOT NULL DEFAULT '2014-01-01 00:00:00',
  `Faltas` int(4) NOT NULL DEFAULT '0',
  `Rehuses` int(4) NOT NULL DEFAULT '0',
  `Tocados` int(4) NOT NULL DEFAULT '0',
  `Eliminado` tinyint(1) NOT NULL DEFAULT '0',
  `NoPresentado` tinyint(1) NOT NULL DEFAULT '0',
  `Tiempo` double NOT NULL DEFAULT '0',
  `Observaciones` varchar(255) NOT NULL DEFAULT '',
  `Pendiente` tinyint(1) NOT NULL DEFAULT '1',
  PRIMARY KEY (`Manga`,`Perro`),
  KEY `Resultados_Perro` (`Perro`),
  KEY `Resultados_Manga` (`Manga`),
  KEY `Resultados_Dorsal` (`Dorsal`),
  KEY `Resultados_Jornada` (`Jornada`),
  KEY `Resultados_Prueba` (`Prueba`),
  CONSTRAINT `Resultados_ibfk_1` FOREIGN KEY (`Perro`) REFERENCES `perros` (`ID`) ON DELETE CASCADE ON UPDATE CASCADE,
  CONSTRAINT `Resultados_ibfk_2` FOREIGN KEY (`Manga`) REFERENCES `mangas` (`ID`) ON DELETE CASCADE ON UPDATE CASCADE,
  CONSTRAINT `Resultados_ibfk_3` FOREIGN KEY (`Prueba`) REFERENCES `pruebas` (`ID`) ON DELETE CASCADE ON UPDATE CASCADE,
  CONSTRAINT `Resultados_ibfk_4` FOREIGN KEY (`Jornada`) REFERENCES `jornadas` (`ID`) ON DELETE CASCADE ON UPDATE CASCADE
) ENGINE=InnoDB DEFAULT CHARSET=utf8;
/*!40101 SET character_set_client = @saved_cs_client */;

--
-- Dumping data for table `resultados`
--

LOCK TABLES `resultados` WRITE;
/*!40000 ALTER TABLE `resultados` DISABLE KEYS */;
INSERT INTO `resultados` VALUES 
(2,9,1,12,8,18,'Thelma','Border Collie','824','L','GII',0,'Fabian Santolaya','A. D. A. Pozuelo','2014-01-01 00:00:00','2014-01-01 00:00:00',0,0,0,0,0,0,'',1),
(2,9,1,8,9,20,'Boss','','797','L','GIII',0,'Oscar Muñiz','A-0','2015-04-29 19:15:54','2015-04-29 19:15:54',0,0,0,0,0,36.8,'',0),
(2,9,1,14,45,20,'Asia','Border Collie','A364','L','GIII',0,'José Luis Romero','A. D. A. Pozuelo','2015-04-29 19:16:17','2015-04-29 19:16:17',1,0,0,0,0,33.5,'',0),
(2,9,1,21,52,21,'Mister','Border Collie','A250','L','GII',0,'Rubén García','Eslón','2015-04-29 19:33:04','2015-04-29 19:33:04',0,0,0,0,1,0,'',0),
(2,9,1,7,66,17,'Kora','P.B.Malinoise','A332','L','GII',0,'Pedro Delgado Fernandez','A-0','2015-04-29 19:15:01','2015-04-29 19:15:01',1,0,0,0,0,40.5,'',0),
(2,9,1,20,84,21,'Maty','Border Collie','A333','L','GII',0,'Cristina Cortijo','Eslón','2015-04-29 19:32:57','2015-04-29 19:32:57',0,0,0,0,0,45.2,'',0),
(2,9,1,22,156,21,'Lennon','A. Foxhound','A336','L','GII',0,'Miguel Angel García','Eslón','2015-04-29 19:33:12','2015-04-29 19:33:12',0,0,0,0,0,38.3,'',0),
(2,9,1,17,350,19,'Dama','Fox Terrier Wire','A641','M','GIII',0,'Juan Antonio Martinez','Eslón','2014-01-01 00:00:00','2014-01-01 00:00:00',0,0,0,0,0,0,'',1),
(2,9,1,18,351,19,'Flai','Fox Terrier Wire','A815','M','GII',0,'Juan Antonio Martinez','Eslón','2014-01-01 00:00:00','2014-01-01 00:00:00',0,0,0,0,0,0,'',1),
(2,9,1,5,389,20,'Dolce','Border Collie','A681','L','GII',0,'Andres Morilla Sánchez','A-0','2015-04-29 19:16:19','2015-04-29 19:16:19',0,0,0,0,0,30.2,'',0),
(2,9,1,4,390,17,'Dolce','','','L','GII',0,'Natividad Ruiz García','A-0','2015-04-29 19:15:04','2015-04-29 19:15:04',0,0,0,1,0,0,'',0),
(2,9,1,6,391,9,'Gilda','Border Collie','A723','L','GII',1,'Natividad Ruiz García','A-0','2014-01-01 00:00:00','2014-01-01 00:00:00',0,0,0,0,0,0,'',1),
(2,9,1,11,397,18,'Milady','Border Collie','A791','L','GII',1,'Ricardo Santolaya','A. D. A. Pozuelo','2014-01-01 00:00:00','2014-01-01 00:00:00',0,0,0,0,0,0,'',1),
(2,9,1,15,413,19,'Lola','Jack Rusell','A633','S','GII',1,'Francisco de la Cruz','A. D. A. Pozuelo','2014-01-01 00:00:00','2014-01-01 00:00:00',0,0,0,0,0,0,'',1),
(2,9,1,13,414,18,'Yeny','Border Collie','A747','L','GII',0,'José Luis Romero','A. D. A. Pozuelo','2014-01-01 00:00:00','2014-01-01 00:00:00',0,0,0,0,0,0,'',1),
(2,9,1,9,417,20,'Crak','Border Collie','A719','L','GIII',0,'Oscar Muñiz','A-0','2015-04-29 19:16:10','2015-04-29 19:16:10',0,0,0,0,0,36.7,'',0),
(2,9,1,23,556,9,'botinera','','','L','GI',0,'Maria Jorge','AA Y CIA','2014-01-01 00:00:00','2014-01-01 00:00:00',0,0,0,0,0,0,'',1),
(2,9,1,3,585,17,'Ari','Border Collie','A894','L','GII',0,'Veronica Roda','A-0','2015-04-29 19:14:49','2015-04-29 19:14:49',0,0,0,0,0,33.4,'',0),
(2,9,1,10,589,18,'Iris','Border Collie','','L','GII',0,'Sara Montila','A. D. A. Pozuelo','2014-01-01 00:00:00','2014-01-01 00:00:00',0,0,0,0,0,0,'',1),
(2,9,1,19,609,21,'Lumbre','Border Collie','A932','L','GII',0,'Arancha Ruipérez Moslares','Eslón','2015-04-29 19:32:52','2015-04-29 19:32:52',1,1,0,0,0,37.3,'',0),
(2,9,1,1,633,9,'Asics','Pastor Belga Malinois','','L','GI',0,'Luis Miguel Rodrigo','A-0','2014-01-01 00:00:00','2014-01-01 00:00:00',0,0,0,0,0,0,'',1),
(2,9,1,2,644,17,'Boss','Border Collie','797','L','GI',0,'Álvaro Muñiz','A-0','2015-04-29 19:14:55','2015-04-29 19:14:55',0,0,0,0,0,37.2,'',0),
(2,9,1,16,692,19,'Beltxi','','','S','GI',0,'Amaia Peña Gómez','A. D. A. Pozuelo','2014-01-01 00:00:00','2014-01-01 00:00:00',0,0,0,0,0,0,'',1),
(2,9,2,12,8,18,'Thelma','Border Collie','824','L','GII',0,'Fabian Santolaya','A. D. A. Pozuelo','2014-01-01 00:00:00','2014-01-01 00:00:00',0,0,0,0,0,0,'',1),
(2,9,2,8,9,20,'Boss','','797','L','GIII',0,'Oscar Muñiz','A-0','2014-01-01 00:00:00','2014-01-01 00:00:00',0,0,0,0,0,0,'',1),
(2,9,2,14,45,20,'Asia','Border Collie','A364','L','GIII',0,'José Luis Romero','A. D. A. Pozuelo','2014-01-01 00:00:00','2014-01-01 00:00:00',0,0,0,0,0,0,'',1),
(2,9,2,21,52,21,'Mister','Border Collie','A250','L','GII',0,'Rubén García','Eslón','2014-01-01 00:00:00','2014-01-01 00:00:00',0,0,0,0,0,0,'',1),
(2,9,2,7,66,17,'Kora','P.B.Malinoise','A332','L','GII',0,'Pedro Delgado Fernandez','A-0','2014-01-01 00:00:00','2014-01-01 00:00:00',0,0,0,0,0,0,'',1),
(2,9,2,20,84,21,'Maty','Border Collie','A333','L','GII',0,'Cristina Cortijo','Eslón','2014-01-01 00:00:00','2014-01-01 00:00:00',0,0,0,0,0,0,'',1),
(2,9,2,22,156,21,'Lennon','A. Foxhound','A336','L','GII',0,'Miguel Angel García','Eslón','2014-01-01 00:00:00','2014-01-01 00:00:00',0,0,0,0,0,0,'',1),
(2,9,2,17,350,19,'Dama','Fox Terrier Wire','A641','M','GIII',0,'Juan Antonio Martinez','Eslón','2014-01-01 00:00:00','2014-01-01 00:00:00',0,0,0,0,0,0,'',1),
(2,9,2,18,351,19,'Flai','Fox Terrier Wire','A815','M','GII',0,'Juan Antonio Martinez','Eslón','2014-01-01 00:00:00','2014-01-01 00:00:00',0,0,0,0,0,0,'',1),
(2,9,2,5,389,20,'Dolce','Border Collie','A681','L','GII',0,'Andres Morilla Sánchez','A-0','2014-01-01 00:00:00','2014-01-01 00:00:00',0,0,0,0,0,0,'',1),
(2,9,2,4,390,17,'Dolce','','','L','GII',0,'Natividad Ruiz García','A-0','2014-01-01 00:00:00','2014-01-01 00:00:00',0,0,0,0,0,0,'',1),
(2,9,2,6,391,9,'Gilda','Border Collie','A723','L','GII',1,'Natividad Ruiz García','A-0','2014-01-01 00:00:00','2014-01-01 00:00:00',0,0,0,0,0,0,'',1),
(2,9,2,11,397,18,'Milady','Border Collie','A791','L','GII',1,'Ricardo Santolaya','A. D. A. Pozuelo','2014-01-01 00:00:00','2014-01-01 00:00:00',0,0,0,0,0,0,'',1),
(2,9,2,15,413,19,'Lola','Jack Rusell','A633','S','GII',1,'Francisco de la Cruz','A. D. A. Pozuelo','2014-01-01 00:00:00','2014-01-01 00:00:00',0,0,0,0,0,0,'',1),
(2,9,2,13,414,18,'Yeny','Border Collie','A747','L','GII',0,'José Luis Romero','A. D. A. Pozuelo','2014-01-01 00:00:00','2014-01-01 00:00:00',0,0,0,0,0,0,'',1),
(2,9,2,9,417,20,'Crak','Border Collie','A719','L','GIII',0,'Oscar Muñiz','A-0','2014-01-01 00:00:00','2014-01-01 00:00:00',0,0,0,0,0,0,'',1),
(2,9,2,23,556,9,'botinera','','','L','GI',0,'Maria Jorge','AA Y CIA','2014-01-01 00:00:00','2014-01-01 00:00:00',0,0,0,0,0,0,'',1),
(2,9,2,3,585,17,'Ari','Border Collie','A894','L','GII',0,'Veronica Roda','A-0','2014-01-01 00:00:00','2014-01-01 00:00:00',0,0,0,0,0,0,'',1),
(2,9,2,10,589,18,'Iris','Border Collie','','L','GII',0,'Sara Montila','A. D. A. Pozuelo','2014-01-01 00:00:00','2014-01-01 00:00:00',0,0,0,0,0,0,'',1),
(2,9,2,19,609,21,'Lumbre','Border Collie','A932','L','GII',0,'Arancha Ruipérez Moslares','Eslón','2014-01-01 00:00:00','2014-01-01 00:00:00',0,0,0,0,0,0,'',1),
(2,9,2,1,633,9,'Asics','Pastor Belga Malinois','','L','GI',0,'Luis Miguel Rodrigo','A-0','2014-01-01 00:00:00','2014-01-01 00:00:00',0,0,0,0,0,0,'',1),
(2,9,2,2,644,17,'Boss','Border Collie','797','L','GI',0,'Álvaro Muñiz','A-0','2014-01-01 00:00:00','2014-01-01 00:00:00',0,0,0,0,0,0,'',1),
(2,9,2,16,692,19,'Beltxi','','','S','GI',0,'Amaia Peña Gómez','A. D. A. Pozuelo','2014-01-01 00:00:00','2014-01-01 00:00:00',0,0,0,0,0,0,'',1),
(2,10,3,23,556,10,'botinera','','','L','GI',0,'Maria Jorge','AA Y CIA','2014-01-01 00:00:00','2014-01-01 00:00:00',0,0,0,0,0,0,'',1),
(2,10,3,1,633,10,'Asics','Pastor Belga Malinois','','L','GI',0,'Luis Miguel Rodrigo','A-0','2014-01-01 00:00:00','2014-01-01 00:00:00',0,0,0,0,0,0,'',1),
(2,10,3,2,644,10,'Boss','Border Collie','797','L','GI',0,'Álvaro Muñiz','A-0','2014-01-01 00:00:00','2014-01-01 00:00:00',0,0,0,0,0,0,'',1),
(2,10,3,16,692,10,'Beltxi','','','S','GI',0,'Amaia Peña Gómez','A. D. A. Pozuelo','2014-01-01 00:00:00','2014-01-01 00:00:00',0,0,0,0,0,0,'',1),
(2,10,4,23,556,10,'botinera','','','L','GI',0,'Maria Jorge','AA Y CIA','2014-01-01 00:00:00','2014-01-01 00:00:00',0,0,0,0,0,0,'',1),
(2,10,4,1,633,10,'Asics','Pastor Belga Malinois','','L','GI',0,'Luis Miguel Rodrigo','A-0','2014-01-01 00:00:00','2014-01-01 00:00:00',0,0,0,0,0,0,'',1),
(2,10,4,2,644,10,'Boss','Border Collie','797','L','GI',0,'Álvaro Muñiz','A-0','2014-01-01 00:00:00','2014-01-01 00:00:00',0,0,0,0,0,0,'',1),
(2,10,4,16,692,10,'Beltxi','','','S','GI',0,'Amaia Peña Gómez','A. D. A. Pozuelo','2014-01-01 00:00:00','2014-01-01 00:00:00',0,0,0,0,0,0,'',1),
(2,10,5,12,8,10,'Thelma','Border Collie','824','L','GII',0,'Fabian Santolaya','A. D. A. Pozuelo','2014-01-01 00:00:00','2014-01-01 00:00:00',0,0,0,0,0,0,'',1),
(2,10,5,21,52,10,'Mister','Border Collie','A250','L','GII',0,'Rubén García','Eslón','2014-01-01 00:00:00','2014-01-01 00:00:00',0,0,0,0,0,0,'',1),
(2,10,5,7,66,10,'Kora','P.B.Malinoise','A332','L','GII',0,'Pedro Delgado Fernandez','A-0','2014-01-01 00:00:00','2014-01-01 00:00:00',0,0,0,0,0,0,'',1),
(2,10,5,20,84,10,'Maty','Border Collie','A333','L','GII',0,'Cristina Cortijo','Eslón','2014-01-01 00:00:00','2014-01-01 00:00:00',0,0,0,0,0,0,'',1),
(2,10,5,22,156,10,'Lennon','A. Foxhound','A336','L','GII',0,'Miguel Angel García','Eslón','2014-01-01 00:00:00','2014-01-01 00:00:00',0,0,0,0,0,0,'',1),
(2,10,5,18,351,10,'Flai','Fox Terrier Wire','A815','M','GII',0,'Juan Antonio Martinez','Eslón','2014-01-01 00:00:00','2014-01-01 00:00:00',0,0,0,0,0,0,'',1),
(2,10,5,5,389,10,'Dolce','Border Collie','A681','L','GII',0,'Andres Morilla Sánchez','A-0','2014-01-01 00:00:00','2014-01-01 00:00:00',0,0,0,0,0,0,'',1),
(2,10,5,4,390,10,'Dolce','','','L','GII',0,'Natividad Ruiz García','A-0','2014-01-01 00:00:00','2014-01-01 00:00:00',0,0,0,0,0,0,'',1),
(2,10,5,6,391,10,'Gilda','Border Collie','A723','L','GII',1,'Natividad Ruiz García','A-0','2014-01-01 00:00:00','2014-01-01 00:00:00',0,0,0,0,0,0,'',1),
(2,10,5,11,397,10,'Milady','Border Collie','A791','L','GII',1,'Ricardo Santolaya','A. D. A. Pozuelo','2014-01-01 00:00:00','2014-01-01 00:00:00',0,0,0,0,0,0,'',1),
(2,10,5,15,413,10,'Lola','Jack Rusell','A633','S','GII',1,'Francisco de la Cruz','A. D. A. Pozuelo','2014-01-01 00:00:00','2014-01-01 00:00:00',0,0,0,0,0,0,'',1),
(2,10,5,13,414,10,'Yeny','Border Collie','A747','L','GII',0,'José Luis Romero','A. D. A. Pozuelo','2014-01-01 00:00:00','2014-01-01 00:00:00',0,0,0,0,0,0,'',1),
(2,10,5,3,585,10,'Ari','Border Collie','A894','L','GII',0,'Veronica Roda','A-0','2014-01-01 00:00:00','2014-01-01 00:00:00',0,0,0,0,0,0,'',1),
(2,10,5,10,589,10,'Iris','Border Collie','','L','GII',0,'Sara Montila','A. D. A. Pozuelo','2014-01-01 00:00:00','2014-01-01 00:00:00',0,0,0,0,0,0,'',1),
(2,10,5,19,609,10,'Lumbre','Border Collie','A932','L','GII',0,'Arancha Ruipérez Moslares','Eslón','2014-01-01 00:00:00','2014-01-01 00:00:00',0,0,0,0,0,0,'',1),
(2,10,6,12,8,10,'Thelma','Border Collie','824','L','GII',0,'Fabian Santolaya','A. D. A. Pozuelo','2014-01-01 00:00:00','2014-01-01 00:00:00',0,0,0,0,0,0,'',1),
(2,10,6,21,52,10,'Mister','Border Collie','A250','L','GII',0,'Rubén García','Eslón','2014-01-01 00:00:00','2014-01-01 00:00:00',0,0,0,0,0,0,'',1),
(2,10,6,7,66,10,'Kora','P.B.Malinoise','A332','L','GII',0,'Pedro Delgado Fernandez','A-0','2014-01-01 00:00:00','2014-01-01 00:00:00',0,0,0,0,0,0,'',1),
(2,10,6,20,84,10,'Maty','Border Collie','A333','L','GII',0,'Cristina Cortijo','Eslón','2014-01-01 00:00:00','2014-01-01 00:00:00',0,0,0,0,0,0,'',1),
(2,10,6,22,156,10,'Lennon','A. Foxhound','A336','L','GII',0,'Miguel Angel García','Eslón','2014-01-01 00:00:00','2014-01-01 00:00:00',0,0,0,0,0,0,'',1),
(2,10,6,18,351,10,'Flai','Fox Terrier Wire','A815','M','GII',0,'Juan Antonio Martinez','Eslón','2014-01-01 00:00:00','2014-01-01 00:00:00',0,0,0,0,0,0,'',1),
(2,10,6,5,389,10,'Dolce','Border Collie','A681','L','GII',0,'Andres Morilla Sánchez','A-0','2014-01-01 00:00:00','2014-01-01 00:00:00',0,0,0,0,0,0,'',1),
(2,10,6,4,390,10,'Dolce','','','L','GII',0,'Natividad Ruiz García','A-0','2014-01-01 00:00:00','2014-01-01 00:00:00',0,0,0,0,0,0,'',1),
(2,10,6,6,391,10,'Gilda','Border Collie','A723','L','GII',1,'Natividad Ruiz García','A-0','2014-01-01 00:00:00','2014-01-01 00:00:00',0,0,0,0,0,0,'',1),
(2,10,6,11,397,10,'Milady','Border Collie','A791','L','GII',1,'Ricardo Santolaya','A. D. A. Pozuelo','2014-01-01 00:00:00','2014-01-01 00:00:00',0,0,0,0,0,0,'',1),
(2,10,6,15,413,10,'Lola','Jack Rusell','A633','S','GII',1,'Francisco de la Cruz','A. D. A. Pozuelo','2014-01-01 00:00:00','2014-01-01 00:00:00',0,0,0,0,0,0,'',1),
(2,10,6,13,414,10,'Yeny','Border Collie','A747','L','GII',0,'José Luis Romero','A. D. A. Pozuelo','2014-01-01 00:00:00','2014-01-01 00:00:00',0,0,0,0,0,0,'',1),
(2,10,6,3,585,10,'Ari','Border Collie','A894','L','GII',0,'Veronica Roda','A-0','2014-01-01 00:00:00','2014-01-01 00:00:00',0,0,0,0,0,0,'',1),
(2,10,6,10,589,10,'Iris','Border Collie','','L','GII',0,'Sara Montila','A. D. A. Pozuelo','2014-01-01 00:00:00','2014-01-01 00:00:00',0,0,0,0,0,0,'',1),
(2,10,6,19,609,10,'Lumbre','Border Collie','A932','L','GII',0,'Arancha Ruipérez Moslares','Eslón','2014-01-01 00:00:00','2014-01-01 00:00:00',0,0,0,0,0,0,'',1),
(2,10,7,8,9,10,'Boss','','797','L','GIII',0,'Oscar Muñiz','A-0','2014-01-01 00:00:00','2014-01-01 00:00:00',0,0,0,0,0,0,'',1),
(2,10,7,14,45,10,'Asia','Border Collie','A364','L','GIII',0,'José Luis Romero','A. D. A. Pozuelo','2014-01-01 00:00:00','2014-01-01 00:00:00',0,0,0,0,0,0,'',1),
(2,10,7,17,350,10,'Dama','Fox Terrier Wire','A641','M','GIII',0,'Juan Antonio Martinez','Eslón','2014-01-01 00:00:00','2014-01-01 00:00:00',0,0,0,0,0,0,'',1),
(2,10,7,9,417,10,'Crak','Border Collie','A719','L','GIII',0,'Oscar Muñiz','A-0','2014-01-01 00:00:00','2014-01-01 00:00:00',0,0,0,0,0,0,'',1),
(2,10,8,8,9,10,'Boss','','797','L','GIII',0,'Oscar Muñiz','A-0','2014-01-01 00:00:00','2014-01-01 00:00:00',0,0,0,0,0,0,'',1),
(2,10,8,14,45,10,'Asia','Border Collie','A364','L','GIII',0,'José Luis Romero','A. D. A. Pozuelo','2014-01-01 00:00:00','2014-01-01 00:00:00',0,0,0,0,0,0,'',1),
(2,10,8,17,350,10,'Dama','Fox Terrier Wire','A641','M','GIII',0,'Juan Antonio Martinez','Eslón','2014-01-01 00:00:00','2014-01-01 00:00:00',0,0,0,0,0,0,'',1),
(2,10,8,9,417,10,'Crak','Border Collie','A719','L','GIII',0,'Oscar Muñiz','A-0','2014-01-01 00:00:00','2014-01-01 00:00:00',0,0,0,0,0,0,'',1),
(2,11,10,23,556,11,'botinera','','','L','GI',0,'Maria Jorge','AA Y CIA','2014-01-01 00:00:00','2014-01-01 00:00:00',0,0,0,0,0,0,'',1),
(2,11,10,1,633,11,'Asics','Pastor Belga Malinois','','L','GI',0,'Luis Miguel Rodrigo','A-0','2014-01-01 00:00:00','2014-01-01 00:00:00',0,0,0,0,0,0,'',1),
(2,11,10,2,644,11,'Boss','Border Collie','797','L','GI',0,'Álvaro Muñiz','A-0','2014-01-01 00:00:00','2014-01-01 00:00:00',0,0,0,0,0,0,'',1),
(2,11,10,16,692,11,'Beltxi','','','S','GI',0,'Amaia Peña Gómez','A. D. A. Pozuelo','2014-01-01 00:00:00','2014-01-01 00:00:00',0,0,0,0,0,0,'',1),
(2,11,11,23,556,11,'botinera','','','L','GI',0,'Maria Jorge','AA Y CIA','2014-01-01 00:00:00','2014-01-01 00:00:00',0,0,0,0,0,0,'',1),
(2,11,11,1,633,11,'Asics','Pastor Belga Malinois','','L','GI',0,'Luis Miguel Rodrigo','A-0','2014-01-01 00:00:00','2014-01-01 00:00:00',0,0,0,0,0,0,'',1),
(2,11,11,2,644,11,'Boss','Border Collie','797','L','GI',0,'Álvaro Muñiz','A-0','2014-01-01 00:00:00','2014-01-01 00:00:00',0,0,0,0,0,0,'',1),
(2,11,11,16,692,11,'Beltxi','','','S','GI',0,'Amaia Peña Gómez','A. D. A. Pozuelo','2014-01-01 00:00:00','2014-01-01 00:00:00',0,0,0,0,0,0,'',1),
(2,11,12,12,8,11,'Thelma','Border Collie','824','L','GII',0,'Fabian Santolaya','A. D. A. Pozuelo','2014-01-01 00:00:00','2014-01-01 00:00:00',0,0,0,0,0,0,'',1),
(2,11,12,21,52,11,'Mister','Border Collie','A250','L','GII',0,'Rubén García','Eslón','2014-01-01 00:00:00','2014-01-01 00:00:00',0,0,0,0,0,0,'',1),
(2,11,12,7,66,11,'Kora','P.B.Malinoise','A332','L','GII',0,'Pedro Delgado Fernandez','A-0','2014-01-01 00:00:00','2014-01-01 00:00:00',0,0,0,0,0,0,'',1),
(2,11,12,20,84,11,'Maty','Border Collie','A333','L','GII',0,'Cristina Cortijo','Eslón','2014-01-01 00:00:00','2014-01-01 00:00:00',0,0,0,0,0,0,'',1),
(2,11,12,22,156,11,'Lennon','A. Foxhound','A336','L','GII',0,'Miguel Angel García','Eslón','2014-01-01 00:00:00','2014-01-01 00:00:00',0,0,0,0,0,0,'',1),
(2,11,12,18,351,11,'Flai','Fox Terrier Wire','A815','M','GII',0,'Juan Antonio Martinez','Eslón','2014-01-01 00:00:00','2014-01-01 00:00:00',0,0,0,0,0,0,'',1),
(2,11,12,5,389,11,'Dolce','Border Collie','A681','L','GII',0,'Andres Morilla Sánchez','A-0','2014-01-01 00:00:00','2014-01-01 00:00:00',0,0,0,0,0,0,'',1),
(2,11,12,4,390,11,'Dolce','','','L','GII',0,'Natividad Ruiz García','A-0','2014-01-01 00:00:00','2014-01-01 00:00:00',0,0,0,0,0,0,'',1),
(2,11,12,6,391,11,'Gilda','Border Collie','A723','L','GII',1,'Natividad Ruiz García','A-0','2014-01-01 00:00:00','2014-01-01 00:00:00',0,0,0,0,0,0,'',1),
(2,11,12,11,397,11,'Milady','Border Collie','A791','L','GII',1,'Ricardo Santolaya','A. D. A. Pozuelo','2014-01-01 00:00:00','2014-01-01 00:00:00',0,0,0,0,0,0,'',1),
(2,11,12,15,413,11,'Lola','Jack Rusell','A633','S','GII',1,'Francisco de la Cruz','A. D. A. Pozuelo','2014-01-01 00:00:00','2014-01-01 00:00:00',0,0,0,0,0,0,'',1),
(2,11,12,13,414,11,'Yeny','Border Collie','A747','L','GII',0,'José Luis Romero','A. D. A. Pozuelo','2014-01-01 00:00:00','2014-01-01 00:00:00',0,0,0,0,0,0,'',1),
(2,11,12,3,585,11,'Ari','Border Collie','A894','L','GII',0,'Veronica Roda','A-0','2014-01-01 00:00:00','2014-01-01 00:00:00',0,0,0,0,0,0,'',1),
(2,11,12,10,589,11,'Iris','Border Collie','','L','GII',0,'Sara Montila','A. D. A. Pozuelo','2014-01-01 00:00:00','2014-01-01 00:00:00',0,0,0,0,0,0,'',1),
(2,11,12,19,609,11,'Lumbre','Border Collie','A932','L','GII',0,'Arancha Ruipérez Moslares','Eslón','2014-01-01 00:00:00','2014-01-01 00:00:00',0,0,0,0,0,0,'',1),
(2,11,13,12,8,11,'Thelma','Border Collie','824','L','GII',0,'Fabian Santolaya','A. D. A. Pozuelo','2014-01-01 00:00:00','2014-01-01 00:00:00',0,0,0,0,0,0,'',1),
(2,11,13,21,52,11,'Mister','Border Collie','A250','L','GII',0,'Rubén García','Eslón','2014-01-01 00:00:00','2014-01-01 00:00:00',0,0,0,0,0,0,'',1),
(2,11,13,7,66,11,'Kora','P.B.Malinoise','A332','L','GII',0,'Pedro Delgado Fernandez','A-0','2014-01-01 00:00:00','2014-01-01 00:00:00',0,0,0,0,0,0,'',1),
(2,11,13,20,84,11,'Maty','Border Collie','A333','L','GII',0,'Cristina Cortijo','Eslón','2014-01-01 00:00:00','2014-01-01 00:00:00',0,0,0,0,0,0,'',1),
(2,11,13,22,156,11,'Lennon','A. Foxhound','A336','L','GII',0,'Miguel Angel García','Eslón','2014-01-01 00:00:00','2014-01-01 00:00:00',0,0,0,0,0,0,'',1),
(2,11,13,18,351,11,'Flai','Fox Terrier Wire','A815','M','GII',0,'Juan Antonio Martinez','Eslón','2014-01-01 00:00:00','2014-01-01 00:00:00',0,0,0,0,0,0,'',1),
(2,11,13,5,389,11,'Dolce','Border Collie','A681','L','GII',0,'Andres Morilla Sánchez','A-0','2014-01-01 00:00:00','2014-01-01 00:00:00',0,0,0,0,0,0,'',1),
(2,11,13,4,390,11,'Dolce','','','L','GII',0,'Natividad Ruiz García','A-0','2014-01-01 00:00:00','2014-01-01 00:00:00',0,0,0,0,0,0,'',1),
(2,11,13,6,391,11,'Gilda','Border Collie','A723','L','GII',1,'Natividad Ruiz García','A-0','2014-01-01 00:00:00','2014-01-01 00:00:00',0,0,0,0,0,0,'',1),
(2,11,13,11,397,11,'Milady','Border Collie','A791','L','GII',1,'Ricardo Santolaya','A. D. A. Pozuelo','2014-01-01 00:00:00','2014-01-01 00:00:00',0,0,0,0,0,0,'',1),
(2,11,13,15,413,11,'Lola','Jack Rusell','A633','S','GII',1,'Francisco de la Cruz','A. D. A. Pozuelo','2014-01-01 00:00:00','2014-01-01 00:00:00',0,0,0,0,0,0,'',1),
(2,11,13,13,414,11,'Yeny','Border Collie','A747','L','GII',0,'José Luis Romero','A. D. A. Pozuelo','2014-01-01 00:00:00','2014-01-01 00:00:00',0,0,0,0,0,0,'',1),
(2,11,13,3,585,11,'Ari','Border Collie','A894','L','GII',0,'Veronica Roda','A-0','2014-01-01 00:00:00','2014-01-01 00:00:00',0,0,0,0,0,0,'',1),
(2,11,13,10,589,11,'Iris','Border Collie','','L','GII',0,'Sara Montila','A. D. A. Pozuelo','2014-01-01 00:00:00','2014-01-01 00:00:00',0,0,0,0,0,0,'',1),
(2,11,13,19,609,11,'Lumbre','Border Collie','A932','L','GII',0,'Arancha Ruipérez Moslares','Eslón','2014-01-01 00:00:00','2014-01-01 00:00:00',0,0,0,0,0,0,'',1),
(2,11,14,8,9,11,'Boss','','797','L','GIII',0,'Oscar Muñiz','A-0','2014-01-01 00:00:00','2014-01-01 00:00:00',0,0,0,0,0,0,'',1),
(2,11,14,14,45,11,'Asia','Border Collie','A364','L','GIII',0,'José Luis Romero','A. D. A. Pozuelo','2014-01-01 00:00:00','2014-01-01 00:00:00',0,0,0,0,0,0,'',1),
(2,11,14,17,350,11,'Dama','Fox Terrier Wire','A641','M','GIII',0,'Juan Antonio Martinez','Eslón','2014-01-01 00:00:00','2014-01-01 00:00:00',0,0,0,0,0,0,'',1),
(2,11,14,9,417,11,'Crak','Border Collie','A719','L','GIII',0,'Oscar Muñiz','A-0','2014-01-01 00:00:00','2014-01-01 00:00:00',0,0,0,0,0,0,'',1),
(2,11,15,8,9,11,'Boss','','797','L','GIII',0,'Oscar Muñiz','A-0','2014-01-01 00:00:00','2014-01-01 00:00:00',0,0,0,0,0,0,'',1),
(2,11,15,14,45,11,'Asia','Border Collie','A364','L','GIII',0,'José Luis Romero','A. D. A. Pozuelo','2014-01-01 00:00:00','2014-01-01 00:00:00',0,0,0,0,0,0,'',1),
(2,11,15,17,350,11,'Dama','Fox Terrier Wire','A641','M','GIII',0,'Juan Antonio Martinez','Eslón','2014-01-01 00:00:00','2014-01-01 00:00:00',0,0,0,0,0,0,'',1),
(2,11,15,9,417,11,'Crak','Border Collie','A719','L','GIII',0,'Oscar Muñiz','A-0','2014-01-01 00:00:00','2014-01-01 00:00:00',0,0,0,0,0,0,'',1);
/*!40000 ALTER TABLE `resultados` ENABLE KEYS */;
UNLOCK TABLES;

--
-- Table structure for table `sesiones`
--

DROP TABLE IF EXISTS `sesiones`;
/*!40101 SET @saved_cs_client     = @@character_set_client */;
/*!40101 SET character_set_client = utf8 */;
CREATE TABLE `sesiones` (
  `ID` int(4) NOT NULL AUTO_INCREMENT,
  `Nombre` varchar(255) NOT NULL DEFAULT '-- Sin asignar --',
  `Comentario` varchar(255) DEFAULT NULL,
  `Operador` int(4) NOT NULL DEFAULT '1',
  `SessionKey` varchar(255) DEFAULT NULL,
  `Prueba` int(4) NOT NULL DEFAULT '0',
  `Jornada` int(4) NOT NULL DEFAULT '0',
  `Manga` int(4) NOT NULL DEFAULT '0',
  `Tanda` int(4) NOT NULL DEFAULT '0',
  `Background` varchar(255) NOT NULL DEFAULT '',
  `LiveStream` varchar(255) DEFAULT NULL,
  `LiveStream2` varchar(255) DEFAULT NULL,
  `LiveStream3` varchar(255) DEFAULT NULL,
  `LastModified` timestamp NOT NULL DEFAULT CURRENT_TIMESTAMP ON UPDATE CURRENT_TIMESTAMP,
  PRIMARY KEY (`ID`),
  KEY `Sesiones_Operador` (`Operador`),
  CONSTRAINT `Sesiones_ibfk_1` FOREIGN KEY (`Operador`) REFERENCES `usuarios` (`ID`) ON DELETE CASCADE ON UPDATE CASCADE
) ENGINE=InnoDB AUTO_INCREMENT=204 DEFAULT CHARSET=utf8;
/*!40101 SET character_set_client = @saved_cs_client */;

--
-- Dumping data for table `sesiones`
--

LOCK TABLES `sesiones` WRITE;
/*!40000 ALTER TABLE `sesiones` DISABLE KEYS */;
INSERT INTO `sesiones` VALUES 
(1,'-- Sin asignar --','',5,'LrsYwF0fTuCB6Gtc',6,33,61,10,'','/agility/videos/sample_video.mp4',NULL,NULL,'2015-04-09 22:27:59'),
(2,'Ring 1','Mangas a realizar en el Ring de honor',5,'Q6eNHc2qzMnZFf0K',8,49,91,3,'http://192.168.122.168/videostream.cgi','','','','2015-04-01 21:34:45'),
(3,'Ring 2','Mangas a realizar en el segundo ring',1,NULL,0,0,0,0,'',NULL,NULL,NULL,'2014-12-05 19:14:34'),
(4,'Ring 3','Mangas a realizar en el tercer ring',1,NULL,0,0,0,0,'',NULL,NULL,NULL,'2014-12-05 19:14:34'),
(5,'Ring 4','Mangas a realizar en el cuarto ring',1,NULL,0,0,0,0,'',NULL,NULL,NULL,'2014-12-05 19:14:34'),
(203,'Console','admin - Administrador de la aplicacion',3,'PGT5xshqQj2VA9uJ',0,0,0,0,'',NULL,NULL,NULL,'2015-04-29 19:58:38');
/*!40000 ALTER TABLE `sesiones` ENABLE KEYS */;
UNLOCK TABLES;

--
-- Table structure for table `tandas`
--

DROP TABLE IF EXISTS `tandas`;
/*!40101 SET @saved_cs_client     = @@character_set_client */;
/*!40101 SET character_set_client = utf8 */;
CREATE TABLE `tandas` (
  `ID` int(4) NOT NULL AUTO_INCREMENT,
  `Prueba` int(4) NOT NULL DEFAULT '1',
  `Jornada` int(4) NOT NULL,
  `Sesion` int(4) NOT NULL DEFAULT '1',
  `Orden` int(4) NOT NULL,
  `Nombre` varchar(255) NOT NULL,
  `Categoria` varchar(16) NOT NULL,
  `Grado` varchar(16) NOT NULL,
  `Horario` varchar(128) DEFAULT NULL,
  `Tipo` int(4) NOT NULL,
  `Comentario` varchar(255) DEFAULT NULL,
  PRIMARY KEY (`ID`),
  KEY `Tandas_Prueba` (`Prueba`),
  KEY `Tandas_Jornada` (`Jornada`),
  KEY `Tandas_Sesion` (`Sesion`),
  CONSTRAINT `Tandas_ibfk_1` FOREIGN KEY (`Prueba`) REFERENCES `pruebas` (`ID`) ON DELETE CASCADE ON UPDATE CASCADE,
  CONSTRAINT `Tandas_ibfk_2` FOREIGN KEY (`Jornada`) REFERENCES `jornadas` (`ID`) ON DELETE CASCADE ON UPDATE CASCADE,
  CONSTRAINT `Tandas_ibfk_3` FOREIGN KEY (`Sesion`) REFERENCES `sesiones` (`ID`) ON UPDATE CASCADE
) ENGINE=InnoDB AUTO_INCREMENT=159 DEFAULT CHARSET=utf8;
/*!40101 SET character_set_client = @saved_cs_client */;

--
-- Dumping data for table `tandas`
--

LOCK TABLES `tandas` WRITE;
/*!40000 ALTER TABLE `tandas` DISABLE KEYS */;
INSERT INTO `tandas` VALUES 
(1,2,9,1,1,'Pre-Agility 1','-LMST','P.A.',NULL,1,NULL),
(20,2,10,1,1,'Pre-Agility 1','-LMST','P.A.',NULL,1,NULL),
(21,2,10,1,38,'Agility-1 GI Large','L','GI',NULL,3,NULL),
(22,2,10,1,39,'Agility-1 GI Medium','M','GI',NULL,4,NULL),
(23,2,10,1,40,'Agility-1 GI Small','S','GI',NULL,5,NULL),
(24,2,10,1,41,'Agility-2 GI Large','L','GI',NULL,6,NULL),
(25,2,10,1,42,'Agility-2 GI Medium','M','GI',NULL,7,NULL),
(26,2,10,1,43,'Agility-2 GI Small','S','GI',NULL,8,NULL),
(27,2,10,1,44,'Agility GII Large','L','GII',NULL,9,NULL),
(28,2,10,1,45,'Agility GII Medium','M','GII',NULL,10,NULL),
(29,2,10,1,46,'Agility GII Small','S','GII',NULL,11,NULL),
(30,2,10,1,47,'Jumping GII Large','L','GII',NULL,23,NULL),
(31,2,10,1,48,'Jumping GII Medium','M','GII',NULL,24,NULL),
(32,2,10,1,49,'Jumping GII Small','S','GII',NULL,25,NULL),
(33,2,10,1,50,'Agility GIII Large','L','GIII',NULL,12,NULL),
(34,2,10,1,51,'Agility GIII Medium','M','GIII',NULL,13,NULL),
(35,2,10,1,52,'Agility GIII Small','S','GIII',NULL,14,NULL),
(36,2,10,1,53,'Jumping GIII Large','L','GIII',NULL,26,NULL),
(37,2,10,1,54,'Jumping GIII Medium','M','GIII',NULL,27,NULL),
(38,2,10,1,55,'Jumping GIII Small','S','GIII',NULL,28,NULL),
(39,2,11,1,39,'Pre-Agility 1','-LMST','P.A.',NULL,1,NULL),
(40,2,11,1,40,'Agility-1 GI Large','L','GI',NULL,3,NULL),
(41,2,11,1,41,'Agility-1 GI Medium','M','GI',NULL,4,NULL),
(42,2,11,1,42,'Agility-1 GI Small','S','GI',NULL,5,NULL),
(43,2,11,1,43,'Agility-2 GI Large','L','GI',NULL,6,NULL),
(44,2,11,1,44,'Agility-2 GI Medium','M','GI',NULL,7,NULL),
(45,2,11,1,45,'Agility-2 GI Small','S','GI',NULL,8,NULL),
(46,2,11,1,46,'Agility GII Large','L','GII',NULL,9,NULL),
(47,2,11,1,47,'Agility GII Medium','M','GII',NULL,10,NULL),
(48,2,11,1,48,'Agility GII Small','S','GII',NULL,11,NULL),
(49,2,11,1,49,'Jumping GII Large','L','GII',NULL,23,NULL),
(50,2,11,1,50,'Jumping GII Medium','M','GII',NULL,24,NULL),
(51,2,11,1,51,'Jumping GII Small','S','GII',NULL,25,NULL),
(52,2,11,1,52,'Agility GIII Large','L','GIII',NULL,12,NULL),
(53,2,11,1,53,'Agility GIII Medium','M','GIII',NULL,13,NULL),
(54,2,11,1,54,'Agility GIII Small','S','GIII',NULL,14,NULL),
(55,2,11,1,55,'Jumping GIII Large','L','GIII',NULL,26,NULL),
(56,2,11,1,56,'Jumping GIII Medium','M','GIII',NULL,27,NULL),
(57,2,11,1,57,'Jumping GIII Small','S','GIII',NULL,28,NULL),
(58,2,12,1,1,'Pre-Agility 1','-LMST','P.A.',NULL,1,NULL),
(59,2,12,1,2,'Agility-1 GI Large','L','GI',NULL,3,NULL),
(60,2,12,1,3,'Agility-1 GI Medium','M','GI',NULL,4,NULL),
(61,2,12,1,4,'Agility-1 GI Small','S','GI',NULL,5,NULL),
(62,2,12,1,5,'Agility-2 GI Large','L','GI',NULL,6,NULL),
(63,2,12,1,6,'Agility-2 GI Medium','M','GI',NULL,7,NULL),
(64,2,12,1,7,'Agility-2 GI Small','S','GI',NULL,8,NULL),
(65,2,12,1,8,'Agility GII Large','L','GII',NULL,9,NULL),
(66,2,12,1,9,'Agility GII Medium','M','GII',NULL,10,NULL),
(67,2,12,1,10,'Agility GII Small','S','GII',NULL,11,NULL),
(68,2,12,1,11,'Jumping GII Large','L','GII',NULL,23,NULL),
(69,2,12,1,12,'Jumping GII Medium','M','GII',NULL,24,NULL),
(70,2,12,1,13,'Jumping GII Small','S','GII',NULL,25,NULL),
(71,2,12,1,14,'Agility GIII Large','L','GIII',NULL,12,NULL),
(72,2,12,1,15,'Agility GIII Medium','M','GIII',NULL,13,NULL),
(73,2,12,1,16,'Agility GIII Small','S','GIII',NULL,14,NULL),
(74,2,12,1,17,'Jumping GIII Large','L','GIII',NULL,26,NULL),
(75,2,12,1,18,'Jumping GIII Medium','M','GIII',NULL,27,NULL),
(76,2,12,1,19,'Jumping GIII Small','S','GIII',NULL,28,NULL),
(77,2,13,1,1,'Pre-Agility 1','-LMST','P.A.',NULL,1,NULL),
(78,2,13,1,2,'Agility-1 GI Large','L','GI',NULL,3,NULL),
(79,2,13,1,3,'Agility-1 GI Medium','M','GI',NULL,4,NULL),
(80,2,13,1,4,'Agility-1 GI Small','S','GI',NULL,5,NULL),
(81,2,13,1,5,'Agility-2 GI Large','L','GI',NULL,6,NULL),
(82,2,13,1,6,'Agility-2 GI Medium','M','GI',NULL,7,NULL),
(83,2,13,1,7,'Agility-2 GI Small','S','GI',NULL,8,NULL),
(84,2,13,1,8,'Agility GII Large','L','GII',NULL,9,NULL),
(85,2,13,1,9,'Agility GII Medium','M','GII',NULL,10,NULL),
(86,2,13,1,10,'Agility GII Small','S','GII',NULL,11,NULL),
(87,2,13,1,11,'Jumping GII Large','L','GII',NULL,23,NULL),
(88,2,13,1,12,'Jumping GII Medium','M','GII',NULL,24,NULL),
(89,2,13,1,13,'Jumping GII Small','S','GII',NULL,25,NULL),
(90,2,13,1,14,'Agility GIII Large','L','GIII',NULL,12,NULL),
(91,2,13,1,15,'Agility GIII Medium','M','GIII',NULL,13,NULL),
(92,2,13,1,16,'Agility GIII Small','S','GIII',NULL,14,NULL),
(93,2,13,1,17,'Jumping GIII Large','L','GIII',NULL,26,NULL),
(94,2,13,1,18,'Jumping GIII Medium','M','GIII',NULL,27,NULL),
(95,2,13,1,19,'Jumping GIII Small','S','GIII',NULL,28,NULL),
(96,2,14,1,1,'Pre-Agility 1','-LMST','P.A.',NULL,1,NULL),
(97,2,14,1,2,'Agility-1 GI Large','L','GI',NULL,3,NULL),
(98,2,14,1,3,'Agility-1 GI Medium','M','GI',NULL,4,NULL),
(99,2,14,1,4,'Agility-1 GI Small','S','GI',NULL,5,NULL),
(100,2,14,1,5,'Agility-2 GI Large','L','GI',NULL,6,NULL),
(101,2,14,1,6,'Agility-2 GI Medium','M','GI',NULL,7,NULL),
(102,2,14,1,7,'Agility-2 GI Small','S','GI',NULL,8,NULL),
(103,2,14,1,8,'Agility GII Large','L','GII',NULL,9,NULL),
(104,2,14,1,9,'Agility GII Medium','M','GII',NULL,10,NULL),
(105,2,14,1,10,'Agility GII Small','S','GII',NULL,11,NULL),
(106,2,14,1,11,'Jumping GII Large','L','GII',NULL,23,NULL),
(107,2,14,1,12,'Jumping GII Medium','M','GII',NULL,24,NULL),
(108,2,14,1,13,'Jumping GII Small','S','GII',NULL,25,NULL),
(109,2,14,1,14,'Agility GIII Large','L','GIII',NULL,12,NULL),
(110,2,14,1,15,'Agility GIII Medium','M','GIII',NULL,13,NULL),
(111,2,14,1,16,'Agility GIII Small','S','GIII',NULL,14,NULL),
(112,2,14,1,17,'Jumping GIII Large','L','GIII',NULL,26,NULL),
(113,2,14,1,18,'Jumping GIII Medium','M','GIII',NULL,27,NULL),
(114,2,14,1,19,'Jumping GIII Small','S','GIII',NULL,28,NULL),
(115,2,15,1,1,'Pre-Agility 1','-LMST','P.A.',NULL,1,NULL),
(116,2,15,1,2,'Agility-1 GI Large','L','GI',NULL,3,NULL),
(117,2,15,1,3,'Agility-1 GI Medium','M','GI',NULL,4,NULL),
(118,2,15,1,4,'Agility-1 GI Small','S','GI',NULL,5,NULL),
(119,2,15,1,5,'Agility-2 GI Large','L','GI',NULL,6,NULL),
(120,2,15,1,6,'Agility-2 GI Medium','M','GI',NULL,7,NULL),
(121,2,15,1,7,'Agility-2 GI Small','S','GI',NULL,8,NULL),
(122,2,15,1,8,'Agility GII Large','L','GII',NULL,9,NULL),
(123,2,15,1,9,'Agility GII Medium','M','GII',NULL,10,NULL),
(124,2,15,1,10,'Agility GII Small','S','GII',NULL,11,NULL),
(125,2,15,1,11,'Jumping GII Large','L','GII',NULL,23,NULL),
(126,2,15,1,12,'Jumping GII Medium','M','GII',NULL,24,NULL),
(127,2,15,1,13,'Jumping GII Small','S','GII',NULL,25,NULL),
(128,2,15,1,14,'Agility GIII Large','L','GIII',NULL,12,NULL),
(129,2,15,1,15,'Agility GIII Medium','M','GIII',NULL,13,NULL),
(130,2,15,1,16,'Agility GIII Small','S','GIII',NULL,14,NULL),
(131,2,15,1,17,'Jumping GIII Large','L','GIII',NULL,26,NULL),
(132,2,15,1,18,'Jumping GIII Medium','M','GIII',NULL,27,NULL),
(133,2,15,1,19,'Jumping GIII Small','S','GIII',NULL,28,NULL),
(134,2,16,1,1,'Pre-Agility 1','-LMST','P.A.',NULL,1,NULL),
(135,2,16,1,2,'Agility-1 GI Large','L','GI',NULL,3,NULL),
(136,2,16,1,3,'Agility-1 GI Medium','M','GI',NULL,4,NULL),
(137,2,16,1,4,'Agility-1 GI Small','S','GI',NULL,5,NULL),
(138,2,16,1,5,'Agility-2 GI Large','L','GI',NULL,6,NULL),
(139,2,16,1,6,'Agility-2 GI Medium','M','GI',NULL,7,NULL),
(140,2,16,1,7,'Agility-2 GI Small','S','GI',NULL,8,NULL),
(141,2,16,1,8,'Agility GII Large','L','GII',NULL,9,NULL),
(142,2,16,1,9,'Agility GII Medium','M','GII',NULL,10,NULL),
(143,2,16,1,10,'Agility GII Small','S','GII',NULL,11,NULL),
(144,2,16,1,11,'Jumping GII Large','L','GII',NULL,23,NULL),
(145,2,16,1,12,'Jumping GII Medium','M','GII',NULL,24,NULL),
(146,2,16,1,13,'Jumping GII Small','S','GII',NULL,25,NULL),
(147,2,16,1,14,'Agility GIII Large','L','GIII',NULL,12,NULL),
(148,2,16,1,15,'Agility GIII Medium','M','GIII',NULL,13,NULL),
(149,2,16,1,16,'Agility GIII Small','S','GIII',NULL,14,NULL),
(150,2,16,1,17,'Jumping GIII Large','L','GIII',NULL,26,NULL),
(151,2,16,1,18,'Jumping GIII Medium','M','GIII',NULL,27,NULL),
(152,2,16,1,19,'Jumping GIII Small','S','GIII',NULL,28,NULL),
(153,2,9,1,8,'Agility Eq. 3 Large','L','-',NULL,18,NULL),
(154,2,9,1,9,'Agility Eq. 3 Medium','M','-',NULL,19,NULL),
(155,2,9,1,10,'Agility Eq. 3 Small','S','-',NULL,20,NULL),
(156,2,9,1,11,'Jumping Eq. 3 Large','L','-',NULL,32,NULL),
(157,2,9,1,12,'Jumping Eq. 3 Medium','M','-',NULL,33,NULL),
(158,2,9,1,13,'Jumping Eq. 3 Small','S','-',NULL,34,NULL);
/*!40000 ALTER TABLE `tandas` ENABLE KEYS */;
UNLOCK TABLES;

--
-- Table structure for table `tipo_manga`
--

DROP TABLE IF EXISTS `tipo_manga`;
/*!40101 SET @saved_cs_client     = @@character_set_client */;
/*!40101 SET character_set_client = utf8 */;
CREATE TABLE `tipo_manga` (
  `ID` int(4) NOT NULL AUTO_INCREMENT,
  `Descripcion` varchar(255) DEFAULT NULL,
  `Grado` varchar(16) NOT NULL DEFAULT '-',
  PRIMARY KEY (`ID`),
  KEY `Descripcion` (`Descripcion`),
  KEY `Grado` (`Grado`),
  CONSTRAINT `Tipo_Manga_ibfk_1` FOREIGN KEY (`Grado`) REFERENCES `grados_perro` (`Grado`) ON DELETE CASCADE ON UPDATE CASCADE
) ENGINE=InnoDB AUTO_INCREMENT=17 DEFAULT CHARSET=utf8;
/*!40101 SET character_set_client = @saved_cs_client */;

--
-- Dumping data for table `tipo_manga`
--

LOCK TABLES `tipo_manga` WRITE;
/*!40000 ALTER TABLE `tipo_manga` DISABLE KEYS */;
INSERT INTO `tipo_manga` VALUES 
(1,'Pre-Agility Manga 1','P.A.'),
(2,'Pre-Agility Manga 2','P.A.'),
(3,'Agility Grado I Manga 1','GI'),
(4,'Agility Grado I Manga 2','GI'),
(5,'Agility Grado II','GII'),
(6,'Agility Grado III','GIII'),
(7,'Agility Abierta (Open)','-'),
(8,'Agility Equipos (3 mejores)','-'),
(9,'Agility Equipos (Conjunta)','-'),
(10,'Jumping Grado II','GII'),
(11,'Jumping Grado III','GIII'),
(12,'Jumping Abierta (Open)','-'),
(13,'Jumping Equipos (3 mejores)','-'),
(14,'Jumping Equipos (Conjunta)','-'),
(15,'Ronda K.O.','-'),
(16,'Manga Especial','-');
/*!40000 ALTER TABLE `tipo_manga` ENABLE KEYS */;
UNLOCK TABLES;

--
-- Table structure for table `usuarios`
--

DROP TABLE IF EXISTS `usuarios`;
/*!40101 SET @saved_cs_client     = @@character_set_client */;
/*!40101 SET character_set_client = utf8 */;
CREATE TABLE `usuarios` (
  `ID` int(4) NOT NULL AUTO_INCREMENT,
  `Login` varchar(255) NOT NULL,
  `Password` varchar(255) DEFAULT NULL,
  `Gecos` varchar(255) NOT NULL DEFAULT '',
  `Phone` varchar(255) NOT NULL DEFAULT '',
  `Email` varchar(255) NOT NULL DEFAULT '',
  `Perms` int(4) NOT NULL DEFAULT '5',
  PRIMARY KEY (`ID`),
  UNIQUE KEY `Login` (`Login`)
) ENGINE=InnoDB AUTO_INCREMENT=7 DEFAULT CHARSET=utf8;
/*!40101 SET character_set_client = @saved_cs_client */;

--
-- Dumping data for table `usuarios`
--

LOCK TABLES `usuarios` WRITE;
/*!40000 ALTER TABLE `usuarios` DISABLE KEYS */;
INSERT INTO `usuarios` VALUES 
(1,'-- Sin asignar --','--LOCKED--','NO BORRAR: Usuario por defecto para sesiones anonimas','','',5),
(2,'root','JDJ5JDEwJHc2Lm50WFhsQUYuWDl2Zm9JbnNVb09TVEVwcllGaHBCQjFQYk12Yk81VzlJWDd0cTNPRnd5','Usuario Root','','',0),
(3,'admin','JDJ5JDEwJFcwa3B4YUxDVkJ0OVd0NFZVNUhzcXVBTE1yN0x2WWhBTFo4RHQ5TWZZQzgzZGRnMDA1VlVD','Administrador de la aplicacion','','',1),
(4,'operator','JDJ5JDEwJHMyclNoQUtsMlJ0UU5pRG9yUXF3QXUwbEVRdWpUT0daSXJGZmJLR3B4MEVHRzRiOFNYSjdt','Operador de consola','','',2),
(5,'assistant','JDJ5JDEwJHRLL09tT2xJZ1lRRlovNVhsLksxRC52aXo4L1UxNTMub1EwRDRoZ3pCZDcxRHRnSmo0LmE2','Asistente del juez (tablet)','','',3),
(6,'guest','--NULL--','Usuario invitado (anonimo)','','',4);
/*!40000 ALTER TABLE `usuarios` ENABLE KEYS */;
UNLOCK TABLES;

--
-- Dumping routines for database 'agility'
--

--
-- Final view structure for view `perroguiaclub`
--

/*!50001 DROP TABLE IF EXISTS `perroguiaclub`*/;
/*!50001 DROP VIEW IF EXISTS `perroguiaclub`*/;
/*!50001 SET @saved_cs_client          = @@character_set_client */;
/*!50001 SET @saved_cs_results         = @@character_set_results */;
/*!50001 SET @saved_col_connection     = @@collation_connection */;
/*!50001 SET character_set_client      = latin1 */;
/*!50001 SET character_set_results     = latin1 */;
/*!50001 SET collation_connection      = latin1_swedish_ci */;
/*!50001 CREATE ALGORITHM=UNDEFINED */
/*!50013 DEFINER=`agility_admin`@`localhost` SQL SECURITY DEFINER */
/*!50001 VIEW `perroguiaclub` AS select `perros`.`ID` AS `ID`,`perros`.`Federation` AS `Federation`,`perros`.`Nombre` AS `Nombre`,`perros`.`Raza` AS `Raza`,`perros`.`Licencia` AS `Licencia`,`perros`.`LOE_RRC` AS `LOE_RRC`,`perros`.`Categoria` AS `Categoria`,`categorias_perro`.`Observaciones` AS `NombreCategoria`,`perros`.`Grado` AS `Grado`,`grados_perro`.`Comentarios` AS `NombreGrado`,`perros`.`Guia` AS `Guia`,`guias`.`Nombre` AS `NombreGuia`,`guias`.`Club` AS `Club`,`clubes`.`Nombre` AS `NombreClub`,`clubes`.`Logo` AS `LogoClub` from ((((`perros` join `guias`) join `clubes`) join `grados_perro`) join `categorias_perro`) where ((`perros`.`Guia` = `guias`.`ID`) and (`guias`.`Club` = `clubes`.`ID`) and (`perros`.`Categoria` = `categorias_perro`.`Categoria`) and (`perros`.`Grado` = `grados_perro`.`Grado`)) order by `clubes`.`Nombre`,`perros`.`Categoria`,`perros`.`Nombre` */;
/*!50001 SET character_set_client      = @saved_cs_client */;
/*!50001 SET character_set_results     = @saved_cs_results */;
/*!50001 SET collation_connection      = @saved_col_connection */;
/*!40103 SET TIME_ZONE=@OLD_TIME_ZONE */;

/*!40101 SET SQL_MODE=@OLD_SQL_MODE */;
/*!40014 SET FOREIGN_KEY_CHECKS=@OLD_FOREIGN_KEY_CHECKS */;
/*!40014 SET UNIQUE_CHECKS=@OLD_UNIQUE_CHECKS */;
/*!40101 SET CHARACTER_SET_CLIENT=@OLD_CHARACTER_SET_CLIENT */;
/*!40101 SET CHARACTER_SET_RESULTS=@OLD_CHARACTER_SET_RESULTS */;
/*!40101 SET COLLATION_CONNECTION=@OLD_COLLATION_CONNECTION */;
/*!40111 SET SQL_NOTES=@OLD_SQL_NOTES */;

-- Dump completed on 2015-04-29 22:23:02
