-- MySQL dump 10.15  Distrib 10.0.19-MariaDB, for Linux (x86_64)
--
-- Host: localhost    Database: agility
-- ------------------------------------------------------
-- Server version	10.0.19-MariaDB

/*!40101 SET @OLD_CHARACTER_SET_CLIENT=@@CHARACTER_SET_CLIENT */;
/*!40101 SET @OLD_CHARACTER_SET_RESULTS=@@CHARACTER_SET_RESULTS */;
/*!40101 SET @OLD_COLLATION_CONNECTION=@@COLLATION_CONNECTION */;
/*!40101 SET NAMES utf8 */;
/*!40103 SET @OLD_TIME_ZONE=@@TIME_ZONE */;
/*!40103 SET TIME_ZONE='+00:00' */;
/*!40014 SET @OLD_UNIQUE_CHECKS=@@UNIQUE_CHECKS, UNIQUE_CHECKS=0 */;
/*!40014 SET @OLD_FOREIGN_KEY_CHECKS=@@FOREIGN_KEY_CHECKS, FOREIGN_KEY_CHECKS=0 */;
/*!40101 SET @OLD_SQL_MODE=@@SQL_MODE, SQL_MODE='NO_AUTO_VALUE_ON_ZERO' */;
/*!40111 SET @OLD_SQL_NOTES=@@SQL_NOTES, SQL_NOTES=0 */;

--
-- Table structure for table `categorias_perro`
--

DROP TABLE IF EXISTS `categorias_perro`;
/*!40101 SET @saved_cs_client     = @@character_set_client */;
/*!40101 SET character_set_client = utf8 */;
CREATE TABLE `categorias_perro` (
  `Categoria` varchar(1) NOT NULL DEFAULT '-',
  `Observaciones` varchar(255) DEFAULT NULL,
  PRIMARY KEY (`Categoria`)
) ENGINE=InnoDB DEFAULT CHARSET=utf8;
/*!40101 SET character_set_client = @saved_cs_client */;

--
-- Dumping data for table `categorias_perro`
--

LOCK TABLES `categorias_perro` WRITE;
/*!40000 ALTER TABLE `categorias_perro` DISABLE KEYS */;
INSERT INTO `categorias_perro` VALUES 
('-','Sin especificar'),
('L','Large - Standard - 60'),
('M','Medium - Midi - 50'),
('S','Small - Mini - 40'),
('T','Tiny - Toy - 30');
/*!40000 ALTER TABLE `categorias_perro` ENABLE KEYS */;
UNLOCK TABLES;

--
-- Table structure for table `clubes`
--

DROP TABLE IF EXISTS `clubes`;
/*!40101 SET @saved_cs_client     = @@character_set_client */;
/*!40101 SET character_set_client = utf8 */;
CREATE TABLE `clubes` (
  `ID` int(4) NOT NULL AUTO_INCREMENT,
  `Nombre` varchar(255) NOT NULL DEFAULT '',
  `NombreLargo` varchar(255) NOT NULL DEFAULT '""',
  `Direccion1` varchar(255) DEFAULT NULL,
  `Direccion2` varchar(255) DEFAULT NULL,
  `Provincia` varchar(32) NOT NULL DEFAULT '-- Sin asignar --',
  `Pais` varchar(32) NOT NULL DEFAULT 'España',
  `Contacto1` varchar(255) DEFAULT NULL,
  `Contacto2` varchar(255) DEFAULT NULL,
  `Contacto3` varchar(255) DEFAULT NULL,
  `GPS` varchar(255) DEFAULT NULL,
  `Web` varchar(255) DEFAULT NULL,
  `Email` varchar(255) DEFAULT NULL,
  `Facebook` varchar(255) DEFAULT NULL,
  `Google` varchar(255) DEFAULT NULL,
  `Twitter` varchar(255) DEFAULT NULL,
  `Logo` varchar(255) DEFAULT 'rsce.png',
  `Federations` int(4) NOT NULL DEFAULT '1',
  `Observaciones` varchar(255) DEFAULT NULL,
  `Baja` tinyint(1) NOT NULL DEFAULT '0',
  PRIMARY KEY (`ID`),
  KEY `Clubes_Nombre` (`Nombre`),
  KEY `Clubes_Provincia` (`Provincia`),
  CONSTRAINT `Clubes_ibfk_1` FOREIGN KEY (`Provincia`) REFERENCES `provincias` (`Provincia`) ON UPDATE CASCADE
) ENGINE=InnoDB AUTO_INCREMENT=267 DEFAULT CHARSET=utf8;
/*!40101 SET character_set_client = @saved_cs_client */;

--
-- Dumping data for table `clubes`
--

LOCK TABLES `clubes` WRITE;
/*!40000 ALTER TABLE `clubes` DISABLE KEYS */;
INSERT INTO `clubes` VALUES 
(1,'-- Sin asignar --','\"\"','','','-- Sin asignar --','ES','','','','','','','','','','rsce.png',7,'NO BORRAR ESTA ENTRADA. SE USARA PARA AQUELLOS GUIAS QUE NO TENGAN CLUB ASIGNADO',0),
(2,'L\'Almozara','','Camino de Pinseque, 147-A','50190 Garrapinillos (Zaragoza)','-- Sin Asignar --','ES',' + 34 637 54 15 86','','','','','','','','','almozara.png',1,'',0),
(3,'Afghanistan','','','','-- Sin asignar --','AF','','','','','','','','','','../../server/i18n/AF.png',1,'',0),
(4,'Albania','','','','-- Sin asignar --','AL','','','','','','','','','','../../server/i18n/AL.png',1,'',0),
(5,'Algeria','','','','-- Sin asignar --','DZ','','','','','','','','','','../../server/i18n/DZ.png',1,'',0),
(6,'American Samoa','','','','-- Sin asignar --','AS','','','','','','','','','','../../server/i18n/AS.png',1,'',0),
(7,'Andorra','','','','-- Sin asignar --','AD','','','','','','','','','','../../server/i18n/AD.png',1,'',0),
(8,'Angola','','','','-- Sin asignar --','AO','','','','','','','','','','../../server/i18n/AO.png',1,'',0),
(9,'Anguilla','','','','-- Sin asignar --','AI','','','','','','','','','','../../server/i18n/AI.png',1,'',0),
(10,'Antarctica','','','','-- Sin asignar --','AQ','','','','','','','','','','../../server/i18n/AQ.png',1,'',0),
(11,'Antigua and Barbuda','','','','-- Sin asignar --','AG','','','','','','','','','','../../server/i18n/AG.png',1,'',0),
(12,'Argentina','','','','-- Sin asignar --','AR','','','','','','','','','','../../server/i18n/AR.png',1,'',0),
(13,'Armenia','','','','-- Sin asignar --','AM','','','','','','','','','','../../server/i18n/AM.png',1,'',0),
(14,'Aruba','','','','-- Sin asignar --','AW','','','','','','','','','','../../server/i18n/AW.png',1,'',0),
(15,'Australia','','','','-- Sin asignar --','AU','','','','','','','','','','../../server/i18n/AU.png',1,'',0),
(16,'Austria','','','','-- Sin asignar --','AT','','','','','','','','','','../../server/i18n/AT.png',1,'',0),
(17,'Azerbaijan','','','','-- Sin asignar --','AZ','','','','','','','','','','../../server/i18n/AZ.png',1,'',0),
(18,'Bahamas','','','','-- Sin asignar --','BS','','','','','','','','','','../../server/i18n/BS.png',1,'',0),
(19,'Bahrain','','','','-- Sin asignar --','BH','','','','','','','','','','../../server/i18n/BH.png',1,'',0),
(20,'Bangladesh','','','','-- Sin asignar --','BD','','','','','','','','','','../../server/i18n/BD.png',1,'',0),
(21,'Barbados','','','','-- Sin asignar --','BB','','','','','','','','','','../../server/i18n/BB.png',1,'',0),
(22,'Belarus','','','','-- Sin asignar --','BY','','','','','','','','','','../../server/i18n/BY.png',1,'',0),
(23,'Belgium','','','','-- Sin asignar --','BE','','','','','','','','','','../../server/i18n/BE.png',1,'',0),
(24,'Belize','','','','-- Sin asignar --','BZ','','','','','','','','','','../../server/i18n/BZ.png',1,'',0),
(25,'Benin','','','','-- Sin asignar --','BJ','','','','','','','','','','../../server/i18n/BJ.png',1,'',0),
(26,'Bermuda','','','','-- Sin asignar --','BM','','','','','','','','','','../../server/i18n/BM.png',1,'',0),
(27,'Bhutan','','','','-- Sin asignar --','BT','','','','','','','','','','../../server/i18n/BT.png',1,'',0),
(28,'Bolivia','','','','-- Sin asignar --','BO','','','','','','','','','','../../server/i18n/BO.png',1,'',0),
(29,'Bosnia and Herzegovina','','','','-- Sin asignar --','BA','','','','','','','','','','../../server/i18n/BA.png',1,'',0),
(30,'Botswana','','','','-- Sin asignar --','BW','','','','','','','','','','../../server/i18n/BW.png',1,'',0),
(31,'Bouvet Island','','','','-- Sin asignar --','BV','','','','','','','','','','../../server/i18n/BV.png',1,'',0),
(32,'Brazil','','','','-- Sin asignar --','BR','','','','','','','','','','../../server/i18n/BR.png',1,'',0),
(33,'British Antarctic Territory','','','','-- Sin asignar --','BQ','','','','','','','','','','../../server/i18n/BQ.png',1,'',0),
(34,'British Indian Ocean Territory','','','','-- Sin asignar --','IO','','','','','','','','','','../../server/i18n/IO.png',1,'',0),
(35,'British Virgin Islands','','','','-- Sin asignar --','VG','','','','','','','','','','../../server/i18n/VG.png',1,'',0),
(36,'Brunei','','','','-- Sin asignar --','BN','','','','','','','','','','../../server/i18n/BN.png',1,'',0),
(37,'Bulgaria','','','','-- Sin asignar --','BG','','','','','','','','','','../../server/i18n/BG.png',1,'',0),
(38,'Burkina Faso','','','','-- Sin asignar --','BF','','','','','','','','','','../../server/i18n/BF.png',1,'',0),
(39,'Burundi','','','','-- Sin asignar --','BI','','','','','','','','','','../../server/i18n/BI.png',1,'',0),
(40,'Cambodia','','','','-- Sin asignar --','KH','','','','','','','','','','../../server/i18n/KH.png',1,'',0),
(41,'Cameroon','','','','-- Sin asignar --','CM','','','','','','','','','','../../server/i18n/CM.png',1,'',0),
(42,'Canada','','','','-- Sin asignar --','CA','','','','','','','','','','../../server/i18n/CA.png',1,'',0),
(43,'Canton and Enderbury Islands','','','','-- Sin asignar --','CT','','','','','','','','','','../../server/i18n/CT.png',1,'',0),
(44,'Cape Verde','','','','-- Sin asignar --','CV','','','','','','','','','','../../server/i18n/CV.png',1,'',0),
(45,'Cayman Islands','','','','-- Sin asignar --','KY','','','','','','','','','','../../server/i18n/KY.png',1,'',0),
(46,'Central African Republic','','','','-- Sin asignar --','CF','','','','','','','','','','../../server/i18n/CF.png',1,'',0),
(47,'Chad','','','','-- Sin asignar --','TD','','','','','','','','','','../../server/i18n/TD.png',1,'',0),
(48,'Chile','','','','-- Sin asignar --','CL','','','','','','','','','','../../server/i18n/CL.png',1,'',0),
(49,'China','','','','-- Sin asignar --','CN','','','','','','','','','','../../server/i18n/CN.png',1,'',0),
(50,'Christmas Island','','','','-- Sin asignar --','CX','','','','','','','','','','../../server/i18n/CX.png',1,'',0),
(51,'Cocos [Keeling] Islands','','','','-- Sin asignar --','CC','','','','','','','','','','../../server/i18n/CC.png',1,'',0),
(52,'Colombia','','','','-- Sin asignar --','CO','','','','','','','','','','../../server/i18n/CO.png',1,'',0),
(53,'Comoros','','','','-- Sin asignar --','KM','','','','','','','','','','../../server/i18n/KM.png',1,'',0),
(54,'Congo - Brazzaville','','','','-- Sin asignar --','CG','','','','','','','','','','../../server/i18n/CG.png',1,'',0),
(55,'Congo - Kinshasa','','','','-- Sin asignar --','CD','','','','','','','','','','../../server/i18n/CD.png',1,'',0),
(56,'Cook Islands','','','','-- Sin asignar --','CK','','','','','','','','','','../../server/i18n/CK.png',1,'',0),
(57,'Costa Rica','','','','-- Sin asignar --','CR','','','','','','','','','','../../server/i18n/CR.png',1,'',0),
(58,'Croatia','','','','-- Sin asignar --','HR','','','','','','','','','','../../server/i18n/HR.png',1,'',0),
(59,'Cuba','','','','-- Sin asignar --','CU','','','','','','','','','','../../server/i18n/CU.png',1,'',0),
(60,'Cyprus','','','','-- Sin asignar --','CY','','','','','','','','','','../../server/i18n/CY.png',1,'',0),
(61,'Czech Republic','','','','-- Sin asignar --','CZ','','','','','','','','','','../../server/i18n/CZ.png',1,'',0),
(62,'Côte d’Ivoire','','','','-- Sin asignar --','CI','','','','','','','','','','../../server/i18n/CI.png',1,'',0),
(63,'Denmark','','','','-- Sin asignar --','DK','','','','','','','','','','../../server/i18n/DK.png',1,'',0),
(64,'Djibouti','','','','-- Sin asignar --','DJ','','','','','','','','','','../../server/i18n/DJ.png',1,'',0),
(65,'Dominica','','','','-- Sin asignar --','DM','','','','','','','','','','../../server/i18n/DM.png',1,'',0),
(66,'Dominican Republic','','','','-- Sin asignar --','DO','','','','','','','','','','../../server/i18n/DO.png',1,'',0),
(67,'Dronning Maud Land','','','','-- Sin asignar --','NQ','','','','','','','','','','../../server/i18n/NQ.png',1,'',0),
(68,'East Germany','','','','-- Sin asignar --','DD','','','','','','','','','','../../server/i18n/DD.png',1,'',0),
(69,'Ecuador','','','','-- Sin asignar --','EC','','','','','','','','','','../../server/i18n/EC.png',1,'',0),
(70,'Egypt','','','','-- Sin asignar --','EG','','','','','','','','','','../../server/i18n/EG.png',1,'',0),
(71,'El Salvador','','','','-- Sin asignar --','SV','','','','','','','','','','../../server/i18n/SV.png',1,'',0),
(72,'Equatorial Guinea','','','','-- Sin asignar --','GQ','','','','','','','','','','../../server/i18n/GQ.png',1,'',0),
(73,'Eritrea','','','','-- Sin asignar --','ER','','','','','','','','','','../../server/i18n/ER.png',1,'',0),
(74,'Estonia','','','','-- Sin asignar --','EE','','','','','','','','','','../../server/i18n/EE.png',1,'',0),
(75,'Ethiopia','','','','-- Sin asignar --','ET','','','','','','','','','','../../server/i18n/ET.png',1,'',0),
(76,'Falkland Islands','','','','-- Sin asignar --','FK','','','','','','','','','','../../server/i18n/FK.png',1,'',0),
(77,'Faroe Islands','','','','-- Sin asignar --','FO','','','','','','','','','','../../server/i18n/FO.png',1,'',0),
(78,'Fiji','','','','-- Sin asignar --','FJ','','','','','','','','','','../../server/i18n/FJ.png',1,'',0),
(79,'Finland','','','','-- Sin asignar --','FI','','','','','','','','','','../../server/i18n/FI.png',1,'',0),
(80,'France','','','','-- Sin asignar --','FR','','','','','','','','','','../../server/i18n/FR.png',1,'',0),
(81,'French Guiana','','','','-- Sin asignar --','GF','','','','','','','','','','../../server/i18n/GF.png',1,'',0),
(82,'French Polynesia','','','','-- Sin asignar --','PF','','','','','','','','','','../../server/i18n/PF.png',1,'',0),
(83,'French Southern Territories','','','','-- Sin asignar --','TF','','','','','','','','','','../../server/i18n/TF.png',1,'',0),
(84,'French Southern and Antarctic Territories','','','','-- Sin asignar --','FQ','','','','','','','','','','../../server/i18n/FQ.png',1,'',0),
(85,'Gabon','','','','-- Sin asignar --','GA','','','','','','','','','','../../server/i18n/GA.png',1,'',0),
(86,'Gambia','','','','-- Sin asignar --','GM','','','','','','','','','','../../server/i18n/GM.png',1,'',0),
(87,'Georgia','','','','-- Sin asignar --','GE','','','','','','','','','','../../server/i18n/GE.png',1,'',0),
(88,'Germany','','','','-- Sin asignar --','DE','','','','','','','','','','../../server/i18n/DE.png',1,'',0),
(89,'Ghana','','','','-- Sin asignar --','GH','','','','','','','','','','../../server/i18n/GH.png',1,'',0),
(90,'Gibraltar','','','','-- Sin asignar --','GI','','','','','','','','','','../../server/i18n/GI.png',1,'',0),
(91,'Greece','','','','-- Sin asignar --','GR','','','','','','','','','','../../server/i18n/GR.png',1,'',0),
(92,'Greenland','','','','-- Sin asignar --','GL','','','','','','','','','','../../server/i18n/GL.png',1,'',0),
(93,'Grenada','','','','-- Sin asignar --','GD','','','','','','','','','','../../server/i18n/GD.png',1,'',0),
(94,'Guadeloupe','','','','-- Sin asignar --','GP','','','','','','','','','','../../server/i18n/GP.png',1,'',0),
(95,'Guam','','','','-- Sin asignar --','GU','','','','','','','','','','../../server/i18n/GU.png',1,'',0),
(96,'Guatemala','','','','-- Sin asignar --','GT','','','','','','','','','','../../server/i18n/GT.png',1,'',0),
(97,'Guernsey','','','','-- Sin asignar --','GG','','','','','','','','','','../../server/i18n/GG.png',1,'',0),
(98,'Guinea','','','','-- Sin asignar --','GN','','','','','','','','','','../../server/i18n/GN.png',1,'',0),
(99,'Guinea-Bissau','','','','-- Sin asignar --','GW','','','','','','','','','','../../server/i18n/GW.png',1,'',0),
(100,'Guyana','','','','-- Sin asignar --','GY','','','','','','','','','','../../server/i18n/GY.png',1,'',0),
(101,'Haiti','','','','-- Sin asignar --','HT','','','','','','','','','','../../server/i18n/HT.png',1,'',0),
(102,'Heard Island and McDonald Islands','','','','-- Sin asignar --','HM','','','','','','','','','','../../server/i18n/HM.png',1,'',0),
(103,'Honduras','','','','-- Sin asignar --','HN','','','','','','','','','','../../server/i18n/HN.png',1,'',0),
(104,'Hong Kong SAR China','','','','-- Sin asignar --','HK','','','','','','','','','','../../server/i18n/HK.png',1,'',0),
(105,'Hungary','','','','-- Sin asignar --','HU','','','','','','','','','','../../server/i18n/HU.png',1,'',0),
(106,'Iceland','','','','-- Sin asignar --','IS','','','','','','','','','','../../server/i18n/IS.png',1,'',0),
(107,'India','','','','-- Sin asignar --','IN','','','','','','','','','','../../server/i18n/IN.png',1,'',0),
(108,'Indonesia','','','','-- Sin asignar --','ID','','','','','','','','','','../../server/i18n/ID.png',1,'',0),
(109,'Iran','','','','-- Sin asignar --','IR','','','','','','','','','','../../server/i18n/IR.png',1,'',0),
(110,'Iraq','','','','-- Sin asignar --','IQ','','','','','','','','','','../../server/i18n/IQ.png',1,'',0),
(111,'Ireland','','','','-- Sin asignar --','IE','','','','','','','','','','../../server/i18n/IE.png',1,'',0),
(112,'Isle of Man','','','','-- Sin asignar --','IM','','','','','','','','','','../../server/i18n/IM.png',1,'',0),
(113,'Israel','','','','-- Sin asignar --','IL','','','','','','','','','','../../server/i18n/IL.png',1,'',0),
(114,'Italy','','','','-- Sin asignar --','IT','','','','','','','','','','../../server/i18n/IT.png',1,'',0),
(115,'Jamaica','','','','-- Sin asignar --','JM','','','','','','','','','','../../server/i18n/JM.png',1,'',0),
(116,'Japan','','','','-- Sin asignar --','JP','','','','','','','','','','../../server/i18n/JP.png',1,'',0),
(117,'Jersey','','','','-- Sin asignar --','JE','','','','','','','','','','../../server/i18n/JE.png',1,'',0),
(118,'Johnston Island','','','','-- Sin asignar --','JT','','','','','','','','','','../../server/i18n/JT.png',1,'',0),
(119,'Jordan','','','','-- Sin asignar --','JO','','','','','','','','','','../../server/i18n/JO.png',1,'',0),
(120,'Kazakhstan','','','','-- Sin asignar --','KZ','','','','','','','','','','../../server/i18n/KZ.png',1,'',0),
(121,'Kenya','','','','-- Sin asignar --','KE','','','','','','','','','','../../server/i18n/KE.png',1,'',0),
(122,'Kiribati','','','','-- Sin asignar --','KI','','','','','','','','','','../../server/i18n/KI.png',1,'',0),
(123,'Kuwait','','','','-- Sin asignar --','KW','','','','','','','','','','../../server/i18n/KW.png',1,'',0),
(124,'Kyrgyzstan','','','','-- Sin asignar --','KG','','','','','','','','','','../../server/i18n/KG.png',1,'',0),
(125,'Laos','','','','-- Sin asignar --','LA','','','','','','','','','','../../server/i18n/LA.png',1,'',0),
(126,'Latvia','','','','-- Sin asignar --','LV','','','','','','','','','','../../server/i18n/LV.png',1,'',0),
(127,'Lebanon','','','','-- Sin asignar --','LB','','','','','','','','','','../../server/i18n/LB.png',1,'',0),
(128,'Lesotho','','','','-- Sin asignar --','LS','','','','','','','','','','../../server/i18n/LS.png',1,'',0),
(129,'Liberia','','','','-- Sin asignar --','LR','','','','','','','','','','../../server/i18n/LR.png',1,'',0),
(130,'Libya','','','','-- Sin asignar --','LY','','','','','','','','','','../../server/i18n/LY.png',1,'',0),
(131,'Liechtenstein','','','','-- Sin asignar --','LI','','','','','','','','','','../../server/i18n/LI.png',1,'',0),
(132,'Lithuania','','','','-- Sin asignar --','LT','','','','','','','','','','../../server/i18n/LT.png',1,'',0),
(133,'Luxembourg','','','','-- Sin asignar --','LU','','','','','','','','','','../../server/i18n/LU.png',1,'',0),
(134,'Macau SAR China','','','','-- Sin asignar --','MO','','','','','','','','','','../../server/i18n/MO.png',1,'',0),
(135,'Macedonia','','','','-- Sin asignar --','MK','','','','','','','','','','../../server/i18n/MK.png',1,'',0),
(136,'Madagascar','','','','-- Sin asignar --','MG','','','','','','','','','','../../server/i18n/MG.png',1,'',0),
(137,'Malawi','','','','-- Sin asignar --','MW','','','','','','','','','','../../server/i18n/MW.png',1,'',0),
(138,'Malaysia','','','','-- Sin asignar --','MY','','','','','','','','','','../../server/i18n/MY.png',1,'',0),
(139,'Maldives','','','','-- Sin asignar --','MV','','','','','','','','','','../../server/i18n/MV.png',1,'',0),
(140,'Mali','','','','-- Sin asignar --','ML','','','','','','','','','','../../server/i18n/ML.png',1,'',0),
(141,'Malta','','','','-- Sin asignar --','MT','','','','','','','','','','../../server/i18n/MT.png',1,'',0),
(142,'Marshall Islands','','','','-- Sin asignar --','MH','','','','','','','','','','../../server/i18n/MH.png',1,'',0),
(143,'Martinique','','','','-- Sin asignar --','MQ','','','','','','','','','','../../server/i18n/MQ.png',1,'',0),
(144,'Mauritania','','','','-- Sin asignar --','MR','','','','','','','','','','../../server/i18n/MR.png',1,'',0),
(145,'Mauritius','','','','-- Sin asignar --','MU','','','','','','','','','','../../server/i18n/MU.png',1,'',0),
(146,'Mayotte','','','','-- Sin asignar --','YT','','','','','','','','','','../../server/i18n/YT.png',1,'',0),
(147,'Metropolitan France','','','','-- Sin asignar --','FX','','','','','','','','','','../../server/i18n/FX.png',1,'',0),
(148,'Mexico','','','','-- Sin asignar --','MX','','','','','','','','','','../../server/i18n/MX.png',1,'',0),
(149,'Micronesia','','','','-- Sin asignar --','FM','','','','','','','','','','../../server/i18n/FM.png',1,'',0),
(150,'Midway Islands','','','','-- Sin asignar --','MI','','','','','','','','','','../../server/i18n/MI.png',1,'',0),
(151,'Moldova','','','','-- Sin asignar --','MD','','','','','','','','','','../../server/i18n/MD.png',1,'',0),
(152,'Monaco','','','','-- Sin asignar --','MC','','','','','','','','','','../../server/i18n/MC.png',1,'',0),
(153,'Mongolia','','','','-- Sin asignar --','MN','','','','','','','','','','../../server/i18n/MN.png',1,'',0),
(154,'Montenegro','','','','-- Sin asignar --','ME','','','','','','','','','','../../server/i18n/ME.png',1,'',0),
(155,'Montserrat','','','','-- Sin asignar --','MS','','','','','','','','','','../../server/i18n/MS.png',1,'',0),
(156,'Morocco','','','','-- Sin asignar --','MA','','','','','','','','','','../../server/i18n/MA.png',1,'',0),
(157,'Mozambique','','','','-- Sin asignar --','MZ','','','','','','','','','','../../server/i18n/MZ.png',1,'',0),
(158,'Myanmar [Burma]','','','','-- Sin asignar --','MM','','','','','','','','','','../../server/i18n/MM.png',1,'',0),
(159,'Namibia','','','','-- Sin asignar --','NA','','','','','','','','','','../../server/i18n/NA.png',1,'',0),
(160,'Nauru','','','','-- Sin asignar --','NR','','','','','','','','','','../../server/i18n/NR.png',1,'',0),
(161,'Nepal','','','','-- Sin asignar --','NP','','','','','','','','','','../../server/i18n/NP.png',1,'',0),
(162,'Netherlands','','','','-- Sin asignar --','NL','','','','','','','','','','../../server/i18n/NL.png',1,'',0),
(163,'Netherlands Antilles','','','','-- Sin asignar --','AN','','','','','','','','','','../../server/i18n/AN.png',1,'',0),
(164,'Neutral Zone','','','','-- Sin asignar --','NT','','','','','','','','','','../../server/i18n/NT.png',1,'',0),
(165,'New Caledonia','','','','-- Sin asignar --','NC','','','','','','','','','','../../server/i18n/NC.png',1,'',0),
(166,'New Zealand','','','','-- Sin asignar --','NZ','','','','','','','','','','../../server/i18n/NZ.png',1,'',0),
(167,'Nicaragua','','','','-- Sin asignar --','NI','','','','','','','','','','../../server/i18n/NI.png',1,'',0),
(168,'Niger','','','','-- Sin asignar --','NE','','','','','','','','','','../../server/i18n/NE.png',1,'',0),
(169,'Nigeria','','','','-- Sin asignar --','NG','','','','','','','','','','../../server/i18n/NG.png',1,'',0),
(170,'Niue','','','','-- Sin asignar --','NU','','','','','','','','','','../../server/i18n/NU.png',1,'',0),
(171,'Norfolk Island','','','','-- Sin asignar --','NF','','','','','','','','','','../../server/i18n/NF.png',1,'',0),
(172,'North Korea','','','','-- Sin asignar --','KP','','','','','','','','','','../../server/i18n/KP.png',1,'',0),
(173,'North Vietnam','','','','-- Sin asignar --','VD','','','','','','','','','','../../server/i18n/VD.png',1,'',0),
(174,'Northern Mariana Islands','','','','-- Sin asignar --','MP','','','','','','','','','','../../server/i18n/MP.png',1,'',0),
(175,'Norway','','','','-- Sin asignar --','NO','','','','','','','','','','../../server/i18n/NO.png',1,'',0),
(176,'Oman','','','','-- Sin asignar --','OM','','','','','','','','','','../../server/i18n/OM.png',1,'',0),
(177,'Pacific Islands Trust Territory','','','','-- Sin asignar --','PC','','','','','','','','','','../../server/i18n/PC.png',1,'',0),
(178,'Pakistan','','','','-- Sin asignar --','PK','','','','','','','','','','../../server/i18n/PK.png',1,'',0),
(179,'Palau','','','','-- Sin asignar --','PW','','','','','','','','','','../../server/i18n/PW.png',1,'',0),
(180,'Palestinian Territories','','','','-- Sin asignar --','PS','','','','','','','','','','../../server/i18n/PS.png',1,'',0),
(181,'Panama','','','','-- Sin asignar --','PA','','','','','','','','','','../../server/i18n/PA.png',1,'',0),
(182,'Panama Canal Zone','','','','-- Sin asignar --','PZ','','','','','','','','','','../../server/i18n/PZ.png',1,'',0),
(183,'Papua New Guinea','','','','-- Sin asignar --','PG','','','','','','','','','','../../server/i18n/PG.png',1,'',0),
(184,'Paraguay','','','','-- Sin asignar --','PY','','','','','','','','','','../../server/i18n/PY.png',1,'',0),
(185,'People\'s Democratic Republic of Yemen','','','','-- Sin asignar --','YD','','','','','','','','','','../../server/i18n/YD.png',1,'',0),
(186,'Peru','','','','-- Sin asignar --','PE','','','','','','','','','','../../server/i18n/PE.png',1,'',0),
(187,'Philippines','','','','-- Sin asignar --','PH','','','','','','','','','','../../server/i18n/PH.png',1,'',0),
(188,'Pitcairn Islands','','','','-- Sin asignar --','PN','','','','','','','','','','../../server/i18n/PN.png',1,'',0),
(189,'Poland','','','','-- Sin asignar --','PL','','','','','','','','','','../../server/i18n/PL.png',1,'',0),
(190,'Portugal','','','','-- Sin asignar --','PT','','','','','','','','','','../../server/i18n/PT.png',1,'',0),
(191,'Puerto Rico','','','','-- Sin asignar --','PR','','','','','','','','','','../../server/i18n/PR.png',1,'',0),
(192,'Qatar','','','','-- Sin asignar --','QA','','','','','','','','','','../../server/i18n/QA.png',1,'',0),
(193,'Romania','','','','-- Sin asignar --','RO','','','','','','','','','','../../server/i18n/RO.png',1,'',0),
(194,'Russia','','','','-- Sin asignar --','RU','','','','','','','','','','../../server/i18n/RU.png',1,'',0),
(195,'Rwanda','','','','-- Sin asignar --','RW','','','','','','','','','','../../server/i18n/RW.png',1,'',0),
(196,'Réunion','','','','-- Sin asignar --','RE','','','','','','','','','','../../server/i18n/RE.png',1,'',0),
(197,'Saint Barthélemy','','','','-- Sin asignar --','BL','','','','','','','','','','../../server/i18n/BL.png',1,'',0),
(198,'Saint Helena','','','','-- Sin asignar --','SH','','','','','','','','','','../../server/i18n/SH.png',1,'',0),
(199,'Saint Kitts and Nevis','','','','-- Sin asignar --','KN','','','','','','','','','','../../server/i18n/KN.png',1,'',0),
(200,'Saint Lucia','','','','-- Sin asignar --','LC','','','','','','','','','','../../server/i18n/LC.png',1,'',0),
(201,'Saint Martin','','','','-- Sin asignar --','MF','','','','','','','','','','../../server/i18n/MF.png',1,'',0),
(202,'Saint Pierre and Miquelon','','','','-- Sin asignar --','PM','','','','','','','','','','../../server/i18n/PM.png',1,'',0),
(203,'Saint Vincent and the Grenadines','','','','-- Sin asignar --','VC','','','','','','','','','','../../server/i18n/VC.png',1,'',0),
(204,'Samoa','','','','-- Sin asignar --','WS','','','','','','','','','','../../server/i18n/WS.png',1,'',0),
(205,'San Marino','','','','-- Sin asignar --','SM','','','','','','','','','','../../server/i18n/SM.png',1,'',0),
(206,'Saudi Arabia','','','','-- Sin asignar --','SA','','','','','','','','','','../../server/i18n/SA.png',1,'',0),
(207,'Senegal','','','','-- Sin asignar --','SN','','','','','','','','','','../../server/i18n/SN.png',1,'',0),
(208,'Serbia','','','','-- Sin asignar --','RS','','','','','','','','','','../../server/i18n/RS.png',1,'',0),
(209,'Serbia and Montenegro','','','','-- Sin asignar --','CS','','','','','','','','','','../../server/i18n/CS.png',1,'',0),
(210,'Seychelles','','','','-- Sin asignar --','SC','','','','','','','','','','../../server/i18n/SC.png',1,'',0),
(211,'Sierra Leone','','','','-- Sin asignar --','SL','','','','','','','','','','../../server/i18n/SL.png',1,'',0),
(212,'Singapore','','','','-- Sin asignar --','SG','','','','','','','','','','../../server/i18n/SG.png',1,'',0),
(213,'Slovakia','','','','-- Sin asignar --','SK','','','','','','','','','','../../server/i18n/SK.png',1,'',0),
(214,'Slovenia','','','','-- Sin asignar --','SI','','','','','','','','','','../../server/i18n/SI.png',1,'',0),
(215,'Solomon Islands','','','','-- Sin asignar --','SB','','','','','','','','','','../../server/i18n/SB.png',1,'',0),
(216,'Somalia','','','','-- Sin asignar --','SO','','','','','','','','','','../../server/i18n/SO.png',1,'',0),
(217,'South Africa','','','','-- Sin asignar --','ZA','','','','','','','','','','../../server/i18n/ZA.png',1,'',0),
(218,'South Georgia and the South Sandwich Islands','','','','-- Sin asignar --','GS','','','','','','','','','','../../server/i18n/GS.png',1,'',0),
(219,'South Korea','','','','-- Sin asignar --','KR','','','','','','','','','','../../server/i18n/KR.png',1,'',0),
(220,'Spain','','','','-- Sin asignar --','ES','','','','','','','','','','../../server/i18n/ES.png',1,'',0),
(221,'Sri Lanka','','','','-- Sin asignar --','LK','','','','','','','','','','../../server/i18n/LK.png',1,'',0),
(222,'Sudan','','','','-- Sin asignar --','SD','','','','','','','','','','../../server/i18n/SD.png',1,'',0),
(223,'Suriname','','','','-- Sin asignar --','SR','','','','','','','','','','../../server/i18n/SR.png',1,'',0),
(224,'Svalbard and Jan Mayen','','','','-- Sin asignar --','SJ','','','','','','','','','','../../server/i18n/SJ.png',1,'',0),
(225,'Swaziland','','','','-- Sin asignar --','SZ','','','','','','','','','','../../server/i18n/SZ.png',1,'',0),
(226,'Sweden','','','','-- Sin asignar --','SE','','','','','','','','','','../../server/i18n/SE.png',1,'',0),
(227,'Switzerland','','','','-- Sin asignar --','CH','','','','','','','','','','../../server/i18n/CH.png',1,'',0),
(228,'Syria','','','','-- Sin asignar --','SY','','','','','','','','','','../../server/i18n/SY.png',1,'',0),
(229,'São Tomé and Príncipe','','','','-- Sin asignar --','ST','','','','','','','','','','../../server/i18n/ST.png',1,'',0),
(230,'Taiwan','','','','-- Sin asignar --','TW','','','','','','','','','','../../server/i18n/TW.png',1,'',0),
(231,'Tajikistan','','','','-- Sin asignar --','TJ','','','','','','','','','','../../server/i18n/TJ.png',1,'',0),
(232,'Tanzania','','','','-- Sin asignar --','TZ','','','','','','','','','','../../server/i18n/TZ.png',1,'',0),
(233,'Thailand','','','','-- Sin asignar --','TH','','','','','','','','','','../../server/i18n/TH.png',1,'',0),
(234,'Timor-Leste','','','','-- Sin asignar --','TL','','','','','','','','','','../../server/i18n/TL.png',1,'',0),
(235,'Togo','','','','-- Sin asignar --','TG','','','','','','','','','','../../server/i18n/TG.png',1,'',0),
(236,'Tokelau','','','','-- Sin asignar --','TK','','','','','','','','','','../../server/i18n/TK.png',1,'',0),
(237,'Tonga','','','','-- Sin asignar --','TO','','','','','','','','','','../../server/i18n/TO.png',1,'',0),
(238,'Trinidad and Tobago','','','','-- Sin asignar --','TT','','','','','','','','','','../../server/i18n/TT.png',1,'',0),
(239,'Tunisia','','','','-- Sin asignar --','TN','','','','','','','','','','../../server/i18n/TN.png',1,'',0),
(240,'Turkey','','','','-- Sin asignar --','TR','','','','','','','','','','../../server/i18n/TR.png',1,'',0),
(241,'Turkmenistan','','','','-- Sin asignar --','TM','','','','','','','','','','../../server/i18n/TM.png',1,'',0),
(242,'Turks and Caicos Islands','','','','-- Sin asignar --','TC','','','','','','','','','','../../server/i18n/TC.png',1,'',0),
(243,'Tuvalu','','','','-- Sin asignar --','TV','','','','','','','','','','../../server/i18n/TV.png',1,'',0),
(244,'U.S. Minor Outlying Islands','','','','-- Sin asignar --','UM','','','','','','','','','','../../server/i18n/UM.png',1,'',0),
(245,'U.S. Miscellaneous Pacific Islands','','','','-- Sin asignar --','PU','','','','','','','','','','../../server/i18n/PU.png',1,'',0),
(246,'U.S. Virgin Islands','','','','-- Sin asignar --','VI','','','','','','','','','','../../server/i18n/VI.png',1,'',0),
(247,'Uganda','','','','-- Sin asignar --','UG','','','','','','','','','','../../server/i18n/UG.png',1,'',0),
(248,'Ukraine','','','','-- Sin asignar --','UA','','','','','','','','','','../../server/i18n/UA.png',1,'',0),
(249,'Union of Soviet Socialist Republics','','','','-- Sin asignar --','SU','','','','','','','','','','../../server/i18n/SU.png',1,'',0),
(250,'United Arab Emirates','','','','-- Sin asignar --','AE','','','','','','','','','','../../server/i18n/AE.png',1,'',0),
(251,'United Kingdom','','','','-- Sin asignar --','GB','','','','','','','','','','../../server/i18n/GB.png',1,'',0),
(252,'United States','','','','-- Sin asignar --','US','','','','','','','','','','../../server/i18n/US.png',1,'',0),
(253,'Unknown or Invalid Region','','','','-- Sin asignar --','ZZ','','','','','','','','','','../../server/i18n/ZZ.png',1,'',0),
(254,'Uruguay','','','','-- Sin asignar --','UY','','','','','','','','','','../../server/i18n/UY.png',1,'',0),
(255,'Uzbekistan','','','','-- Sin asignar --','UZ','','','','','','','','','','../../server/i18n/UZ.png',1,'',0),
(256,'Vanuatu','','','','-- Sin asignar --','VU','','','','','','','','','','../../server/i18n/VU.png',1,'',0),
(257,'Vatican City','','','','-- Sin asignar --','VA','','','','','','','','','','../../server/i18n/VA.png',1,'',0),
(258,'Venezuela','','','','-- Sin asignar --','VE','','','','','','','','','','../../server/i18n/VE.png',1,'',0),
(259,'Vietnam','','','','-- Sin asignar --','VN','','','','','','','','','','../../server/i18n/VN.png',1,'',0),
(260,'Wake Island','','','','-- Sin asignar --','WK','','','','','','','','','','../../server/i18n/WK.png',1,'',0),
(261,'Wallis and Futuna','','','','-- Sin asignar --','WF','','','','','','','','','','../../server/i18n/WF.png',1,'',0),
(262,'Western Sahara','','','','-- Sin asignar --','EH','','','','','','','','','','../../server/i18n/EH.png',1,'',0),
(263,'Yemen','','','','-- Sin asignar --','YE','','','','','','','','','','../../server/i18n/YE.png',1,'',0),
(264,'Zambia','','','','-- Sin asignar --','ZM','','','','','','','','','','../../server/i18n/ZM.png',1,'',0),
(265,'Zimbabwe','','','','-- Sin asignar --','ZW','','','','','','','','','','../../server/i18n/ZW.png',1,'',0),
(266,'Åland Islands','','','','-- Sin asignar --','AX','','','','','','','','','','../../server/i18n/AX.png',1,'',0);
/*!40000 ALTER TABLE `clubes` ENABLE KEYS */;
UNLOCK TABLES;

--
-- Table structure for table `equipos`
--

DROP TABLE IF EXISTS `equipos`;
/*!40101 SET @saved_cs_client     = @@character_set_client */;
/*!40101 SET character_set_client = utf8 */;
CREATE TABLE `equipos` (
  `ID` int(4) NOT NULL AUTO_INCREMENT,
  `Prueba` int(4) NOT NULL DEFAULT '1',
  `Jornada` int(4) NOT NULL,
  `Categorias` varchar(16) NOT NULL DEFAULT '-LMST',
  `Nombre` varchar(255) NOT NULL,
  `Observaciones` varchar(255) DEFAULT NULL,
  `Miembros` text NOT NULL,
  `DefaultTeam` tinyint(1) NOT NULL DEFAULT '0',
  PRIMARY KEY (`ID`),
  UNIQUE KEY `Equipos_JornadaNombre` (`Jornada`,`Nombre`),
  KEY `Equipos_Prueba` (`Prueba`),
  KEY `Equipos_Jornada` (`Jornada`),
  CONSTRAINT `Equipos_ibfk_1` FOREIGN KEY (`Prueba`) REFERENCES `pruebas` (`ID`) ON DELETE CASCADE ON UPDATE CASCADE,
  CONSTRAINT `Equipos_ibfk_2` FOREIGN KEY (`Jornada`) REFERENCES `jornadas` (`ID`) ON DELETE CASCADE ON UPDATE CASCADE
) ENGINE=InnoDB AUTO_INCREMENT=41 DEFAULT CHARSET=utf8;
/*!40101 SET character_set_client = @saved_cs_client */;

--
-- Dumping data for table `equipos`
--

LOCK TABLES `equipos` WRITE;
/*!40000 ALTER TABLE `equipos` DISABLE KEYS */;
INSERT INTO `equipos` VALUES 
(1,1,1,'-LMST','-- Sin asignar --','NO BORRAR: PRUEBA 1 JORNADA 1 - Equipo por defecto','BEGIN,END',1),
(2,1,2,'-LMST','-- Sin asignar --','NO BORRAR: PRUEBA 1 JORNADA 2 - Equipo por defecto','BEGIN,END',1),
(3,1,3,'-LMST','-- Sin asignar --','NO BORRAR: PRUEBA 1 JORNADA 3 - Equipo por defecto','BEGIN,END',1),
(4,1,4,'-LMST','-- Sin asignar --','NO BORRAR: PRUEBA 1 JORNADA 4 - Equipo por defecto','BEGIN,END',1),
(5,1,5,'-LMST','-- Sin asignar --','NO BORRAR: PRUEBA 1 JORNADA 5 - Equipo por defecto','BEGIN,END',1),
(6,1,6,'-LMST','-- Sin asignar --','NO BORRAR: PRUEBA 1 JORNADA 6 - Equipo por defecto','BEGIN,END',1),
(7,1,7,'-LMST','-- Sin asignar --','NO BORRAR: PRUEBA 1 JORNADA 7 - Equipo por defecto','BEGIN,END',1),
(8,1,8,'-LMST','-- Sin asignar --','NO BORRAR: PRUEBA 1 JORNADA 8 - Equipo por defecto','BEGIN,END',1),
(9,2,9,'-LMST','-- Sin asignar --','NO BORRAR: PRUEBA 2 JORNADA 9 - Default Team','BEGIN,END',1),
(10,2,10,'-LMST','-- Sin asignar --','NO BORRAR: PRUEBA 2 JORNADA 10 - Default Team','BEGIN,END',1),
(11,2,11,'-LMST','-- Sin asignar --','NO BORRAR: PRUEBA 2 JORNADA 11 - Default Team','BEGIN,END',1),
(12,2,12,'-LMST','-- Sin asignar --','NO BORRAR: PRUEBA 2 JORNADA 12 - Default Team','BEGIN,END',1),
(13,2,13,'-LMST','-- Sin asignar --','NO BORRAR: PRUEBA 2 JORNADA 13 - Default Team','BEGIN,END',1),
(14,2,14,'-LMST','-- Sin asignar --','NO BORRAR: PRUEBA 2 JORNADA 14 - Default Team','BEGIN,END',1),
(15,2,15,'-LMST','-- Sin asignar --','NO BORRAR: PRUEBA 2 JORNADA 15 - Default Team','BEGIN,END',1),
(16,2,16,'-LMST','-- Sin asignar --','NO BORRAR: PRUEBA 2 JORNADA 16 - Default Team','BEGIN,END',1),
(17,3,17,'-LMST','-- Sin asignar --','NO BORRAR: PRUEBA 3 JORNADA 17 - Default Team','BEGIN,END',1),
(18,3,18,'-LMST','-- Sin asignar --','NO BORRAR: PRUEBA 3 JORNADA 18 - Default Team','BEGIN,END',1),
(19,3,19,'-LMST','-- Sin asignar --','NO BORRAR: PRUEBA 3 JORNADA 19 - Default Team','BEGIN,END',1),
(20,3,20,'-LMST','-- Sin asignar --','NO BORRAR: PRUEBA 3 JORNADA 20 - Default Team','BEGIN,END',1),
(21,3,21,'-LMST','-- Sin asignar --','NO BORRAR: PRUEBA 3 JORNADA 21 - Default Team','BEGIN,END',1),
(22,3,22,'-LMST','-- Sin asignar --','NO BORRAR: PRUEBA 3 JORNADA 22 - Default Team','BEGIN,END',1),
(23,3,23,'-LMST','-- Sin asignar --','NO BORRAR: PRUEBA 3 JORNADA 23 - Default Team','BEGIN,END',1),
(24,3,24,'-LMST','-- Sin asignar --','NO BORRAR: PRUEBA 3 JORNADA 24 - Default Team','BEGIN,END',1),
(25,4,25,'-LMST','-- Sin asignar --','NO BORRAR: PRUEBA 4 JORNADA 25 - Default Team','BEGIN,END',1),
(26,4,26,'-LMST','-- Sin asignar --','NO BORRAR: PRUEBA 4 JORNADA 26 - Default Team','BEGIN,END',1),
(27,4,27,'-LMST','-- Sin asignar --','NO BORRAR: PRUEBA 4 JORNADA 27 - Default Team','BEGIN,END',1),
(28,4,28,'-LMST','-- Sin asignar --','NO BORRAR: PRUEBA 4 JORNADA 28 - Default Team','BEGIN,END',1),
(29,4,29,'-LMST','-- Sin asignar --','NO BORRAR: PRUEBA 4 JORNADA 29 - Default Team','BEGIN,END',1),
(30,4,30,'-LMST','-- Sin asignar --','NO BORRAR: PRUEBA 4 JORNADA 30 - Default Team','BEGIN,END',1),
(31,4,31,'-LMST','-- Sin asignar --','NO BORRAR: PRUEBA 4 JORNADA 31 - Default Team','BEGIN,END',1),
(32,4,32,'-LMST','-- Sin asignar --','NO BORRAR: PRUEBA 4 JORNADA 32 - Default Team','BEGIN,END',1),
(33,5,33,'-LMST','-- Sin asignar --','NO BORRAR: PRUEBA 5 JORNADA 33 - Default Team','BEGIN,END',1),
(34,5,34,'-LMST','-- Sin asignar --','NO BORRAR: PRUEBA 5 JORNADA 34 - Default Team','BEGIN,END',1),
(35,5,35,'-LMST','-- Sin asignar --','NO BORRAR: PRUEBA 5 JORNADA 35 - Default Team','BEGIN,END',1),
(36,5,36,'-LMST','-- Sin asignar --','NO BORRAR: PRUEBA 5 JORNADA 36 - Default Team','BEGIN,END',1),
(37,5,37,'-LMST','-- Sin asignar --','NO BORRAR: PRUEBA 5 JORNADA 37 - Default Team','BEGIN,END',1),
(38,5,38,'-LMST','-- Sin asignar --','NO BORRAR: PRUEBA 5 JORNADA 38 - Default Team','BEGIN,END',1),
(39,5,39,'-LMST','-- Sin asignar --','NO BORRAR: PRUEBA 5 JORNADA 39 - Default Team','BEGIN,END',1),
(40,5,40,'-LMST','-- Sin asignar --','NO BORRAR: PRUEBA 5 JORNADA 40 - Default Team','BEGIN,END',1);
/*!40000 ALTER TABLE `equipos` ENABLE KEYS */;
UNLOCK TABLES;

--
-- Table structure for table `eventos`
--

DROP TABLE IF EXISTS `eventos`;
/*!40101 SET @saved_cs_client     = @@character_set_client */;
/*!40101 SET character_set_client = utf8 */;
CREATE TABLE `eventos` (
  `ID` int(4) NOT NULL AUTO_INCREMENT,
  `Session` int(4) NOT NULL,
  `Source` varchar(255) NOT NULL,
  `Type` varchar(255) NOT NULL,
  `Timestamp` timestamp NOT NULL DEFAULT CURRENT_TIMESTAMP,
  `Data` text NOT NULL,
  PRIMARY KEY (`ID`),
  KEY `Eventos_Session` (`Session`),
  CONSTRAINT `Eventos_ibfk_1` FOREIGN KEY (`Session`) REFERENCES `sesiones` (`ID`) ON DELETE CASCADE ON UPDATE CASCADE
) ENGINE=InnoDB DEFAULT CHARSET=utf8;
/*!40101 SET character_set_client = @saved_cs_client */;

--
-- Dumping data for table `eventos`
--

LOCK TABLES `eventos` WRITE;
/*!40000 ALTER TABLE `eventos` DISABLE KEYS */;
/*!40000 ALTER TABLE `eventos` ENABLE KEYS */;
UNLOCK TABLES;

--
-- Table structure for table `grados_perro`
--

DROP TABLE IF EXISTS `grados_perro`;
/*!40101 SET @saved_cs_client     = @@character_set_client */;
/*!40101 SET character_set_client = utf8 */;
CREATE TABLE `grados_perro` (
  `Grado` varchar(16) NOT NULL,
  `Comentarios` varchar(255) DEFAULT NULL,
  PRIMARY KEY (`Grado`)
) ENGINE=InnoDB DEFAULT CHARSET=utf8;
/*!40101 SET character_set_client = @saved_cs_client */;

--
-- Dumping data for table `grados_perro`
--

LOCK TABLES `grados_perro` WRITE;
/*!40000 ALTER TABLE `grados_perro` DISABLE KEYS */;
INSERT INTO `grados_perro` VALUES 
('-','Sin especificar'),
('Baja','Baja temporal'),
('GI','Grado I'),
('GII','Grado II'),
('GIII','Grado III'),
('P.A.','Pre-Agility'),
('P.B.','Perro en Blanco'),
('Ret.','Retirado');
/*!40000 ALTER TABLE `grados_perro` ENABLE KEYS */;
UNLOCK TABLES;

--
-- Table structure for table `guias`
--

DROP TABLE IF EXISTS `guias`;
/*!40101 SET @saved_cs_client     = @@character_set_client */;
/*!40101 SET character_set_client = utf8 */;
CREATE TABLE `guias` (
  `ID` int(4) NOT NULL AUTO_INCREMENT,
  `Nombre` varchar(255) NOT NULL,
  `Telefono` varchar(16) DEFAULT NULL,
  `Email` varchar(255) DEFAULT NULL,
  `Club` int(4) NOT NULL DEFAULT '1',
  `Federation` tinyint(1) NOT NULL DEFAULT '0',
  `Observaciones` varchar(255) DEFAULT NULL,
  PRIMARY KEY (`ID`),
  KEY `Guias_Nombre` (`Nombre`),
  KEY `Guias_Club` (`Club`),
  CONSTRAINT `Guias_ibfk_1` FOREIGN KEY (`Club`) REFERENCES `clubes` (`ID`) ON UPDATE CASCADE
) ENGINE=InnoDB AUTO_INCREMENT=570 DEFAULT CHARSET=utf8;
/*!40101 SET character_set_client = @saved_cs_client */;

--
-- Dumping data for table `guias`
--

LOCK TABLES `guias` WRITE;
/*!40000 ALTER TABLE `guias` DISABLE KEYS */;
INSERT INTO `guias` VALUES 
(1,'-- Sin asignar --',NULL,NULL,1,0,'NO BORRAR. Valor por defecto cuando un perro se define por primera vez'),
(2,'Adolfo Hernandez','','',220,0,''),
(3,'Adoracion Morales','','',220,0,''),
(4,'Adrian Ozaeta Pedruzo','','',220,0,''),
(5,'Adrian Bajo Alonso','','',220,0,''),
(6,'Adriana Rivilla','','',220,0,''),
(7,'Adriana Meco ','','',220,0,''),
(8,'Agustín Centelles','','',220,0,''),
(9,'Ainhoa Corrales Blázquez','','',220,0,''),
(10,'Aintzane Gaztelu Ortiz','','',220,0,''),
(11,'Alaitz Idarraga Ortega','','',220,0,''),
(12,'Alan Blanchard','','',220,0,''),
(13,'Alba Bustillo','','',220,0,''),
(14,'Albert Ulldemolins','','',220,0,''),
(15,'Alberto Valentin','','',220,0,''),
(16,'Alberto González','','',220,0,''),
(17,'Alberto Esteban Pineda','','',220,0,''),
(18,'Alberto Costas','','',220,0,''),
(19,'Alberto Sánchez Pérez','','',220,0,''),
(20,'Alberto Alonso','','',220,0,''),
(21,'Alberto Mudarra','','',220,0,''),
(22,'Alberto Perez Yubero','','',220,0,''),
(23,'Alejandra Alvarez Gonzalez','','',220,0,''),
(24,'Alejandro Salas','','',220,0,''),
(25,'Alex Del Rio','','',220,0,''),
(26,'Alex Sabini','','',220,0,''),
(27,'Alex Olivera','','',220,0,''),
(28,'Alex Goffin','','',220,0,''),
(29,'Alexandra Barget','','',80,0,''),
(30,'Alexandre Caclin','','',80,0,''),
(31,'Alfredo Garcia','','',220,0,''),
(32,'Alicia Garcia','','',220,0,''),
(33,'Alicia Meca Toledo','','',220,0,''),
(34,'Alicia Mejias Jurado','','',220,0,''),
(35,'Almudena Ugarte Perez','','',220,0,''),
(36,'Amaia Peña Gomez','','',220,0,''),
(37,'Amélie Delcroix','','',80,0,''),
(38,'Amouroux Thierry','','',80,0,''),
(39,'Amparo Roig','','',220,0,''),
(40,'Ana Carral','','',220,0,''),
(41,'Ana Beltrán Bustamante','','',220,0,''),
(42,'Ana Palet','','',220,0,''),
(43,'Ana Beltran','','',220,0,''),
(44,'Ana Faria','','',190,0,''),
(45,'Ana Bernardo','','',190,0,''),
(46,'Ana Palet','','',220,0,''),
(47,'Ana Alonso Lozano','','',220,0,''),
(48,'Ana Bernardo','','',190,0,''),
(50,'Ana Faria','','',190,0,''),
(51,'Ana Belén Ondategui Casas','','',220,0,''),
(52,'Ana Cynthia Marcuello Morata','','',220,0,''),
(53,'Ana Isabel Redón','','',220,0,''),
(54,'Ana Maria Ramirez Dominguez','','',220,0,''),
(55,'Anabel Diaz','','',220,0,''),
(56,'Ander Vazquez Ruz','','',220,0,''),
(57,'Andrea García López','','',220,0,''),
(58,'Andrea Riu','','',220,0,''),
(59,'Andrea Cacciatori','','',114,0,''),
(60,'Ane Galdeano','','',220,0,''),
(61,'Angel Rubio','','',220,0,''),
(62,'Angel Insa','','',220,0,''),
(63,'Angèle Agnes','','',80,0,''),
(64,'Ann Katrin','','',88,0,''),
(65,'Anna Nogues Lopez','','',220,0,''),
(66,'Annie Amen','','',80,0,''),
(67,'Antje Lippold','','',220,0,''),
(68,'Antonio Fernandez','','',220,0,''),
(69,'Antonio Ojeda Guijarro','','',220,0,''),
(70,'Arabia Vidal','','',220,0,''),
(71,'Aracelis Rodríguez','','',220,0,''),
(72,'Arantza Peña Lopez','','',220,0,''),
(73,'Arantza Villanueva','','',220,0,''),
(74,'Arantza San Miguel Oyon','','',220,0,''),
(75,'Arcadio Andres Solanes','','',220,0,''),
(76,'Ariadna Sieres Ojeda','','',220,0,''),
(77,'Aribart Alexis','','',80,0,''),
(78,'Aribart Olivier','','',80,0,''),
(80,'Arturo Conejera','','',220,0,''),
(81,'Åsa Emanuelsson','','',226,0,''),
(82,'Asier Mourelle Matas','','',220,0,''),
(83,'Asier Garcia Carrasco','','',220,0,''),
(84,'Asun Arteta Markaida','','',220,0,''),
(85,'Audrey Chagne','','',80,0,''),
(86,'Audrey Limet','','',80,0,''),
(87,'Aurore Bonnet','','',80,0,''),
(88,'Bano Marion','','',80,0,''),
(89,'Barbara Flemming','','',220,0,''),
(90,'Bargoin Cédric','','',80,0,''),
(91,'Bea Gascon','','',220,0,''),
(92,'Beatrice Magnoux','','',80,0,''),
(93,'Beatriz Juan','','',220,0,''),
(94,'Benjamin Hulot','','',80,0,''),
(95,'Benjamin Maitre','','',80,0,''),
(96,'Benoit Francois','','',80,0,''),
(97,'Berit Kittel','','',220,0,''),
(98,'Bezout Herve','','',80,0,''),
(99,'Biaix Aubach','','',220,0,''),
(100,'Bielle-Bidalot Gregory','','',80,0,''),
(101,'Bigois Sandrine','','',80,0,''),
(102,'Boissard Aurélie ','','',80,0,''),
(103,'Bonny Emeline','','',80,0,''),
(104,'Bouillot Christelle','','',80,0,''),
(105,'Boulet Lucie','','',80,0,''),
(106,'Bozena Passmann','','',88,0,''),
(107,'Brigitt Braun','','',227,0,''),
(108,'Bruno Couchies','','',80,0,''),
(109,'Bustreau Stéphanie','','',80,0,''),
(110,'Camilla Bressan','','',114,0,''),
(111,'Camille Jadot','','',133,0,''),
(112,'Carla Domingo','','',80,0,''),
(113,'Carlos Del Barrio Rico','','',220,0,''),
(114,'Carlos Magnoli ','','',114,0,''),
(115,'Carlos Serra Tejedor','','',220,0,''),
(116,'Carlos Casado. Nieto','','',220,0,''),
(117,'Carmen Martin Pons','','',220,0,''),
(118,'Carmen Serrano','','',220,0,''),
(119,'Carmen Briceño','','',220,0,''),
(120,'Carolann Bihan','','',80,0,''),
(121,'Castelain Renaud','','',80,0,''),
(122,'Caterina Rolli','','',114,0,''),
(123,'Cattoen Arlette','','',80,0,''),
(124,'Cebellan Henri','','',80,0,''),
(125,'Celine Lescure','','',80,0,''),
(126,'Cendres Damien','','',80,0,''),
(127,'Charlene Magnoux','','',80,0,''),
(128,'Chloé Agnes','','',80,0,''),
(129,'Christian Porcu','','',114,0,''),
(130,'Christophe Dalmat','','',80,0,''),
(131,'Churlet Nathalie','','',80,0,''),
(132,'Churlet Bruno','','',80,0,''),
(133,'Cindy Broussard','','',80,0,''),
(134,'Clara Ruisanchez','','',220,0,''),
(135,'Clavien Erica','','',227,0,''),
(136,'Concepcion Lopez','','',220,0,''),
(137,'Corinna Körner','','',220,0,''),
(138,'Corinne Meynier','','',80,0,''),
(139,'Craig Bethan','','',80,0,''),
(140,'Craig Margarita','','',80,0,''),
(141,'Cresson Laurent','','',80,0,''),
(142,'Cristian Andrade','','',220,0,''),
(143,'Cristina Garcia Daura','','',220,0,''),
(144,'Cristina Gimeno','','',220,0,''),
(145,'Cristina Hodor Iglesias','','',220,0,''),
(146,'Cristina Valdespino','','',220,0,''),
(147,'Cristina Gonzalez','','',220,0,''),
(148,'Cros Marie-Clotilde','','',80,0,''),
(149,'Cruz Blanco Del Olmo','','',220,0,''),
(150,'Cynthia Bossio','','',133,0,''),
(151,'Damien Cendres','','',80,0,''),
(152,'Dani Rodriguez Muñoz','','',220,0,''),
(153,'Daniel Schröder','','',88,0,''),
(154,'Daniel Menendez Gonzalez','','',220,0,''),
(155,'Daniel Sanz Villanueva','','',220,0,''),
(156,'David Calviño Serrano','','',220,0,''),
(157,'David Martinez Nebot','','',220,0,''),
(158,'David Casas','','',220,0,''),
(159,'David Thorin','','',80,0,''),
(160,'David Gómez - Calcerrada Pinto ','','',220,0,''),
(161,'David Martinez','','',220,0,''),
(162,'David Redolar','','',220,0,''),
(163,'David Molina Gimeno','','',220,0,''),
(164,'David Alique Sanchez','','',220,0,''),
(165,'David Martinez','','',220,0,''),
(166,'David Castaño Corvo','','',220,0,''),
(167,'David Alique Sanchez','','',220,0,''),
(168,'David Chinchilla','','',220,0,''),
(169,'Devaux Amandine','','',80,0,''),
(170,'Diana Cozar','','',220,0,''),
(171,'Diana Garcia Romero','','',220,0,''),
(172,'Diana Cozar','','',220,0,''),
(173,'Diego Simon Sanz','','',220,0,''),
(174,'Dugout Christophe','','',80,0,''),
(175,'Eduardo Font','','',220,0,''),
(176,'Elena Chinchilla','','',220,0,''),
(177,'Elena Sin','','',220,0,''),
(178,'Eli Verdejo','','',220,0,''),
(179,'Elisa Lambert','','',80,0,''),
(180,'Elisenda Huidobro Riba','','',220,0,''),
(181,'Elodie Kunkler','','',80,0,''),
(182,'Emanuelle Mathieu','','',80,0,''),
(183,'Emilie Valat','','',80,0,''),
(184,'Emilio Jose Pedrazuela','','',220,0,''),
(185,'Emmel Magali','','',80,0,''),
(186,'Enrique Herbera','','',220,0,''),
(187,'Enrique Gonzalez Fernandez','','',220,0,''),
(188,'Enrique Castellano Pérez','','',220,0,''),
(189,'Erwann De Montcuit','','',80,0,''),
(190,'Erwann Coroller','','',80,0,''),
(191,'Esplet Aurore','','',80,0,''),
(192,'Esteban Conde','','',220,0,''),
(193,'Estibaliz Rodriguez Ñuñez','','',220,0,''),
(194,'Estibaliz Pereda','','',220,0,''),
(195,'Eugenio Villares Portillo','','',220,0,''),
(196,'Eva Pascual','','',220,0,''),
(197,'Eva Lacnakova','','',220,0,''),
(198,'Eva Camarero','','',220,0,''),
(199,'Eva Grau','','',220,0,''),
(200,'Evita Vazquez Morales','','',220,0,''),
(201,'Fabian Santolaya','','',220,0,''),
(202,'Fernando Garcia','','',220,0,''),
(203,'Fernando Estevez Costas','','',220,0,''),
(204,'Fito Rodriguez','','',220,0,''),
(205,'Floriana De Zotti','','',114,0,''),
(206,'Fran Barget','','',80,0,''),
(207,'Francesco Franguelli','','',114,0,''),
(208,'Franch Anaïs','','',80,0,''),
(209,'Francisco Sobral','','',220,0,''),
(210,'Francisco Maestre Torres','','',220,0,''),
(211,'Francisco Medina','','',220,0,''),
(212,'Francisco Javier Luque Castillo','','',220,0,''),
(213,'Françoise Darricau','','',80,0,''),
(214,'Fred Gaudard','','',227,0,''),
(215,'Gabriel Gomez Preciado','','',220,0,''),
(216,'Gael Kervegant','','',80,0,''),
(217,'Gaillard Philippe','','',80,0,''),
(218,'Gaizka Bermejo García','','',220,0,''),
(219,'Garazi Aperribai Lamberto','','',220,0,''),
(220,'Garcia Soro','','',220,0,''),
(221,'Gema Ruiz','','',220,0,''),
(222,'Gemma Arnaus','','',220,0,''),
(223,'Gemma Gonzalez','','',220,0,''),
(224,'Gerardo Paleo','','',220,0,''),
(225,'Gerardo Alvarez Costa','','',220,0,''),
(226,'Gisela Solis','','',220,0,''),
(227,'Goizargi Rovira Otxandio','','',220,0,''),
(228,'Gonzalo Iglesias Fernandez','','',220,0,''),
(229,'Gorka Ochoa Turiel','','',220,0,''),
(230,'Gorka Pozuelo','','',220,0,''),
(231,'Gorka Bruña','','',220,0,''),
(232,'Greta Venegas Cruz','','',220,0,''),
(233,'Guilhem Bruchet','','',80,0,''),
(234,'Hans Haenny','','',227,0,''),
(235,'Hector Ibañez','','',220,0,''),
(236,'Hélène Cibois','','',80,0,''),
(237,'Hélène Pastorelli ','','',80,0,''),
(238,'Hernan Diaz','','',220,0,''),
(239,'Herrera Perez','','',220,0,''),
(240,'Hordequin Eric','','',80,0,''),
(241,'Hur Ayo Mezo','','',220,0,''),
(242,'Ibon Caballero Varela','','',220,0,''),
(243,'Ines Figueiredo','','',190,0,''),
(244,'Iñaki García Fuentes','','',220,0,''),
(245,'Irati Diego','','',220,0,''),
(246,'Irena Montalvo','','',220,0,''),
(247,'Irene Artacho','','',220,0,''),
(248,'Irene Blanco','','',220,0,''),
(249,'Iris Pevida','','',220,0,''),
(250,'Irune Alfageme','','',220,0,''),
(251,'Isabel Guedes','','',190,0,''),
(252,'Isabel Rodriguez Ruiz','','',220,0,''),
(253,'Isabel Natera López','','',220,0,''),
(254,'Isabel Gimeno Palacios','','',220,0,''),
(255,'Isabelle Emanuelsson','','',226,0,''),
(256,'Ismael Caler','','',220,0,''),
(257,'Israel Fernandez Garcia','','',220,0,''),
(258,'Itziar Usategui Guillerna','','',220,0,''),
(259,'Ivan Sanchez','','',220,0,''),
(260,'Ivan Pardo','','',220,0,''),
(261,'Ivan Amez','','',220,0,''),
(262,'Ivan Perez Suarez','','',220,0,''),
(263,'Izaskun Garitaonandia ','','',220,0,''),
(264,'Jaime Otero','','',220,0,''),
(265,'Janire Pérez Rebollo','','',220,0,''),
(266,'Janire Bermejo Castilla','','',220,0,''),
(267,'Jara Pérez','','',220,0,''),
(268,'Javier Martin','','',220,0,''),
(269,'Javier Santisteban Nieto','','',220,0,''),
(270,'Javier Mora','','',220,0,''),
(271,'Javier Verdejo','','',220,0,''),
(272,'Javiet Iniesta Garcia','','',220,0,''),
(273,'Jeannine Gloor','','',227,0,''),
(274,'Jennifer Tolin Del Castillo','','',220,0,''),
(275,'Jenny Boedner','','',88,0,''),
(276,'Jenny Fratini','','',114,0,''),
(277,'Jeres Pascale','','',80,0,''),
(278,'Jesus Arenaza Taranco','','',220,0,''),
(279,'Jesús Cuéllar','','',220,0,''),
(280,'Joana Tabares','','',190,0,''),
(281,'João Sousa','','',190,0,''),
(282,'Jonathan Guillem','','',220,0,''),
(283,'Jordi Boix Baró','','',220,0,''),
(284,'Jorge Valero','','',220,0,''),
(285,'Jorge Arcas','','',220,0,''),
(286,'Jorge Serrano','','',220,0,''),
(287,'Jorge Ramos','','',220,0,''),
(288,'Jorge Salas Vaño','','',220,0,''),
(289,'Jorge Bala','','',220,0,''),
(290,'Jorge Valero','','',220,0,''),
(292,'Jorge Muñoz Real','','',220,0,''),
(293,'Jorge Ocejo','','',220,0,''),
(294,'Josan Pascual Portero','','',220,0,''),
(295,'Jose Prieto','','',220,0,''),
(296,'José Peris','','',220,0,''),
(297,'Jose Alberto Ruiz Camara','','',220,0,''),
(298,'José Antonio Encinas Márquez','','',220,0,''),
(299,'José Antonio Gutiérrez González','','',220,0,''),
(300,'José Carlos Iglesias','','',220,0,''),
(301,'Jose Julio Diez Fernandez','','',220,0,''),
(302,'Jose Luis Romero Garcia','','',220,0,''),
(303,'Jose Maria Fuente Granados','','',220,0,''),
(304,'Jose Mauel Torres','','',220,0,''),
(305,'Jose Vicente Luján López','','',220,0,''),
(306,'José Vicente Escriche Sancho','','',220,0,''),
(307,'Joseba Gutierrez Fontan','','',220,0,''),
(308,'Josep Duran','','',220,0,''),
(309,'Juan Samperio','','',220,0,''),
(310,'Juan Escos','','',220,0,''),
(311,'Juan Pelegrin','','',220,0,''),
(312,'Juan Muñiz','','',220,0,''),
(313,'Juan Ferrandis','','',220,0,''),
(314,'Juan Carlos Castañer','','',220,0,''),
(315,'Juan Carlos Soler Corcoles','','',220,0,''),
(316,'Juan Carlos Vazquez','','',220,0,''),
(317,'Juan Carlos Lejarreta Bengoa','','',220,0,''),
(318,'Juan Carlos Hinojal García ','','',220,0,''),
(319,'Juan Carlos Companys Violat','','',220,0,''),
(320,'Juan Carlos Redondo','','',220,0,''),
(321,'Juan Francisco Pelegrin','','',220,0,''),
(322,'Juan Jose Bermudez','','',220,0,''),
(323,'Juan José Martín De Las Blancas','','',220,0,''),
(324,'Juan Luis Colmano','','',220,0,''),
(325,'Juan Miguel Cifuentes','','',220,0,''),
(326,'Judith Cortes','','',220,0,''),
(327,'Julen Arranz','','',220,0,''),
(328,'Julen Lazaro Martinez','','',220,0,''),
(329,'Julia Stangl','','',16,0,''),
(330,'Julian Sanchez','','',220,0,''),
(331,'Juliane Maitre','','',80,0,''),
(332,'Julie Celmar','','',133,0,''),
(333,'Juliette Corroyez','','',80,0,''),
(334,'Julio Rodrigues','','',190,0,''),
(335,'Karine Atlan','','',80,0,''),
(336,'Kiko De La Cruz Colorado','','',258,0,''),
(337,'Laini Myriam','','',80,0,''),
(338,'Laura Capdevila','','',220,0,''),
(339,'Laura Argente Roda','','',220,0,''),
(340,'Laura Monrabal','','',220,0,''),
(341,'Laura Carrasco','','',220,0,''),
(342,'Laure Breitenstein','','',80,0,''),
(343,'Lavigne Mélanie','','',80,0,''),
(344,'Lecoeur Nathalie','','',80,0,''),
(345,'Leire Herrera Fernandez','','',220,0,''),
(346,'Leisser Yannick','','',80,0,''),
(347,'Leonor Peral Marti','','',220,0,''),
(348,'Leticia Pascual','','',220,0,''),
(349,'Leticia Caminos Garcia-Borreguero','','',220,0,''),
(350,'Leticia Bolt','','',12,0,''),
(351,'Leticia Lamas Diaz','','',220,0,''),
(352,'Liorzou Emelyne','','',80,0,''),
(353,'Livet Magalie','','',80,0,''),
(354,'Livia Nogueira','','',220,0,''),
(355,'Lola Rosas Galvez','','',220,0,''),
(356,'Loly Gil','','',220,0,''),
(357,'Lorenzo Buzon Fernandez','','',220,0,''),
(358,'Louise Foubert','','',80,0,''),
(359,'Lucia Cayazzo','','',220,0,''),
(360,'Lucia Ezcurra','','',220,0,''),
(361,'Lucia Figaredo Diaz','','',220,0,''),
(362,'Ludiwine Dabezies','','',80,0,''),
(363,'Luis Luque','','',220,0,''),
(364,'Luis Jarque','','',220,0,''),
(365,'Luis Sousa','','',190,0,''),
(366,'Luis Narciso','','',190,0,''),
(367,'Luis Miguel Rodrigo Martinez','','',220,0,''),
(368,'Lydia Muscolino','','',220,0,''),
(369,'Lydie Beurot','','',80,0,''),
(370,'Magali Frerebeau','','',80,0,''),
(371,'Magalie Livet','','',80,0,''),
(372,'Maitane Luengo Landabaso','','',220,0,''),
(373,'Maitane Arrola Eguileor','','',220,0,''),
(374,'Maitane Alzola Blanco','','',220,0,''),
(375,'Maïthé Goubier','','',80,0,''),
(376,'Manci Florence','','',80,0,''),
(377,'Manolo Ortigosa','','',220,0,''),
(378,'Manu Garcia Perez','','',220,0,''),
(379,'Mar Lahoz','','',220,0,''),
(380,'Marc Ambros','','',220,0,''),
(381,'Marc Rabada','','',220,0,''),
(382,'Marco Boschiero','','',114,0,''),
(383,'Marco Maldonado','','',220,0,''),
(384,'Marco Alvarez Prieto','','',220,0,''),
(385,'Maria De Las Heras Martinez','','',220,0,''),
(386,'Maria Lasarte','','',220,0,''),
(387,'María López','','',220,0,''),
(388,'Mariangeles Abad','','',220,0,''),
(389,'Marie Barthet','','',80,0,''),
(390,'Marina López','','',220,0,''),
(391,'Marina Dominguez','','',220,0,''),
(392,'Marina López','','',220,0,''),
(393,'Marina Perez','','',220,0,''),
(394,'Mario Hernandez Lara','','',220,0,''),
(395,'Marion Bonte','','',80,0,''),
(396,'Mariyvonne Mahler','','',80,0,''),
(397,'Marta Soldevila','','',220,0,''),
(398,'Marta Martins','','',190,0,''),
(399,'Marta Acero','','',220,0,''),
(400,'Marta Barandiaran Angulo','','',220,0,''),
(401,'Marta Martins','','',190,0,''),
(402,'Marta Fernández Alegría','','',220,0,''),
(403,'Martina Magnoli Klimesova','','',61,0,''),
(404,'Martine Hengel','','',133,0,''),
(405,'Martinez Vela','','',220,0,''),
(406,'Marzia Quinzio','','',114,0,''),
(407,'Mateo Moreno','','',220,0,''),
(408,'Mathiot Florence','','',80,0,''),
(409,'Matías Monleón','','',220,0,''),
(410,'Mauro Azevedo','','',190,0,''),
(411,'Merlet Jean-Pierre','','',80,0,''),
(412,'Michael Van Waegevelde','','',23,0,''),
(413,'Michele Caoules','','',80,0,''),
(414,'Mignot Pauline','','',80,0,''),
(415,'Miguel Angel Soriano Alcalde','','',220,0,''),
(416,'Mike Peter','','',133,0,''),
(417,'Miquel Gilabert Cairol','','',220,0,''),
(418,'Miriam Gomez','','',220,0,''),
(419,'Mona Grefenstein','','',88,0,''),
(420,'Moncet Mathieu','','',80,0,''),
(421,'Monica Alvarez Castro','','',220,0,''),
(422,'Monserrat Ayuso García','','',220,0,''),
(423,'Monserrat Sirgo','','',220,0,''),
(424,'Moreau Paul','','',80,0,''),
(425,'Moreau Nathalie','','',80,0,''),
(426,'Morlet Julien','','',80,0,''),
(427,'Muller Reynald','','',80,0,''),
(428,'Natacha Portola','','',80,0,''),
(429,'Natalia Cuadrado Ramon','','',220,0,''),
(430,'Natalia Colnaghi','','',114,0,''),
(431,'Natalia Escorcia Guillem ','','',220,0,''),
(432,'Natasha Portola','','',80,0,''),
(433,'Nathalie Victorin','','',80,0,''),
(434,'Nathan Magnoux','','',80,0,''),
(435,'Natividad Ruiz Olivares','','',220,0,''),
(436,'Nicole Labernede','','',80,0,''),
(437,'Nicoletta Comune','','',114,0,''),
(438,'Noa Taboas Teijeira','','',220,0,''),
(439,'Noelia Mouchet','','',220,0,''),
(440,'Noelia Gimeno Roig','','',220,0,''),
(441,'Nuria Alonso','','',220,0,''),
(442,'Oier Ormazabal','','',220,0,''),
(443,'Olivier Adyns','','',80,0,''),
(444,'Olivier Maunaert','','',23,0,''),
(445,'Omar Babini','','',114,0,''),
(446,'Oria Micó','','',220,0,''),
(447,'Oscar Reboredo','','',220,0,''),
(448,'Oscar Diaz Martinez','','',220,0,''),
(449,'Oscar Santin Blanco','','',220,0,''),
(450,'Oscar Muñiz','','',220,0,''),
(451,'Pablo Alvarez','','',220,0,''),
(452,'Pablo Parra','','',220,0,''),
(453,'Pablo Martínez','','',220,0,''),
(454,'Pacati Anthony ','','',80,0,''),
(455,'Paqui Valles','','',220,0,''),
(456,'Parraud Maxime','','',80,0,''),
(457,'Pau Serrano','','',220,0,''),
(458,'Paul Throp','','',220,0,''),
(459,'Paula Rello Martin','','',220,0,''),
(460,'Pedro Martinez Martin','','',220,0,''),
(461,'Pedro Serrano Gonzalez','','',220,0,''),
(462,'Pere Chovares','','',220,0,''),
(463,'Perrier Synthia','','',80,0,''),
(464,'Petra Loche','','',88,0,''),
(465,'Pilar Sánchez ','','',220,0,''),
(466,'Pilar Lorente','','',220,0,''),
(467,'Piro Mathieu','','',80,0,''),
(468,'Poulichet Lauriane','','',80,0,''),
(469,'Poulichet Rejane','','',80,0,''),
(470,'Prenez Jerome','','',80,0,''),
(471,'Rafa García Marin','','',220,0,''),
(472,'Rahel Wünthrich ','','',227,0,''),
(473,'Ramon Diago','','',220,0,''),
(474,'Raquel Galarraga','','',220,0,''),
(475,'Raquel Marquinez Campo','','',220,0,''),
(476,'Raul Diaz Martinez','','',220,0,''),
(477,'Raul Garcia Gonzalez','','',220,0,''),
(478,'Raymond Valerie ','','',80,0,''),
(479,'Raymond Luc','','',80,0,''),
(480,'Rebeca Pueo','','',220,0,''),
(481,'Regine Frydman-Couchies','','',80,0,''),
(482,'Ricardo Santolaya','','',220,0,''),
(483,'Ricardo De La Cruz Garcia','','',220,0,''),
(484,'Richelmi Elisa','','',152,0,''),
(485,'Righi Véronique','','',80,0,''),
(486,'Riot Christelle','','',80,0,''),
(487,'Roberto Reina Vega','','',220,0,''),
(488,'Roberto Lopes Garcia','','',220,0,''),
(489,'Rodrigo Gómez García','','',220,0,''),
(490,'Rola Gamarra Leon','','',220,0,''),
(491,'Rosana Ceron','','',220,0,''),
(492,'Ross Rubio','','',220,0,''),
(493,'Ruben Lopez','','',220,0,''),
(494,'Ruben Garcia Delgado','','',220,0,''),
(495,'Ruben Martinez ','','',220,0,''),
(496,'Ruben Enguita','','',80,0,''),
(497,'Ruben Jurado Marquez','','',220,0,''),
(498,'Rui Abreu','','',190,0,''),
(499,'Salvi Fogueras','','',220,0,''),
(500,'Sandra Serra Llompart','','',220,0,''),
(501,'Sandra Gracia','','',220,0,''),
(502,'Sandra Rodrigo Martinez','','',220,0,''),
(503,'Santos Hugo','','',190,0,''),
(504,'Sara Gazzetta','','',114,0,''),
(505,'Sara Marquès','','',220,0,''),
(506,'Sara Montilla','','',220,0,''),
(508,'Sara Maria Lara Carrasco','','',220,0,''),
(509,'Sebastien Allerme','','',80,0,''),
(510,'Sensi Moreno','','',220,0,''),
(511,'Sergio Martin','','',220,0,''),
(512,'Sergio Silva','','',190,0,''),
(513,'Sergio Tallón','','',220,0,''),
(514,'Sergio Martin','','',220,0,''),
(515,'Servanne Nédélec','','',80,0,''),
(516,'Severine Gautier','','',80,0,''),
(517,'Simon Brenca','','',227,0,''),
(518,'Sofia Nolasco Narciso','','',190,0,''),
(519,'Solene Priou','','',80,0,''),
(520,'Solene Valero','','',80,0,''),
(521,'Sonia García Plaza','','',220,0,''),
(522,'Sophia Tuis','','',80,0,''),
(523,'Sophie Lafond','','',80,0,''),
(524,'Stefan Eggenschwiler','','',220,0,''),
(525,'Susana Abreu','','',190,0,''),
(526,'Tamara Vidal','','',220,0,''),
(527,'Tamara Trigueros Arratibel','','',220,0,''),
(528,'Tania Corrales','','',220,0,''),
(529,'Tanja Christiansen','','',88,0,''),
(530,'Tina Segovia','','',220,0,''),
(531,'Tito Gonzalez','','',220,0,''),
(532,'Tobias Wüst','','',88,0,''),
(533,'Tomas Perez Ayuso','','',220,0,''),
(534,'Toni Nebot','','',220,0,''),
(535,'Tuveri José','','',80,0,''),
(536,'Unai Caballero Gomez','','',220,0,''),
(537,'Valeriomarco Mambelli','','',114,0,''),
(538,'Vallantin Caroline','','',80,0,''),
(539,'Vanesa Martín Barroso','','',220,0,''),
(540,'Vanesa Frias Aleman','','',220,0,''),
(541,'Vanesa Ruz Fernandez','','',220,0,''),
(542,'Vanessa Barreiro Vazquez','','',220,0,''),
(543,'Vanessa Navarro Marzá','','',220,0,''),
(544,'Vasco Ribeiro','','',190,0,''),
(545,'Vella Sandra','','',80,0,''),
(546,'Veres Zsuzsa','','',190,0,''),
(547,'Verónica Roda Carmona','','',220,0,''),
(548,'Verónica Oliver Huete','','',220,0,''),
(549,'Verónica De Los Angeles Fernandez Suarez','','',220,0,''),
(550,'Vicente Villalba','','',220,0,''),
(551,'Vicente Marquinez','','',220,0,''),
(552,'Vicente Fernandez Lopez','','',220,0,''),
(553,'Vichi Leon','','',220,0,''),
(554,'Vicky Robles','','',220,0,''),
(555,'Virginia Pastor Encinas ','','',220,0,''),
(556,'Virginie Racape','','',80,0,''),
(557,'Voegeli Rose-Marie','','',227,0,''),
(558,'Voegeli Déborah','','',227,0,''),
(559,'William Weber','','',80,0,''),
(560,'Xavi Lopez ','','',220,0,''),
(561,'Yaiza Caballero Fernandez','','',220,0,''),
(562,'Yolanda Castelreanas','','',220,0,''),
(563,'Yolanda García Sánchez ','','',220,0,''),
(564,'Yvette Böhmichen','','',88,0,''),
(565,'Yvonne Zyller','','',88,0,''),
(566,'Zoldan Cindy','','',80,0,''),
(567,'Zsuzsa Veres','','',190,0,''),
(568,'Zulema Molina','','',220,0,''),
(569,'Laure Metairie','','',220,0,'');
/*!40000 ALTER TABLE `guias` ENABLE KEYS */;
UNLOCK TABLES;

--
-- Table structure for table `inscripciones`
--

DROP TABLE IF EXISTS `inscripciones`;
/*!40101 SET @saved_cs_client     = @@character_set_client */;
/*!40101 SET character_set_client = utf8 */;
CREATE TABLE `inscripciones` (
  `ID` int(4) NOT NULL AUTO_INCREMENT,
  `Prueba` int(4) NOT NULL DEFAULT '1',
  `Perro` int(4) NOT NULL,
  `Dorsal` int(4) NOT NULL DEFAULT '0',
  `Celo` tinyint(1) NOT NULL DEFAULT '0',
  `Observaciones` varchar(255) DEFAULT NULL,
  `Jornadas` int(4) NOT NULL DEFAULT '0',
  `Pagado` int(4) NOT NULL DEFAULT '24',
  PRIMARY KEY (`ID`),
  UNIQUE KEY `Inscripciones_PruebaPerro` (`Prueba`,`Perro`),
  KEY `Inscripciones_Perro` (`Perro`),
  KEY `Inscripciones_Prueba` (`Prueba`),
  KEY `Inscripciones_Dorsal` (`Dorsal`),
  CONSTRAINT `Inscripciones_ibfk_1` FOREIGN KEY (`Perro`) REFERENCES `perros` (`ID`),
  CONSTRAINT `Inscripciones_ibfk_2` FOREIGN KEY (`Prueba`) REFERENCES `pruebas` (`ID`) ON UPDATE CASCADE
) ENGINE=InnoDB DEFAULT CHARSET=utf8;
/*!40101 SET character_set_client = @saved_cs_client */;

--
-- Dumping data for table `inscripciones`
--

LOCK TABLES `inscripciones` WRITE;
/*!40000 ALTER TABLE `inscripciones` DISABLE KEYS */;
/*!40000 ALTER TABLE `inscripciones` ENABLE KEYS */;
UNLOCK TABLES;
/*!50003 SET @saved_cs_client      = @@character_set_client */ ;
/*!50003 SET @saved_cs_results     = @@character_set_results */ ;
/*!50003 SET @saved_col_connection = @@collation_connection */ ;
/*!50003 SET character_set_client  = latin1 */ ;
/*!50003 SET character_set_results = latin1 */ ;
/*!50003 SET collation_connection  = latin1_swedish_ci */ ;
/*!50003 SET @saved_sql_mode       = @@sql_mode */ ;
/*!50003 SET sql_mode              = '' */ ;
DELIMITER ;;
/*!50003 CREATE*/ /*!50017 DEFINER=`agility_admin`@`localhost`*/ /*!50003 TRIGGER `Increase_Dorsal` BEFORE INSERT ON `inscripciones`
		FOR EACH ROW BEGIN
			select count(*) into @rows from inscripciones where Prueba = NEW.Prueba;
			if @rows>0 then
				select Dorsal + 1 into @newDorsal from inscripciones where Prueba = NEW.Prueba order by Dorsal desc limit 1;
				set NEW.Dorsal = @newDorsal;
			else
				set NEW.Dorsal = 1;
			end if;
		END */;;
DELIMITER ;
/*!50003 SET sql_mode              = @saved_sql_mode */ ;
/*!50003 SET character_set_client  = @saved_cs_client */ ;
/*!50003 SET character_set_results = @saved_cs_results */ ;
/*!50003 SET collation_connection  = @saved_col_connection */ ;

--
-- Table structure for table `jornadas`
--

DROP TABLE IF EXISTS `jornadas`;
/*!40101 SET @saved_cs_client     = @@character_set_client */;
/*!40101 SET character_set_client = utf8 */;
CREATE TABLE `jornadas` (
  `ID` int(4) NOT NULL AUTO_INCREMENT,
  `Prueba` int(4) NOT NULL DEFAULT '1',
  `Numero` int(4) NOT NULL,
  `SlaveOf` int(4) NOT NULL DEFAULT '0',
  `Default_Team` int(4) NOT NULL DEFAULT '0',
  `Nombre` varchar(255) NOT NULL,
  `Fecha` date NOT NULL,
  `Hora` time NOT NULL,
  `Grado1` tinyint(1) NOT NULL DEFAULT '0',
  `Grado2` tinyint(1) NOT NULL DEFAULT '0',
  `Grado3` tinyint(1) NOT NULL DEFAULT '0',
  `Open` tinyint(1) NOT NULL DEFAULT '0',
  `Equipos3` tinyint(1) NOT NULL DEFAULT '0',
  `Equipos4` tinyint(1) NOT NULL DEFAULT '0',
  `PreAgility` tinyint(1) NOT NULL DEFAULT '0',
  `KO` tinyint(1) NOT NULL DEFAULT '0',
  `Especial` tinyint(1) NOT NULL DEFAULT '0',
  `PreAgility2` tinyint(1) NOT NULL DEFAULT '0',
  `Cerrada` tinyint(1) NOT NULL DEFAULT '0',
  `Observaciones` varchar(255) NOT NULL DEFAULT '',
  `Orden_Tandas` text NOT NULL,
  PRIMARY KEY (`ID`),
  KEY `Jornadas_Prueba` (`Prueba`),
  CONSTRAINT `Jornadas_ibfk_1` FOREIGN KEY (`Prueba`) REFERENCES `pruebas` (`ID`) ON DELETE CASCADE ON UPDATE CASCADE
) ENGINE=InnoDB AUTO_INCREMENT=41 DEFAULT CHARSET=utf8;
/*!40101 SET character_set_client = @saved_cs_client */;

--
-- Dumping data for table `jornadas`
--

LOCK TABLES `jornadas` WRITE;
/*!40000 ALTER TABLE `jornadas` DISABLE KEYS */;
INSERT INTO `jornadas` VALUES 
(1,1,1,0,1,'-- Sin asignar --','2013-01-01','00:00:00',0,0,0,0,0,0,0,0,0,0,1,'(sin especificar)','BEGIN,END'),
(2,1,2,0,2,'-- Sin asignar --','2013-01-01','00:00:00',0,0,0,0,0,0,0,0,0,0,1,'(sin especificar)','BEGIN,END'),
(3,1,3,0,3,'-- Sin asignar --','2013-01-01','00:00:00',0,0,0,0,0,0,0,0,0,0,1,'(sin especificar)','BEGIN,END'),
(4,1,4,0,4,'-- Sin asignar --','2013-01-01','00:00:00',0,0,0,0,0,0,0,0,0,0,1,'(sin especificar)','BEGIN,END'),
(5,1,5,0,5,'-- Sin asignar --','2013-01-01','00:00:00',0,0,0,0,0,0,0,0,0,0,1,'(sin especificar)','BEGIN,END'),
(6,1,6,0,6,'-- Sin asignar --','2013-01-01','00:00:00',0,0,0,0,0,0,0,0,0,0,1,'(sin especificar)','BEGIN,END'),
(7,1,7,0,7,'-- Sin asignar --','2013-01-01','00:00:00',0,0,0,0,0,0,0,0,0,0,1,'(sin especificar)','BEGIN,END'),
(8,1,8,0,8,'-- Sin asignar --','2013-01-01','00:00:00',0,0,0,0,0,0,0,0,0,0,1,'(sin especificar)','BEGIN,END'),
(9,2,1,0,0,'Jumping Especial','2015-06-26','09:00:00',0,0,0,0,0,0,0,0,1,0,0,'Jumping Especial',''),
(10,2,2,0,0,'-- Sin asignar --','2013-01-01','00:00:00',0,0,0,0,0,0,0,0,0,0,0,'',''),
(11,2,3,0,0,'-- Sin asignar --','2013-01-01','00:00:00',0,0,0,0,0,0,0,0,0,0,0,'',''),
(12,2,4,0,0,'-- Sin asignar --','2013-01-01','00:00:00',0,0,0,0,0,0,0,0,0,0,0,'',''),
(13,2,5,0,0,'-- Sin asignar --','2013-01-01','00:00:00',0,0,0,0,0,0,0,0,0,0,0,'',''),
(14,2,6,0,0,'-- Sin asignar --','2013-01-01','00:00:00',0,0,0,0,0,0,0,0,0,0,0,'',''),
(15,2,7,0,0,'-- Sin asignar --','2013-01-01','00:00:00',0,0,0,0,0,0,0,0,0,0,0,'',''),
(16,2,8,0,0,'-- Sin asignar --','2013-01-01','00:00:00',0,0,0,0,0,0,0,0,0,0,0,'',''),
(17,3,1,0,0,'Equipos','2015-06-28','09:00:00',0,0,0,0,0,1,0,0,0,0,0,'(sin especificar)',''),
(18,3,2,0,0,'-- Sin asignar --','2013-01-01','00:00:00',0,0,0,0,0,0,0,0,0,0,0,'',''),
(19,3,3,0,0,'-- Sin asignar --','2013-01-01','00:00:00',0,0,0,0,0,0,0,0,0,0,0,'',''),
(20,3,4,0,0,'-- Sin asignar --','2013-01-01','00:00:00',0,0,0,0,0,0,0,0,0,0,0,'',''),
(21,3,5,0,0,'-- Sin asignar --','2013-01-01','00:00:00',0,0,0,0,0,0,0,0,0,0,0,'',''),
(22,3,6,0,0,'-- Sin asignar --','2013-01-01','00:00:00',0,0,0,0,0,0,0,0,0,0,0,'',''),
(23,3,7,0,0,'-- Sin asignar --','2013-01-01','00:00:00',0,0,0,0,0,0,0,0,0,0,0,'',''),
(24,3,8,0,0,'-- Sin asignar --','2013-01-01','00:00:00',0,0,0,0,0,0,0,0,0,0,0,'',''),
(25,4,1,0,0,'Individual','2015-06-27','09:00:00',0,0,0,1,0,0,0,0,0,0,0,'(sin especificar)',''),
(26,4,2,0,0,'-- Sin asignar --','2013-01-01','00:00:00',0,0,0,0,0,0,0,0,0,0,0,'',''),
(27,4,3,0,0,'-- Sin asignar --','2013-01-01','00:00:00',0,0,0,0,0,0,0,0,0,0,0,'',''),
(28,4,4,0,0,'-- Sin asignar --','2013-01-01','00:00:00',0,0,0,0,0,0,0,0,0,0,0,'',''),
(29,4,5,0,0,'-- Sin asignar --','2013-01-01','00:00:00',0,0,0,0,0,0,0,0,0,0,0,'',''),
(30,4,6,0,0,'-- Sin asignar --','2013-01-01','00:00:00',0,0,0,0,0,0,0,0,0,0,0,'',''),
(31,4,7,0,0,'-- Sin asignar --','2013-01-01','00:00:00',0,0,0,0,0,0,0,0,0,0,0,'',''),
(32,4,8,0,0,'-- Sin asignar --','2013-01-01','00:00:00',0,0,0,0,0,0,0,0,0,0,0,'',''),
(33,5,1,0,0,'Jumping','2015-06-26','09:00:00',0,0,0,0,0,0,0,0,1,0,0,'Jumping Individual',''),
(34,5,2,0,0,'Teams','2015-06-28','09:00:00',0,0,0,0,0,1,0,0,0,0,0,'(sin especificar)',''),
(35,5,3,0,0,'Individual','2015-06-27','00:00:00',0,0,0,1,0,0,0,0,0,0,0,'(sin especificar)',''),
(36,5,4,0,0,'-- Sin asignar --','2013-01-01','00:00:00',0,0,0,0,0,0,0,0,0,0,0,'',''),
(37,5,5,0,0,'-- Sin asignar --','2013-01-01','00:00:00',0,0,0,0,0,0,0,0,0,0,0,'',''),
(38,5,6,0,0,'-- Sin asignar --','2013-01-01','00:00:00',0,0,0,0,0,0,0,0,0,0,0,'',''),
(39,5,7,0,0,'-- Sin asignar --','2013-01-01','00:00:00',0,0,0,0,0,0,0,0,0,0,0,'',''),
(40,5,8,0,0,'-- Sin asignar --','2013-01-01','00:00:00',0,0,0,0,0,0,0,0,0,0,0,'','');
/*!40000 ALTER TABLE `jornadas` ENABLE KEYS */;
UNLOCK TABLES;

--
-- Table structure for table `jueces`
--

DROP TABLE IF EXISTS `jueces`;
/*!40101 SET @saved_cs_client     = @@character_set_client */;
/*!40101 SET character_set_client = utf8 */;
CREATE TABLE `jueces` (
  `ID` int(4) NOT NULL AUTO_INCREMENT,
  `Nombre` varchar(255) NOT NULL,
  `Direccion1` varchar(255) DEFAULT NULL,
  `Direccion2` varchar(255) DEFAULT NULL,
  `Pais` varchar(32) NOT NULL DEFAULT 'España',
  `Telefono` varchar(32) DEFAULT NULL,
  `Internacional` tinyint(1) NOT NULL DEFAULT '0',
  `Practicas` tinyint(1) NOT NULL DEFAULT '0',
  `Email` varchar(255) DEFAULT NULL,
  `Federations` int(4) NOT NULL DEFAULT '1',
  `Observaciones` varchar(255) DEFAULT NULL,
  PRIMARY KEY (`ID`),
  UNIQUE KEY `Jueces_Nombre` (`Nombre`)
) ENGINE=InnoDB AUTO_INCREMENT=6 DEFAULT CHARSET=utf8;
/*!40101 SET character_set_client = @saved_cs_client */;

--
-- Dumping data for table `jueces`
--

LOCK TABLES `jueces` WRITE;
/*!40000 ALTER TABLE `jueces` DISABLE KEYS */;
INSERT INTO `jueces` VALUES 
(1,'-- Sin asignar --','--------','--------','ES','--------',1,1,'nobody@nomail.com',7,'NO BORRAR: Asignacion de juez por defecto'),
(2,'Francisco Alegre','','','ES','',1,0,'',1,''),
(3,'Sandra Deidda','','','IT','',1,0,'',1,''),
(4,'Alexander Beilt','','','DE','',1,0,'',1,''),
(5,'Sascha Grunder','','','CH','',1,0,'',1,'');
/*!40000 ALTER TABLE `jueces` ENABLE KEYS */;
UNLOCK TABLES;

--
-- Table structure for table `mangas`
--

DROP TABLE IF EXISTS `mangas`;
/*!40101 SET @saved_cs_client     = @@character_set_client */;
/*!40101 SET character_set_client = utf8 */;
CREATE TABLE `mangas` (
  `ID` int(4) NOT NULL AUTO_INCREMENT,
  `Jornada` int(4) NOT NULL,
  `Tipo` int(4) NOT NULL DEFAULT '1',
  `Grado` varchar(16) NOT NULL DEFAULT '-',
  `Recorrido` int(4) NOT NULL DEFAULT '0',
  `Dist_L` int(4) NOT NULL DEFAULT '0',
  `Obst_L` int(4) NOT NULL DEFAULT '0',
  `Dist_M` int(4) NOT NULL DEFAULT '0',
  `Obst_M` int(4) NOT NULL DEFAULT '0',
  `Dist_S` int(4) NOT NULL DEFAULT '0',
  `Obst_S` int(4) NOT NULL DEFAULT '0',
  `Dist_T` int(4) NOT NULL DEFAULT '0',
  `Obst_T` int(4) NOT NULL DEFAULT '0',
  `TRS_L_Tipo` int(4) NOT NULL DEFAULT '0',
  `TRS_L_Factor` int(4) NOT NULL DEFAULT '0',
  `TRS_L_Unit` varchar(1) NOT NULL DEFAULT 's',
  `TRM_L_Tipo` int(4) NOT NULL DEFAULT '1',
  `TRM_L_Factor` int(4) NOT NULL DEFAULT '50',
  `TRM_L_Unit` varchar(1) NOT NULL DEFAULT '%',
  `TRS_M_Tipo` int(4) NOT NULL DEFAULT '0',
  `TRS_M_Factor` int(4) NOT NULL DEFAULT '0',
  `TRS_M_Unit` varchar(1) NOT NULL DEFAULT 's',
  `TRM_M_Tipo` int(4) NOT NULL DEFAULT '1',
  `TRM_M_Factor` int(4) NOT NULL DEFAULT '50',
  `TRM_M_Unit` varchar(1) NOT NULL DEFAULT '%',
  `TRS_S_Tipo` int(4) NOT NULL DEFAULT '0',
  `TRS_S_Factor` int(4) NOT NULL DEFAULT '0',
  `TRS_S_Unit` varchar(1) NOT NULL DEFAULT 's',
  `TRM_S_Tipo` int(4) NOT NULL DEFAULT '1',
  `TRM_S_Factor` int(4) NOT NULL DEFAULT '50',
  `TRM_S_Unit` varchar(1) NOT NULL DEFAULT '%',
  `TRS_T_Tipo` int(4) NOT NULL DEFAULT '0',
  `TRS_T_Factor` int(4) NOT NULL DEFAULT '0',
  `TRS_T_Unit` varchar(1) NOT NULL DEFAULT 's',
  `TRM_T_Tipo` int(4) NOT NULL DEFAULT '1',
  `TRM_T_Factor` int(4) NOT NULL DEFAULT '50',
  `TRM_T_Unit` varchar(1) NOT NULL DEFAULT '%',
  `Juez1` int(4) NOT NULL DEFAULT '1',
  `Juez2` int(4) NOT NULL DEFAULT '1',
  `Observaciones` varchar(255) DEFAULT NULL,
  `Orden_Salida` text NOT NULL,
  `Orden_Equipos` text,
  PRIMARY KEY (`ID`),
  KEY `Mangas_Tipo` (`Tipo`),
  KEY `Mangas_Grado` (`Grado`),
  KEY `Mangas_Juez1` (`Juez1`),
  KEY `Mangas_Juez2` (`Juez2`),
  KEY `Mangas_Jornada` (`Jornada`),
  CONSTRAINT `Mangas_ibfk_1` FOREIGN KEY (`Tipo`) REFERENCES `tipo_manga` (`ID`) ON UPDATE CASCADE,
  CONSTRAINT `Mangas_ibfk_2` FOREIGN KEY (`Grado`) REFERENCES `grados_perro` (`Grado`) ON DELETE CASCADE ON UPDATE CASCADE,
  CONSTRAINT `Mangas_ibfk_3` FOREIGN KEY (`Juez1`) REFERENCES `jueces` (`ID`) ON UPDATE CASCADE,
  CONSTRAINT `Mangas_ibfk_4` FOREIGN KEY (`Juez2`) REFERENCES `jueces` (`ID`) ON UPDATE CASCADE,
  CONSTRAINT `Mangas_ibfk_5` FOREIGN KEY (`Jornada`) REFERENCES `jornadas` (`ID`) ON DELETE CASCADE ON UPDATE CASCADE
) ENGINE=InnoDB AUTO_INCREMENT=11 DEFAULT CHARSET=utf8;
/*!40101 SET character_set_client = @saved_cs_client */;

--
-- Dumping data for table `mangas`
--

LOCK TABLES `mangas` WRITE;
/*!40000 ALTER TABLE `mangas` DISABLE KEYS */;
INSERT INTO `mangas` VALUES 
(1,9,16,'-',0,0,0,0,0,0,0,0,0,0,0,'s',1,50,'%',0,0,'s',1,50,'%',0,0,'s',1,50,'%',0,0,'s',1,50,'%',1,1,'Jumping Especial','BEGIN,END','BEGIN,9,END'),
(2,17,9,'-',1,0,0,0,0,0,0,0,0,0,0,'s',1,50,'%',0,0,'s',1,50,'%',4,0,'s',1,50,'%',0,0,'s',0,0,'s',5,4,'','BEGIN,END','BEGIN,17,END'),
(3,17,14,'-',1,0,0,0,0,0,0,0,0,0,0,'s',1,50,'%',0,0,'s',1,50,'%',0,0,'s',1,50,'%',0,0,'s',1,50,'%',1,1,'','BEGIN,END','BEGIN,17,END'),
(4,25,7,'-',0,0,0,0,0,0,0,0,0,0,0,'s',1,50,'%',0,0,'s',1,50,'%',0,0,'s',1,50,'%',0,0,'s',1,50,'%',1,1,'','BEGIN,END','BEGIN,25,END'),
(5,25,12,'-',0,0,0,0,0,0,0,0,0,0,0,'s',1,50,'%',0,0,'s',1,50,'%',0,0,'s',1,50,'%',0,0,'s',1,50,'%',1,1,'','BEGIN,END','BEGIN,25,END'),
(6,33,16,'-',0,0,0,0,0,0,0,0,0,0,0,'s',1,50,'%',0,0,'s',1,50,'%',0,0,'s',1,50,'%',0,0,'s',1,50,'%',1,1,'Jumping Individual','BEGIN,END','BEGIN,33,END'),
(7,34,9,'-',0,0,0,0,0,0,0,0,0,0,0,'s',1,50,'%',0,0,'s',1,50,'%',0,0,'s',1,50,'%',0,0,'s',1,50,'%',1,1,'','BEGIN,END','BEGIN,34,END'),
(8,34,14,'-',0,0,0,0,0,0,0,0,0,0,0,'s',1,50,'%',0,0,'s',1,50,'%',0,0,'s',1,50,'%',0,0,'s',1,50,'%',1,1,'','BEGIN,END','BEGIN,34,END'),
(9,35,7,'-',0,0,0,0,0,0,0,0,0,0,0,'s',1,50,'%',0,0,'s',1,50,'%',0,0,'s',1,50,'%',0,0,'s',1,50,'%',1,1,'','BEGIN,END','BEGIN,35,END'),
(10,35,12,'-',0,0,0,0,0,0,0,0,0,0,0,'s',1,50,'%',0,0,'s',1,50,'%',0,0,'s',1,50,'%',0,0,'s',1,50,'%',1,1,'','BEGIN,END','BEGIN,35,END');
/*!40000 ALTER TABLE `mangas` ENABLE KEYS */;
UNLOCK TABLES;

--
-- Temporary table structure for view `perroguiaclub`
--

DROP TABLE IF EXISTS `perroguiaclub`;
/*!50001 DROP VIEW IF EXISTS `perroguiaclub`*/;
SET @saved_cs_client     = @@character_set_client;
SET character_set_client = utf8;
/*!50001 CREATE TABLE `perroguiaclub` (
  `ID` tinyint NOT NULL,
  `Federation` tinyint NOT NULL,
  `Nombre` tinyint NOT NULL,
  `Raza` tinyint NOT NULL,
  `Licencia` tinyint NOT NULL,
  `LOE_RRC` tinyint NOT NULL,
  `Categoria` tinyint NOT NULL,
  `NombreCategoria` tinyint NOT NULL,
  `Grado` tinyint NOT NULL,
  `NombreGrado` tinyint NOT NULL,
  `Guia` tinyint NOT NULL,
  `NombreGuia` tinyint NOT NULL,
  `Club` tinyint NOT NULL,
  `NombreClub` tinyint NOT NULL,
  `LogoClub` tinyint NOT NULL
) ENGINE=MyISAM */;
SET character_set_client = @saved_cs_client;

--
-- Table structure for table `perros`
--

DROP TABLE IF EXISTS `perros`;
/*!40101 SET @saved_cs_client     = @@character_set_client */;
/*!40101 SET character_set_client = utf8 */;
CREATE TABLE `perros` (
  `ID` int(4) NOT NULL AUTO_INCREMENT,
  `Nombre` varchar(255) NOT NULL,
  `Raza` varchar(255) DEFAULT NULL,
  `LOE_RRC` varchar(255) DEFAULT NULL,
  `Licencia` varchar(255) DEFAULT '--------',
  `Categoria` varchar(1) NOT NULL DEFAULT '-',
  `Guia` int(4) NOT NULL DEFAULT '1',
  `Federation` tinyint(1) NOT NULL DEFAULT '0',
  `Grado` varchar(16) DEFAULT '-',
  PRIMARY KEY (`ID`),
  KEY `Perros_GuiaNombre` (`Guia`),
  KEY `Perros_Categoria` (`Categoria`),
  KEY `Perros_Grado` (`Grado`),
  CONSTRAINT `Perros_ibfk_1` FOREIGN KEY (`Categoria`) REFERENCES `categorias_perro` (`Categoria`) ON UPDATE CASCADE,
  CONSTRAINT `Perros_ibfk_2` FOREIGN KEY (`Grado`) REFERENCES `grados_perro` (`Grado`) ON UPDATE CASCADE,
  CONSTRAINT `Perros_ibfk_3` FOREIGN KEY (`Guia`) REFERENCES `guias` (`ID`) ON UPDATE CASCADE
) ENGINE=InnoDB AUTO_INCREMENT=683 DEFAULT CHARSET=utf8;
/*!40101 SET character_set_client = @saved_cs_client */;

--
-- Dumping data for table `perros`
--

LOCK TABLES `perros` WRITE;
/*!40000 ALTER TABLE `perros` DISABLE KEYS */;
INSERT INTO `perros` VALUES 
(1,'Tro','Mestizo','','','L',2,0,'GII'),
(2,'Blue','Border Collie','','','L',3,0,'GII'),
(3,'Izar','Border Collie','','','L',4,0,'GII'),
(4,'Sucre','Border Collie','','','L',5,0,'GII'),
(5,'Dana','Mestiza','','','M',7,0,'GII'),
(6,'Hiro','Border Collie','','','L',6,0,'GII'),
(7,'Vijr','Border Collie','','','L',8,0,'GII'),
(8,'Mims','Caniche','','','S',8,0,'GII'),
(9,'Banda','Bodeguero','','','M',8,0,'GII'),
(10,'Mogur','Mestizo','','','S',9,0,'GII'),
(11,'Alai','Border Collie','','','L',10,0,'GII'),
(12,'Itoitz','Bodeguero Andaluz','','','L',11,0,'GII'),
(13,'Bobbie','Pdae','','','L',12,0,'GII'),
(14,'Zar','Border Collie','','','L',13,0,'GII'),
(15,'Menta','Terrier','','','M',14,0,'GII'),
(16,'Cala','Perro De Agua Español','','','M',20,0,'GII'),
(17,'Rasca ','Border Collie','','','L',18,0,'GII'),
(18,'Nube','Pdae','','','L',17,0,'GII'),
(19,'Keko','Mestizo','','','L',16,0,'GII'),
(20,'Peke De La Ribera','Perro Agua Español','','','M',21,0,'GII'),
(21,'Shura','Mestizo','','','L',19,0,'GII'),
(22,'Inca','Mixted','','','L',15,0,'GII'),
(23,'Killa','Pastor Aleman Pelo Corto','','','L',22,0,'GII'),
(24,'Blue','Shetland','','','S',23,0,'GII'),
(25,'Lumi','X','','','L',24,0,'GII'),
(26,'Kim','Pastor Belga Tervueren','','','L',25,0,'GII'),
(27,'Runa','Border Collie','','','L',27,0,'GII'),
(28,'Mind','Border Collie','','','L',26,0,'GII'),
(29,'Tana','X','','','L',28,0,'GII'),
(30,'Hoax','Border Collie','','','L',29,0,'GII'),
(31,'Gallway Link','Shetland Sheepdog','','','M',30,0,'GII'),
(32,'Pincho','X','','','S',31,0,'GII'),
(33,'Kira','Mestizo','','','L',32,0,'GII'),
(34,'Raksha','Border Collie','','','L',33,0,'GII'),
(35,'Maya','Perro De Agua Español','','','M',34,0,'GII'),
(36,'Mendi','Border Collie','','','L',35,0,'GII'),
(37,'Beltxi','Mestizo','','','S',36,0,'GII'),
(38,'Redy To Gofast','Border Collie','','','L',37,0,'GII'),
(39,'Et Toc','Border Collie','','','L',38,0,'GII'),
(40,'Cherry De Ydre','Pastor Belga Malinois','','','L',39,0,'GII'),
(41,'Nikita','Jack Rusell','','','S',47,0,'GII'),
(42,'Nica','Border Collie','','','L',41,0,'GII'),
(43,'Maeglin \"Karioka\"','Border Collie','','','L',41,0,'GII'),
(44,'Paloma','Mudi','','','L',45,0,'GII'),
(45,'Tamina','Beagle','','','M',45,0,'GII'),
(46,'Aisha','Pastor Belga Malinois','','','L',40,0,'GII'),
(47,'Noor','Border Collie','','','L',44,0,'GII'),
(48,'Mambo','Bordear Collie','','','L',42,0,'GII'),
(49,'Wiki','Border Collie','','','L',42,0,'GII'),
(50,'Alteza Csi','Border Collie','','','L',41,0,'GII'),
(51,'Hippie Da Casa Da Atais','Border Collie','','','L',44,0,'GII'),
(52,'Skye','Border Collie','','','L',51,0,'GII'),
(53,'Daysi','Cocker','','','M',52,0,'GII'),
(54,'Full','Mestizo','','','M',53,0,'GII'),
(55,'Kowari','Australian Kelpie','','','L',54,0,'GII'),
(56,'Bella','Border Collie','','','L',55,0,'GII'),
(57,'Kira','Border Collie','','','L',56,0,'GII'),
(58,'Bamba','Border Collie','','','L',57,0,'GII'),
(59,'Yoko','Border Collie','','','L',58,0,'GII'),
(60,'Koi Black','Parson','','','S',59,0,'GII'),
(61,'Over The Rainbow Dei Matiblu','Border Collie','','','L',59,0,'GII'),
(62,'Sein','Border Collie','','','L',60,0,'GII'),
(63,'Luna','Dálmata','','','L',61,0,'GII'),
(64,'Kora','P.B.Groendal','','','L',62,0,'GII'),
(65,'Fly','Croisé Border Collie','','','L',63,0,'GII'),
(66,'Chess','Australian','','','L',64,0,'GII'),
(67,'Prime','Shetland','','','M',64,0,'GII'),
(68,'Mel','Caniche','','','S',65,0,'GII'),
(69,'Chéyèn','Type Border Collie','','','L',66,0,'GII'),
(70,'Viitta','Pastor De Los Pirineos','','','M',67,0,'GII'),
(71,'Isis','Border Collie','','','L',68,0,'GII'),
(72,'Jack','Border Collie','','','L',69,0,'GII'),
(73,'Kiss','Border Collie','','','L',69,0,'GII'),
(74,'Xari','Border Collie','','','L',70,0,'GII'),
(75,'Perla','Caniche','','','S',71,0,'GII'),
(76,'Gar','Mestizo','','','L',72,0,'GII'),
(77,'Wanda','Caniche','','','S',74,0,'GII'),
(78,'Shelby','Papillon','','','S',73,0,'GII'),
(79,'Kraso','','','','M',75,0,'GII'),
(80,'Audrey','Beagle','','','M',76,0,'GII'),
(81,'Danky','Shethland','','','M',77,0,'GII'),
(82,'Elo','Berger Belge Tervueren','','','L',77,0,'GII'),
(83,'Goodbye','Berger Belge Tervueren','','','L',78,0,'GII'),
(84,'Rocky','Border Collie','','','L',80,0,'GII'),
(85,'Alma De Lálmozara','Perro De Agua Espanol','','','M',81,0,'GII'),
(86,'Border Tops Quazar','Border Collie','','','L',81,0,'GII'),
(87,'Ilavallarens Rally - Nap ','Border Collie','','','L',81,0,'GII'),
(88,'Moly','Mestiza','','','L',83,0,'GII'),
(89,'Ras','Border Collie','','','L',82,0,'GII'),
(90,'Laski','Mestizo','','','L',84,0,'GII'),
(91,'Eïdy','Australian Shepherd','','','L',85,0,'GII'),
(92,'Hello Blue Inti','Shetland','','','M',86,0,'GII'),
(93,'Heris','Type Border Collie','','','L',87,0,'GII'),
(94,'Flash','Type Bouledogue Francais','','','S',88,0,'GII'),
(95,'Greta','Jack Russell Terrier','','','S',89,0,'GII'),
(96,'F\'sioux','Border Collie','','','L',90,0,'GII'),
(97,'Marea','Border Collie','','','L',91,0,'GII'),
(98,'Diamond','Berger Australien','','','L',92,0,'GII'),
(99,'Horatio','Bulldog Francés','','','S',93,0,'GII'),
(100,'Fun','Border Collie','','','L',94,0,'GII'),
(101,'Helium','Caniche','','','M',95,0,'GII'),
(102,'Hashelia','Border Collie','','','L',96,0,'GII'),
(103,'Juice','Mix Breed Collie','','','L',97,0,'GII'),
(104,'Nupsi','Pae','','','L',97,0,'GII'),
(105,'Canaille','Sheltie','','','M',98,0,'GII'),
(106,'Nuka','Pastor De Los Pirineos De Cara Rasa','','','L',99,0,'GII'),
(107,'Cayenne Sweet Pepper','Border Collie','','','L',100,0,'GII'),
(108,'Hightech Fireworks Of Jerloo','Border Collie','','','L',100,0,'GII'),
(109,'Gaïa Brune Des Bordes Rouges','Shetland','','','S',101,0,'GII'),
(110,'Hélisse ','Border Collie','','','L',102,0,'GII'),
(111,'Gibus','Papillon','','','S',103,0,'GII'),
(112,'Hyankee','Border Collie','','','L',104,0,'GII'),
(113,'Absolute Amazing Rannoch','Type Jack Russel','','','S',105,0,'GII'),
(114,'Cap','Shetland','','','S',106,0,'GII'),
(115,'Gini','Parson Russell Terrier','','','S',107,0,'GII'),
(116,'Desperado Du Musher ','Berger Belge Tervueren ','','','L',108,0,'GII'),
(117,'Fame','Berger Australien','','','L',109,0,'GII'),
(118,'Pepper Del Calatino','German Sheperd','','','L',110,0,'GII'),
(119,'Zoe','Jack Russel Terrier','','','S',111,0,'GII'),
(120,'City','Berger Des Pyrénées','','','M',112,0,'GII'),
(121,'City','Berger Des Pyrénées','','','M',112,0,'GII'),
(122,'Nova','Gigant Schnauzer','','','L',113,0,'GII'),
(123,'Zoe','Perro De Aguas Español ','','','M',116,0,'GII'),
(124,'Samba','Perro De Aguas Español ','','','L',116,0,'GII'),
(125,'Didi','Malinois','','','L',114,0,'GII'),
(126,'Halcon','Border Collie','','','L',115,0,'GII'),
(127,'Magia','Shetland','','','S',119,0,'GII'),
(128,'Narnia','Shetland','','','S',119,0,'GII'),
(129,'Khala','Mestizo','','','L',117,0,'GII'),
(130,'Cleo','Caniche','','','S',118,0,'GII'),
(131,'Colhins','   Dalmaten','','','L',120,0,'GII'),
(132,'Demeter Gold','Shetland','','','M',121,0,'GII'),
(133,'Héra Haka Black','Border Collie','','','L',121,0,'GII'),
(134,'Charriot','Border Collie','','','L',122,0,'GII'),
(135,'Latin Border','Border Collie','','','L',122,0,'GII'),
(136,'Milka','Border Collie','','','L',122,0,'GII'),
(137,'Faraun','Belgian Sheperd','','','L',123,0,'GII'),
(138,'Eous Des Plaines Du Minervois','Berger Belge Malinois','','','L',124,0,'GII'),
(139,'Karmen','Caniche Gigante','','','L',125,0,'GII'),
(140,'Gill','Border Collie','','','L',126,0,'GII'),
(141,'Fashion','Border Collie','','','L',127,0,'GII'),
(142,'Cauldron Gold','Moorstile','','','S',128,0,'GII'),
(143,'Sendora Royal Festival','Shetland Sheepdog','','','S',128,0,'GII'),
(144,'I Believe I Can Fly Detta Miss','Border Collie','','','L',129,0,'GII'),
(145,'Haston','Border Collie','','','L',130,0,'GII'),
(146,'Fifty','Berge Belge Tervueren','','','L',132,0,'GII'),
(147,'Doo-It','Border Collie','','','L',131,0,'GII'),
(148,'Alba Luna','Entlebuch','','','L',133,0,'GII'),
(149,'Reglisse','Royal Bourbon','','','S',133,0,'GII'),
(150,'Magui','Border Collie','','','L',134,0,'GII'),
(151,'Sella','Galgo','','','L',134,0,'GII'),
(152,'Spicy','Australian Shepherd','','','L',135,0,'GII'),
(153,'Argon','Border Collie','','','L',136,0,'GII'),
(154,'Stella Maris','Groenendael','','','L',137,0,'GII'),
(155,'Betty Boop','Caniche','','','S',138,0,'GII'),
(156,'Happy Fifty Miss','Caniche','','','S',138,0,'GII'),
(157,'G\'homer','Australian Shepherd','','','L',139,0,'GII'),
(158,'Hye','Spanisch Watter Dog','','','M',139,0,'GII'),
(159,'Osita','Spanish Watter Dog','','','M',140,0,'GII'),
(160,'Styx','Australian Shepherd','','','L',140,0,'GII'),
(161,'Haikido','Border Collie','','','L',141,0,'GII'),
(162,'Berna','Jack Russel','','','S',142,0,'GII'),
(163,'Gen','Jack Russel','','','S',142,0,'GII'),
(164,'Inka','Pastor Belga Malinois','','','L',143,0,'GII'),
(165,'Sullivan','Pdae','','','L',144,0,'GII'),
(166,'Luca','Bodeguero Andaluz','','','M',147,0,'GII'),
(167,'Quillo','Mestizo','','','S',147,0,'GII'),
(168,'Luna','Mestizo','','','L',145,0,'GII'),
(169,'Charly','Jack Russell','','','S',146,0,'GII'),
(170,'Full Moon','Shetland','','','M',148,0,'GII'),
(171,'Hollywood Jac','Staffordshire Bull Terrier','','','M',148,0,'GII'),
(172,'Vega','Perro De Aguas','','','L',149,0,'GII'),
(173,'Hitch','Border Collie','','','L',150,0,'GII'),
(174,'Melly','Border Collie','','','M',150,0,'GII'),
(175,'Feria','','','','L',151,0,'GII'),
(176,'Ilun','Border Collie','','','L',152,0,'GII'),
(177,'Lua','Cocker','','','M',154,0,'GII'),
(178,'Xhyla','Border Collie','','','L',154,0,'GII'),
(179,'Gin','Border Collie','','','L',153,0,'GII'),
(180,'Nick','Shetland','','','M',153,0,'GII'),
(181,'Sky','Border Collie','','','L',155,0,'GII'),
(182,'Mate','Schnauzer Mini','','','M',167,0,'GII'),
(183,'Baddy','Border Collie','','','L',156,0,'GII'),
(184,'Eiko','Pastor Australiano','','','L',158,0,'GII'),
(185,'Logan','Shetland Sheepdog','','','M',166,0,'GII'),
(186,'Héctor ','Pastor Vasco ','','','L',160,0,'GII'),
(187,'Mixta','Chihuahua','','','S',161,0,'GII'),
(188,'Shura','Pastor Catalan','','','L',161,0,'GII'),
(189,'Cleo','Border Collie','','','L',157,0,'GII'),
(190,'Fran','Pdae','','','M',163,0,'GII'),
(191,'Tiza','Perro De Agua Español','','','L',162,0,'GII'),
(192,'Haska Des Monts Du Levezou','Border Collie','','','L',159,0,'GII'),
(193,'Sally De L\'almozara ','Pdae ','','','M',164,0,'GII'),
(194,'Sweet','Pdae','','','M',168,0,'GII'),
(195,'Hip Hop Djing De Solemel','Berger Australien','','','L',169,0,'GII'),
(196,'Coma','Pastor Suizo','','','L',170,0,'GII'),
(197,'Nina','Papillon','','','S',170,0,'GII'),
(198,'Merlin','Border Collie','','','L',171,0,'GII'),
(199,'Rumba','Pedae','','','S',173,0,'GII'),
(200,'Gritz','Berger Belge Tervueren','','','L',174,0,'GII'),
(201,'Shiro','Shetland','','','M',175,0,'GII'),
(202,'Burundi','Pdae','','','L',176,0,'GII'),
(203,'Irma','Malinois','','','L',177,0,'GII'),
(204,'Ayrton','Malinois','','','L',178,0,'GII'),
(205,'Hoslo','Border Collie','','','L',179,0,'GII'),
(206,'Morgan','Dobermann','','','L',180,0,'GII'),
(207,'Drac','Cocker Spaniel Inglés','','','M',180,0,'GII'),
(208,'Hawk Black And Fire','Shetland Sheepdog','','','M',181,0,'GII'),
(209,'Excel','Shetland','','','S',182,0,'GII'),
(210,'Easy','Jack Russell','','','S',183,0,'GII'),
(211,'Alma','','','','M',184,0,'GII'),
(212,'Gwapa ','Border Collie','','','L',185,0,'GII'),
(213,'Kenya','Border Collie','','','L',188,0,'GII'),
(214,'India','Doberman','','','L',187,0,'GII'),
(215,'Kika','Border Collie','','','L',186,0,'GII'),
(216,'Nana','Border Collie','','','L',186,0,'GII'),
(217,'Farwest','Berguer Australiano','','','L',190,0,'GII'),
(218,'Edelweiss','Border Collie','','','L',189,0,'GII'),
(219,'Douchka','Berger Australien','','','L',191,0,'GII'),
(220,'Kora','X','','','L',192,0,'GII'),
(221,'Peter','Mestizo','','','L',193,0,'GII'),
(222,'Izzie','Westy','','','S',194,0,'GII'),
(223,'Lass','Perro De Agua Español','','','M',195,0,'GII'),
(224,'Imca','Pdae','','','M',198,0,'GII'),
(225,'Liss','Mixbreed','','','M',199,0,'GII'),
(226,'Chiqi','Shetland Sheepdog','','','S',197,0,'GII'),
(227,'Drakaris','Border Collie','','','L',196,0,'GII'),
(228,'Cachirulo','Pdae','','','L',200,0,'GII'),
(229,'Alpargata','Pdae','','','M',200,0,'GII'),
(230,'Thelma','Borde Collie','','','L',201,0,'GII'),
(231,'Pepa','Border Collie','','','L',203,0,'GII'),
(232,'Kira','Golden Retriever','','','L',202,0,'GII'),
(233,'Zuri','Border Collie','','','L',204,0,'GII'),
(234,'Bruc','X','','','L',205,0,'GII'),
(235,'Gus','Cain Terrier','','','S',206,0,'GII'),
(236,'Arcane Life Force Mysteria','Malinois','','','L',207,0,'GII'),
(237,'Enjoy Des Gardiannes Des Oueilles','Border Collie','','','L',208,0,'GII'),
(238,'Galway Girl','Border Collie','','','L',208,0,'GII'),
(239,'Nala','Border Collie','','','L',210,0,'GII'),
(240,'Sacha','Pdae','','','M',211,0,'GII'),
(241,'Dux','Border Collie','','','L',209,0,'GII'),
(242,'Pi 3,1416','Border Collie','','','L',209,0,'GII'),
(243,'Arwen','Border Collie','','','L',212,0,'GII'),
(244,'Daikiri','Cairn Terrier','','','S',213,0,'GII'),
(245,'Ouifi','Xx','','','S',214,0,'GII'),
(246,'Zak','Xx','','','L',214,0,'GII'),
(247,'Chica','Border Collie','','','L',215,0,'GII'),
(248,'Leky','Borde Collie','','','L',216,0,'GII'),
(249,'Haslan','Berger Belge Tervueren','','','L',217,0,'GII'),
(250,'Nora','Pdae','','','M',218,0,'GII'),
(251,'Laki','Westy','','','S',219,0,'GII'),
(252,'Aika','Rough Collie','','','L',220,0,'GII'),
(253,'Nice','Border Collie','','','M',221,0,'GII'),
(254,'Sensa','Mestiza','','','L',222,0,'GII'),
(255,'Eria','X','','','S',223,0,'GII'),
(256,'Turco','Pdae','','','M',225,0,'GII'),
(257,'Seven','Golden','','','L',224,0,'GII'),
(258,'Pastor','Border Collie','','','L',226,0,'GII'),
(259,'Nika','Mestizo','','','M',227,0,'GII'),
(260,'Fly','Border Collie','','','L',228,0,'GII'),
(261,'Otto','Schnauzer ','','','M',231,0,'GII'),
(262,'Noa','Border Collie','','','L',229,0,'GII'),
(263,'Lur','Pdae','','','M',230,0,'GII'),
(264,'Buzz','Jack Russel Terrier','','','S',232,0,'GII'),
(265,'Pixar','Jack Russel Terrier','','','S',232,0,'GII'),
(266,'Eden De La Plume De La Bergerie','Border Collie','','','L',233,0,'GII'),
(267,'Eden De La Plume De La Bergerie','Border Collie','','','L',233,0,'GII'),
(268,'Shino','Malinois','','','L',234,0,'GII'),
(269,'Tarik','Malinois','','','L',234,0,'GII'),
(270,'Dexter','Border Collie','','','L',235,0,'GII'),
(271,'Fentanyl','Border Collie','','','L',236,0,'GII'),
(272,'Gaya','Jack Russell','','','S',237,0,'GII'),
(273,'India','Border Collie ','','','L',238,0,'GII'),
(274,'Shira','Mestizo','','','L',239,0,'GII'),
(275,'H\'egat Des Plaines Du Minervois','Berger Belge Malinois','','','L',240,0,'GII'),
(276,'Xenna','Border Collie','','','L',241,0,'GII'),
(277,'Trufa','Perro De Aguas','','','L',242,0,'GII'),
(278,'Claircreek Lusitano Ostra Negra','Pastor De Agua Português','','','L',243,0,'GII'),
(279,'Ursus','Mestizo','','','S',244,0,'GII'),
(280,'Indar','Shetland','','','S',245,0,'GII'),
(281,'Kobu','Terrier Brasileño','','','M',246,0,'GII'),
(282,'Lía','Brazilian Terrier','','','S',247,0,'GII'),
(283,'Onza','Pdae','','','M',248,0,'GII'),
(284,'Bosco','X','','','L',249,0,'GII'),
(285,'Dana','Bearded Collie','','','L',250,0,'GII'),
(286,'Pichu','Pastor De Shetland','','','S',254,0,'GII'),
(287,'Chanelle','Border Collie','','','L',251,0,'GII'),
(288,'Alan','Galgo','','','L',253,0,'GII'),
(289,'Nightster','Border Collie','','','L',252,0,'GII'),
(290,'Twix','Pastor De Shetland','','','S',254,0,'GII'),
(291,'Flying Finn','Border Collie','','','L',255,0,'GII'),
(292,'Dastan','Labrador ','','','L',256,0,'GII'),
(293,'Laia','Border Collie','','','L',257,0,'GII'),
(294,'Lucky Luque','Caniche','','','S',257,0,'GII'),
(295,'Oker','Border Collie','','','L',258,0,'GII'),
(296,'Phoebe','Border Collie','','','L',261,0,'GII'),
(297,'Lee-Ann','Border Collie','','','L',260,0,'GII'),
(298,'Nuca','Mestizo','','','S',260,0,'GII'),
(299,'Yuna','X','','','M',262,0,'GII'),
(300,'Zoe','X','','','M',262,0,'GII'),
(301,'Dylan','Border Collie','','','L',259,0,'GII'),
(302,'Belatz','Border Collie','','','L',263,0,'GII'),
(303,'Ray','Mini-Pinscher','','','S',263,0,'GII'),
(304,'Mia','Pdae','','','M',264,0,'GII'),
(305,'Pepa','Pdae','','','M',266,0,'GII'),
(306,'Bubu','Caniche Toy','','','S',265,0,'GII'),
(307,'Kiss','Border Collie','','','L',267,0,'GII'),
(308,'Milka','Labrador','','','L',268,0,'GII'),
(309,'Woman','Border Colllie','','','L',270,0,'GII'),
(310,'Skay','Perro De Aguas','','','L',269,0,'GII'),
(311,'Golfo','Perro Agua','','','L',271,0,'GII'),
(312,'Pua','Perro De Agua','','','M',271,0,'GII'),
(313,'Raissa','American Sttaffordshire','','','L',272,0,'GII'),
(314,'U2','Border Collie','','','L',273,0,'GII'),
(315,'U2','Border Collie','','','L',273,0,'GII'),
(316,'Noa','Border Collie','','','L',274,0,'GII'),
(317,'Zoom','Border Collie','','','L',275,0,'GII'),
(318,'Chun-Li','Malinois','','','L',276,0,'GII'),
(319,'Djekyll','Staffordshire Bull Terrier','','','S',277,0,'GII'),
(320,'Carbin','Border Collie','','','L',278,0,'GII'),
(321,'Thai','Agua Español','','','L',279,0,'GII'),
(322,'Click','X','','','M',280,0,'GII'),
(323,'Stradi','Border Collie','','','L',281,0,'GII'),
(324,'Jade','Border Collie','','','L',282,0,'GII'),
(325,'Gamma','Shetland','','','M',283,0,'GII'),
(326,'California','Border Collie','','','L',285,0,'GII'),
(327,'Napa Valley','Border Collie','','','L',285,0,'GII'),
(328,'Bolisa','Papillon','','','S',285,0,'GII'),
(329,'Goldie','Papillon','','','S',285,0,'GII'),
(330,'Greta','Doberman','','','L',289,0,'GII'),
(331,'Bruce','Bodeguero Andaluz','','','M',292,0,'GII'),
(332,'Danko','Bodeguero Andaluz','','','M',292,0,'GII'),
(333,'Curro','Cocker','','','M',293,0,'GII'),
(334,'Daxa','Border Collie','','','L',287,0,'GII'),
(335,'Dior ','Border Collie','','','L',288,0,'GII'),
(336,'Dante','Border Collie ','','','L',286,0,'GII'),
(337,'Broto','Pdae','','','L',290,0,'GII'),
(338,'Kira','Border Collie','','','L',290,0,'GII'),
(339,'Jayna','Border Collie','','','L',294,0,'GII'),
(340,'Keyla','Pdae','','','M',294,0,'GII'),
(341,'Rotten','Carea Leones','','','L',295,0,'GII'),
(342,'Thor','Malinois','','','L',296,0,'GII'),
(343,'Atreyu','Mestizo','','','L',297,0,'GII'),
(344,'Mecha','Pastor Belga Malinois','','','L',298,0,'GII'),
(345,'Shira','Spaniel Ingles','','','M',299,0,'GII'),
(346,'Urko','Border Collie','','','L',300,0,'GII'),
(347,'Shiva','Border Collie','','','L',301,0,'GII'),
(348,'Yeny','Border Collie','','','L',302,0,'GII'),
(349,'Asia','Border Collie','','','L',302,0,'GII'),
(350,'Lilou','X','','','L',303,0,'GII'),
(351,'Cheroky','Border Collie','','','L',304,0,'GII'),
(352,'Luna','Border Collie','','','L',305,0,'GII'),
(353,'Odín ','Border Collie','','','L',306,0,'GII'),
(354,'Zoe','Border Collie','','','L',306,0,'GII'),
(355,'Oker','Mestizo','','','L',307,0,'GII'),
(356,'9','Caniche','','','S',308,0,'GII'),
(357,'Go 7','Border Collie','','','L',308,0,'GII'),
(358,'Dafne','Border Colllie','','','L',310,0,'GII'),
(359,'King','Toy Poodle','','','S',312,0,'GII'),
(360,'Dasher','Border Colllie','','','L',311,0,'GII'),
(361,'Candela','Mestiza','','','L',309,0,'GII'),
(362,'Morgan','Spitz','','','S',313,0,'GII'),
(363,'Kira','Border Collie','','','L',314,0,'GII'),
(364,'Kenia','Parson Russell Terrier','','','S',319,0,'GII'),
(365,'Beta','Pastor De Shetland','','','S',318,0,'GII'),
(366,'Gea','Border Collie','','','M',318,0,'GII'),
(367,'Urki','Border Collie','','','L',317,0,'GII'),
(368,'Sayuri Sam','Shetland','','','S',320,0,'GII'),
(369,'Mike','Border Collie','','','L',315,0,'GII'),
(370,'Ringo','Border Collie','','','L',316,0,'GII'),
(371,'Indiana Jones','Border Collie','','','L',321,0,'GII'),
(372,'Blue','Dalmats','','','L',322,0,'GII'),
(373,'Danah','Pastor Australiano','','','L',323,0,'GII'),
(374,'Agua','Pdae','','','L',324,0,'GII'),
(375,'Queen','Pdae','','','M',324,0,'GII'),
(376,'Zulay','Pdae','','','M',324,0,'GII'),
(377,'Yuma (Shakira De Scofos)','Pastor Belga Malinois','','','L',325,0,'GII'),
(378,'Nani','Border Collie','','','L',326,0,'GII'),
(379,'Nata','Jack Russell','','','S',327,0,'GII'),
(380,'Bruno','Jack Russell','','','S',328,0,'GII'),
(381,'Austrian Heartbreaker Aiko ','Shetland Sheepdog','','','M',329,0,'GII'),
(382,'Al-Pacino','Border Collie','','','L',330,0,'GII'),
(383,'Gueroi','Caniche','','','S',331,0,'GII'),
(384,'Belatar\'s Firebird Beat','Kelpie','','','L',332,0,'GII'),
(385,'Juliette Corroyez','29/01/2012','','','L',333,0,'GII'),
(386,'Belota','Border Collie','','','L',334,0,'GII'),
(387,'Bebop','Border Collie','','','L',335,0,'GII'),
(388,'Icylittle Black Demon','Papillon','','','S',335,0,'GII'),
(389,'Kate Speedfire','Border Collie','','','L',335,0,'GII'),
(390,'Lola','Jack Russell Terrier','','','S',336,0,'GII'),
(391,'Pepa','Jack Russell Terrier','','','S',336,0,'GII'),
(392,'Gyail','Berger Belge Tervueren','','','L',337,0,'GII'),
(393,'Lola','Mixbreed','','','L',339,0,'GII'),
(394,'Kena','Border Collie','','','L',338,0,'GII'),
(395,'Kiwi','Parsson Russell Terrier','','','M',341,0,'GII'),
(396,'Panda','Border Collie','','','L',340,0,'GII'),
(397,'Ipi Tombi','Staffordshire Bull Terrier','','','M',342,0,'GII'),
(398,'Pancho','Pug','','','S',569,0,'GII'),
(399,'Estitxu','Berger Des Pyrénées','','','L',343,0,'GII'),
(400,'Cheltie Black','Sheltie','','','S',344,0,'GII'),
(401,'Faline By Night','Shetland','','','M',344,0,'GII'),
(402,'Pipa','Pinscher','','','S',345,0,'GII'),
(403,'Hatorr','Berger Belge Malinois','','','L',346,0,'GII'),
(404,'Chula','Perro De Agua Español','','','L',347,0,'GII'),
(405,'Mate','Caniche','','','M',350,0,'GII'),
(406,'Lobo','Mestizo','','','L',349,0,'GII'),
(407,'Rudy','Mestizo','','','S',351,0,'GII'),
(408,'Kaiser','X','','','L',348,0,'GII'),
(409,'Don-Juan','Border Collie','','','L',352,0,'GII'),
(410,'E\'djazz','Beauceron','','','L',352,0,'GII'),
(411,'Féria','Border Collie ','','','L',352,0,'GII'),
(412,'Intox','Parson','','','S',353,0,'GII'),
(413,'Carolina','Cocker','','','S',354,0,'GII'),
(414,'Zahara','Shetland','','','S',354,0,'GII'),
(415,'Arturo','Mestizo','','','S',355,0,'GII'),
(416,'Murgia Malu','Border Collie','','','L',356,0,'GII'),
(417,'Lunaa','Border Collie','','','L',357,0,'GII'),
(418,'Nala','Border Collie','','','L',357,0,'GII'),
(419,'Dolma','Type King Charles','','','S',358,0,'GII'),
(420,'Baxter','Border Collie','','','L',359,0,'GII'),
(421,'Leya','Braco','','','L',360,0,'GII'),
(422,'Isabella','Chihuaua','','','S',361,0,'GII'),
(423,'Etna Di Dolce ','Border Collie','','','L',362,0,'GII'),
(424,'Genna Di Gara','Border Collue','','','L',362,0,'GII'),
(425,'Lula','Boder Collie','','','L',364,0,'GII'),
(426,'Dela','Malinois','','','L',363,0,'GII'),
(427,'Melendi','Caniche','','','S',363,0,'GII'),
(428,'Venus','Border Collie','','','L',363,0,'GII'),
(429,'Spicy','Shetland','','','M',366,0,'GII'),
(430,'Lash','Border Collie','','','L',365,0,'GII'),
(431,'Toffy','Border Collie','','','L',365,0,'GII'),
(432,'Asics','Malinois','','','L',367,0,'GII'),
(433,'Nera','Pastor Belga Groenendael','','','L',368,0,'GII'),
(434,'Eloa','Australian Shepherd','','','L',369,0,'GII'),
(435,'Iam Sunbeam De La Vie Pastorale','Pyrenéean Sheperd Smooth Face','','','M',370,0,'GII'),
(436,'Come On Des Halliers De La Lierre','Terrier Jack Russel','','','S',371,0,'GII'),
(437,'Intox Of Jack And Co','Terrier Parson Jack Russel','','','S',371,0,'GII'),
(438,'Tango','Shetland Sheepdog','','','S',374,0,'GII'),
(439,'Georgia','Border Collie','','','L',373,0,'GII'),
(440,'Ella','Border Collie','','','L',372,0,'GII'),
(441,'Guélis','Schapendoes','','','M',375,0,'GII'),
(442,'Fizz Black','Shetland','','','S',376,0,'GII'),
(443,'Tako','Jack Rusell','','','S',377,0,'GII'),
(444,'Luna','Mestizo','','','L',378,0,'GII'),
(445,'Kalesi','Jack Rusell','','','S',379,0,'GII'),
(446,'Kaos','Jack Rusell','','','S',379,0,'GII'),
(447,'Django','Perro De Agua','','','L',380,0,'GII'),
(448,'Nika','Cocker Americano','','','S',381,0,'GII'),
(449,'Rinoa','Border Collie','','','L',381,0,'GII'),
(450,'Zeus','Cocker Americano','','','M',381,0,'GII'),
(451,'Lola','Jack Russel','','','S',384,0,'GII'),
(452,'Keep Rolling','Border Collie','','','L',382,0,'GII'),
(453,'Keep','Border Collie','','','L',382,0,'GII'),
(454,'Six','Border Collie','','','L',383,0,'GII'),
(455,'Dream','Border Collie','','','M',385,0,'GII'),
(456,'Terry','Boston Terrier','','','S',386,0,'GII'),
(457,'Robin','Border Collie','','','L',387,0,'GII'),
(458,'Bombon','Border Collie','','','L',388,0,'GII'),
(459,'Lluna','Border Collie','','','L',388,0,'GII'),
(460,'Ever Red','Australian Shepherd','','','L',389,0,'GII'),
(461,'Inky','Chihuahua','','','S',391,0,'GII'),
(462,'Rony','Chihuahua','','','S',391,0,'GII'),
(463,'Blacky','Mestizo','','','L',392,0,'GII'),
(464,'Joy','Perro De Aguas Español','','','M',392,0,'GII'),
(465,'Zazpi','Beagle','','','M',393,0,'GII'),
(466,'Isis','Pastor Belga Malinois','','','L',394,0,'GII'),
(467,'Isis','Pastor Belga Malinois','','','L',394,0,'GII'),
(468,'Geka','Type Terrier Jack Russel','','','S',395,0,'GII'),
(469,'Eidi ','Senneshund','','','M',396,0,'GII'),
(470,'Truco','Borde Collie','','','L',399,0,'GII'),
(471,'Aker','Pdae','','','L',400,0,'GII'),
(472,'Evita Do Pingalim','Parson Russell Terrier ','','','S',398,0,'GII'),
(473,'Sushi','Border Collie','','','L',398,0,'GII'),
(474,'Frank','Border Collie','','','L',397,0,'GII'),
(475,'Oker','Border Collie','','','L',402,0,'GII'),
(476,'Kiki','Mudi','','','M',403,0,'GII'),
(477,'Wifi','Border Collie','','','L',403,0,'GII'),
(478,'Mika','Jack Russel Terrier','','','S',404,0,'GII'),
(479,'Sam','Pastor Alemán','','','L',405,0,'GII'),
(480,'Canis Maior Countdown','Shetland','','','M',406,0,'GII'),
(481,'Maoui','Carea Leones','','','L',407,0,'GII'),
(482,'Gaspard ','Jack Russel','','','S',408,0,'GII'),
(483,'Homer','Border Collie','','','L',409,0,'GII'),
(484,'Mía','Cocker Spaniel','','','M',409,0,'GII'),
(485,'Bruce','Border Collie','','','L',410,0,'GII'),
(486,'G\'jaipur','Berger Belges Malinois','','','L',411,0,'GII'),
(487,'Fertique','Malinois','','','L',412,0,'GII'),
(488,'Gashet','Shetland','','','S',413,0,'GII'),
(489,'End Up Gold','Shelti','','','S',414,0,'GII'),
(490,'Hancock','Ratonero Valenciano','','','S',415,0,'GII'),
(491,'Iron','Border Collie ','','','L',415,0,'GII'),
(492,'Caileigh','Malinois','','','L',416,0,'GII'),
(493,'Xena','Schnauzer','','','S',417,0,'GII'),
(494,'Maggie','Cocker Spaniel Ingles','','','M',418,0,'GII'),
(495,'Page','Tervouren','','','L',419,0,'GII'),
(496,'Qju','Border Collie','','','L',419,0,'GII'),
(497,'Elektra','Border Collie','','','L',420,0,'GII'),
(498,'Baffy','Schnauzer Mini','','','S',421,0,'GII'),
(499,'Pandora','Galgo','','','L',422,0,'GII'),
(500,'Tasha','X','','','L',423,0,'GII'),
(501,'Junior','X Spitz','','','M',425,0,'GII'),
(502,'Freddy','X Croiser Terrier','','','S',424,0,'GII'),
(503,'Lux','Sheltie','','','S',426,0,'GII'),
(504,'Fifa','Border Collie','','','L',427,0,'GII'),
(505,'Indy','Shetland','','','S',428,0,'GII'),
(506,'Deusty','Shetland','','','S',428,0,'GII'),
(507,'Sirio Della Linea Dei Pensieri','Border Collie','','','L',430,0,'GII'),
(508,'Alegra','Papillon','','','S',429,0,'GII'),
(509,'Fox','Border Collie','','','L',429,0,'GII'),
(510,'Teddy','Mestizo','','','S',431,0,'GII'),
(511,'Deusty','Shetland','','','S',432,0,'GII'),
(512,'Indy','Shetland','','','S',432,0,'GII'),
(513,'Fly Away With Me','Shetland','','','M',433,0,'GII'),
(514,'Gun\'s','Border Collie','','','L',434,0,'GII'),
(515,'Gilda','Border Collie','','','L',435,0,'GII'),
(516,'Falak','Schnauzer ','','','M',436,0,'GII'),
(517,'Dwin Dei Matiblu','Border Collie','','','L',437,0,'GII'),
(518,'Sonic','Border Collie','','','L',438,0,'GII'),
(519,'Hitman Om\'sv','Terrier Jack Russell','','','S',440,0,'GII'),
(520,'Mayo','Mixbreed','','','S',440,0,'GII'),
(521,'Kika','West Highland Terrier','','','S',439,0,'GII'),
(522,'Wish','Pdae','','','M',441,0,'GII'),
(523,'Kira','Mestizo','','','M',442,0,'GII'),
(524,'Gap In Black','Border Collie','','','L',443,0,'GII'),
(525,'Silque Fidès','Border Collie','','','L',444,0,'GII'),
(526,'Britley\'s Marty Mc Fly','Border Collie','','','L',444,0,'GII'),
(527,'Silque Fonzy','Border Collie','','','L',444,0,'GII'),
(528,'Silque Keen','Border Collie','','','L',444,0,'GII'),
(529,'Kiwi','Border Collie','','','L',445,0,'GII'),
(530,'Striptease','Border Collie','','','L',445,0,'GII'),
(531,'Artillera','Perro De Aguas Español','','','M',446,0,'GII'),
(532,'Yuca','Mestiza','','','M',448,0,'GII'),
(533,'Grace','Pastor Belga Malinois','','','L',447,0,'GII'),
(534,'Gino','Welsh Corgi Pembroke','','','S',449,0,'GII'),
(535,'Crak','Boder Collie','','','L',450,0,'GII'),
(536,'Momo','Border Collie','','','L',451,0,'GII'),
(537,'Urssula','Jack Russell','','','S',453,0,'GII'),
(538,'Lola','Whippet','','','M',452,0,'GII'),
(539,'Lola','Whippet','','','M',452,0,'GII'),
(540,'Gils Dit Gad','Border Collie','','','L',454,0,'GII'),
(541,'Kiwi','Pastor Del Pirineo','','','L',455,0,'GII'),
(542,'Zoe','American Staffordshire Terrier','','','M',455,0,'GII'),
(543,'Magique Dune Kawaii','Shethland','','','S',456,0,'GII'),
(544,'Gamberro','Pdae','','','L',457,0,'GII'),
(545,'Koba','Border Collie','','','L',457,0,'GII'),
(546,'Zonique','Borde Collie','','','L',457,0,'GII'),
(547,'Gina','Pdae','','','L',458,0,'GII'),
(548,'Luna','.','','','M',459,0,'GII'),
(549,'Chaman','Border Collie','','','L',460,0,'GII'),
(550,'Elea','Border Collie','','','L',460,0,'GII'),
(551,'Inka','Border Collie','','','L',460,0,'GII'),
(552,'Kiowa','Border Collie','','','L',460,0,'GII'),
(553,'Odin','Border Collie','','','L',460,0,'GII'),
(554,'Sioux','Border Collie','','','L',460,0,'GII'),
(555,'Dash','X','','','M',461,0,'GII'),
(556,'Bambam','Pastor Belga Malinois','','','L',462,0,'GII'),
(557,'Eden Blue','Shetland','','','S',463,0,'GII'),
(558,'Heross','Border Collie','','','L',463,0,'GII'),
(559,'Abayoni (yo)','Bordercollie','','','L',464,0,'GII'),
(560,'Dave','Bordercollie','','','L',464,0,'GII'),
(561,'Ava','Caniche','','','S',465,0,'GII'),
(562,'Homer','Pdae','','','M',466,0,'GII'),
(563,'Haka Lady Maori','Border Collie','','','L',467,0,'GII'),
(564,'Funghost Off Us Pale','Berger Australien','','','L',468,0,'GII'),
(565,'Henzo','Bouledogue Francais','','','S',468,0,'GII'),
(566,'Hiwan Makes A Honey Dream','Australian Shepherd','','','L',469,0,'GII'),
(567,'Graffiti Du Bois Du Tôt','Berger Belge Grœnendael ','','','L',470,0,'GII'),
(568,'Arwen','Bc','','','L',471,0,'GII'),
(569,'Vaya','Manchester Terrier','','','M',472,0,'GII'),
(570,'Valla','Manchester Terrier','','','M',472,0,'GII'),
(571,'Fact','Manchester Terrier','','','L',472,0,'GII'),
(572,'Obelix','X','','','L',473,0,'GII'),
(573,'Musa','Carea Leonés','','','L',474,0,'GII'),
(574,'Sua','Border Collie','','','L',475,0,'GII'),
(575,'Nymeria','Mestiza','','','L',476,0,'GII'),
(576,'Frankie','Beagle','','','M',477,0,'GII'),
(577,'Hidyll','Berger Belge Malinois','','','L',479,0,'GII'),
(578,'Decibel','Berger Belge Malinois','','','L',478,0,'GII'),
(579,'Fact','Manchester Terrier','','','L',472,0,'GII'),
(580,'Goku','Golden','','','L',480,0,'GII'),
(581,'Indian Tonic Mojito Des Iris Du Domaine Mouren','Berger Belge Tervueren ','','','L',481,0,'GII'),
(582,'Milady','Borde Collie','','','L',482,0,'GII'),
(583,'Winner','Borde Collie','','','L',482,0,'GII'),
(584,'Guru','Mestizo','','','L',483,0,'GII'),
(585,'Defy','Defy','','','S',484,0,'GII'),
(586,'Doc Little Rocket\'tit','Staffordshire Bull Terrier','','','S',485,0,'GII'),
(587,'Gangster San Peppy','Berger Belge Malinois','','','L',485,0,'GII'),
(588,'Chips','Border Collie','','','L',486,0,'GII'),
(589,'Guest Star','Border Collie','','','L',486,0,'GII'),
(590,'Sua','Border Collie','','','L',488,0,'GII'),
(591,'Aby','Border Collie','','','L',487,0,'GII'),
(592,'Sophie','Jack Russell','','','S',489,0,'GII'),
(593,'Bandido','Pdae','','','L',490,0,'GII'),
(594,'Onyx','Shetland','','','M',491,0,'GII'),
(595,'Trufa','Pdae','','','M',492,0,'GII'),
(596,'Otelo','Caniche','','','S',496,0,'GII'),
(597,'Tierra','Border Collie','','','L',494,0,'GII'),
(598,'Time','Beagle','','','M',497,0,'GII'),
(599,'Nashira','Border Collie','','','L',493,0,'GII'),
(600,'Beltz','Border Collie','','','L',495,0,'GII'),
(601,'Wind','Border Collie','','','L',497,0,'GII'),
(602,'El Hechizo Neverending (Ziggy)','Border Collie','','','L',498,0,'GII'),
(603,'Barry Allen','Border Collie','','','L',499,0,'GII'),
(604,'Aisha','Border Collie','','','L',500,0,'GII'),
(605,'Nut','Border Collie','','','L',501,0,'GII'),
(606,'Perla','Yorkshire','','','S',502,0,'GII'),
(607,'Just','Border Collie','','','L',503,0,'GII'),
(608,'B\'escape','Border Collie','','','L',504,0,'GII'),
(609,'Gala','Border Collie','','','L',505,0,'GII'),
(610,'Nana','Caniche','','','S',506,0,'GII'),
(611,'Skippy','Border Collie','','','L',504,0,'GII'),
(612,'Fito','','','','L',508,0,'GII'),
(613,'Diam\'s','Malinois','','','L',509,0,'GII'),
(614,'Chico','Chico','','','S',510,0,'GII'),
(615,'Zoeh','Zoeh','','','L',510,0,'GII'),
(616,'Jax','Malinois','','','L',511,0,'GII'),
(617,'Wasabi','Border Collie','','','L',511,0,'GII'),
(618,'Kika','Srd','','','L',512,0,'GII'),
(619,'Prada','Border Collie','','','L',512,0,'GII'),
(620,'Rumba','Perro De Aguas Español','','','L',513,0,'GII'),
(621,'I Little Miss Sunshine','Border Collie','','','L',515,0,'GII'),
(622,'Dawa','Shetland','','','M',516,0,'GII'),
(623,'Estive','Border Collie','','','L',516,0,'GII'),
(624,'Steve','Border Collie','','','L',516,0,'GII'),
(625,'Cute','Border Collie','','','L',517,0,'GII'),
(626,'Salty','Shetland','','','S',518,0,'GII'),
(627,'Sheepy','Shetland','','','S',518,0,'GII'),
(628,'Fast','Border Collie','','','L',519,0,'GII'),
(629,'Boo','Type Terrier Jack Russel','','','S',520,0,'GII'),
(630,'Ada','Canaan Dog','','','L',521,0,'GII'),
(631,'Fame','Border Collie','','','L',522,0,'GII'),
(632,'Hot Fever','Border Collie','','','L',522,0,'GII'),
(633,'Félicity La Noire','Shetland','','','S',523,0,'GII'),
(634,'Gismo','X','','','S',524,0,'GII'),
(635,'Astrid Finne Nejaknyt Empire (Sookie)','Border Collie','','','L',525,0,'GII'),
(636,'Yi','P.B.Groenendael','','','L',527,0,'GII'),
(637,'Nuwa','Border Collie','','','L',526,0,'GII'),
(638,'Teufel','Dobermann','','','L',528,0,'GII'),
(639,'Hunter','Bordercollie','','','L',529,0,'GII'),
(640,'Wifi','Schipperke','','','S',530,0,'GII'),
(641,'Thor','Border Collie','','','L',531,0,'GII'),
(642,'Peanut','Shetland','','','S',532,0,'GII'),
(643,'Reav','Border Collie','','','L',532,0,'GII'),
(644,'Hannibal','Borde Collie','','','L',533,0,'GII'),
(645,'Timba','Border Collie','','','L',534,0,'GII'),
(646,'Carança ','Malinois','','','L',535,0,'GII'),
(647,'Hartza','Beagle','','','M',536,0,'GII'),
(648,'Sissi','German Shepherd','','','L',537,0,'GII'),
(649,'Figo','Chien D\'eau Romagnol','','','L',538,0,'GII'),
(650,'Xendy','Border Collie','','','L',540,0,'GII'),
(651,'Kenia','Border Collie','','','L',539,0,'GII'),
(652,'Lara','Breton','','','M',541,0,'GII'),
(653,'Bruno','Perro De Aguas','','','L',542,0,'GII'),
(654,'Lua','Bulldog Frances','','','S',543,0,'GII'),
(655,'Miss Holly','Border Collie','','','L',544,0,'GII'),
(656,'Estike','Estike','','','M',545,0,'GII'),
(657,'Eta','Croatian Sheepdog','','','M',546,0,'GII'),
(658,'Bolt','Border Collie','','','L',548,0,'GII'),
(659,'Ari','Border Collie','','','L',547,0,'GII'),
(660,'Dobra','Border Collie','','','L',549,0,'GII'),
(661,'Deva','Mestizo','','','L',549,0,'GII'),
(662,'Yo','Jagd Terrier','','','M',552,0,'GII'),
(663,'Oli','Border Collie','','','L',552,0,'GII'),
(664,'Noah','Border Collie','','','L',550,0,'GII'),
(665,'Xaiden','Shetland','','','M',553,0,'GII'),
(666,'Bell','Border Collie','','','L',554,0,'GII'),
(667,'Manzanillo ','Jack Russell Terrier ','','','S',555,0,'GII'),
(668,'Dione','Australian Sheperd','','','L',556,0,'GII'),
(669,'Shadow','Border/Australien','','','L',558,0,'GII'),
(670,'Halika','Coton De Tuléar','','','S',557,0,'GII'),
(671,'Kira','Border Collie','','','L',557,0,'GII'),
(672,'Dune Dragon Fly','Berger Australien ','','','L',559,0,'GII'),
(673,'Troya','Border Collie','','','L',560,0,'GII'),
(674,'Gipsy','Mestizo','','','L',560,0,'GII'),
(675,'Chuly','Mestizo','','','L',561,0,'GII'),
(676,'Nymeria','Spanish Water Dog','','','M',562,0,'GII'),
(677,'Turca','Perro De Aguas','','','M',563,0,'GII'),
(678,'Pinu','Kelpie','','','L',564,0,'GII'),
(679,'Even','Border Collie','','','L',565,0,'GII'),
(680,'Fly','04/06/10','','','L',566,0,'GII'),
(681,'Kaj','Croatian Sheepdog','','','L',567,0,'GII'),
(682,'Nora','Pastor Belga Groenendael','','','L',568,0,'GII');
/*!40000 ALTER TABLE `perros` ENABLE KEYS */;
UNLOCK TABLES;

--
-- Table structure for table `provincias`
--

DROP TABLE IF EXISTS `provincias`;
/*!40101 SET @saved_cs_client     = @@character_set_client */;
/*!40101 SET character_set_client = utf8 */;
CREATE TABLE `provincias` (
  `Provincia` varchar(32) NOT NULL DEFAULT '',
  `Comunidad` varchar(32) DEFAULT NULL,
  `Codigo` int(2) NOT NULL DEFAULT '0',
  PRIMARY KEY (`Provincia`),
  UNIQUE KEY `Provincias_Codigo` (`Codigo`)
) ENGINE=InnoDB DEFAULT CHARSET=utf8;
/*!40101 SET character_set_client = @saved_cs_client */;

--
-- Dumping data for table `provincias`
--

LOCK TABLES `provincias` WRITE;
/*!40000 ALTER TABLE `provincias` DISABLE KEYS */;
INSERT INTO `provincias` VALUES 
('-- Sin asignar --','NO BORRAR: Usado para cuando no ',0),
('Albacete','Castilla - La Mancha',2),
('Alicante/Alacant','Comunitat Valenciana',3),
('Almería','Andalucía',4),
('Araba/Álava','País Vasco',1),
('Asturias','Cantabria',33),
('Ávila','Castilla y León',5),
('Badajoz','Extremadura',6),
('Balears, Illes','Balears, Illes',7),
('Barcelona','Cataluña',8),
('Bizkaia/Vizcaya','País Vasco',48),
('Burgos','Castilla y León',9),
('Cáceres','Extremadura',10),
('Cádiz','Andalucía',11),
('Cantabria','Cantabria',39),
('Castellón/Castelló','Comunitat Valenciana',12),
('Ceuta','Ceuta',51),
('Ciudad Real','Castilla - La Mancha',13),
('Córdoba','Andalucía',14),
('Coruña, A','Galicia',15),
('Cuenca','Castilla - La Mancha',16),
('Gipuzkoa/Guipúzcoa','País Vasco',20),
('Girona/Gerona','Cataluña',17),
('Granada','Andalucía',18),
('Guadalajara','Castilla - La Mancha',19),
('Huelva','Andalucía',21),
('Huesca','Aragón',22),
('Jaén','Andalucía',23),
('León','Castilla y León',24),
('Lleida/Lérida','Cataluña',25),
('Lugo','Galicia',27),
('Madrid','Madrid, Comunidad de',28),
('Málaga','Andalucía',29),
('Melilla','Melilla',52),
('Murcia','Murcia, Región de',30),
('Navarra','Navarra, Comunidad Foral de',31),
('Ourense/Orense','Galicia',32),
('Palencia','Castilla y León',34),
('Palmas, Las','Canarias',35),
('Pontevedra','Galicia',36),
('Rioja, La','Rioja, La',26),
('Salamanca','Castilla y León',37),
('Santa Cruz de Te','Canarias',38),
('Segovia','Castilla y León',40),
('Sevilla','Andalucía',41),
('Soria','Castilla y León',42),
('Tarragona','Cataluña',43),
('Teruel','Aragón',44),
('Toledo','Castilla - La Mancha',45),
('Valencia/Valéncia','Comunitat Valenciana',46),
('Valladolid','Castilla y León',47),
('Zamora','Castilla y León',49),
('Zaragoza','Aragón',50);
/*!40000 ALTER TABLE `provincias` ENABLE KEYS */;
UNLOCK TABLES;

--
-- Table structure for table `pruebas`
--

DROP TABLE IF EXISTS `pruebas`;
/*!40101 SET @saved_cs_client     = @@character_set_client */;
/*!40101 SET character_set_client = utf8 */;
CREATE TABLE `pruebas` (
  `ID` int(4) NOT NULL AUTO_INCREMENT,
  `Operador` int(4) DEFAULT NULL,
  `Nombre` varchar(255) NOT NULL,
  `Club` int(4) NOT NULL DEFAULT '1',
  `Ubicacion` varchar(255) DEFAULT NULL,
  `Triptico` longblob,
  `Cartel` longblob,
  `Observaciones` varchar(255) DEFAULT NULL,
  `RSCE` tinyint(1) NOT NULL DEFAULT '0',
  `Selectiva` tinyint(1) NOT NULL DEFAULT '0',
  `Cerrada` tinyint(1) NOT NULL DEFAULT '0',
  PRIMARY KEY (`ID`),
  KEY `Pruebas_Club` (`Club`),
  CONSTRAINT `Pruebas_ibfk_1` FOREIGN KEY (`Club`) REFERENCES `clubes` (`ID`) ON UPDATE CASCADE
) ENGINE=InnoDB AUTO_INCREMENT=6 DEFAULT CHARSET=utf8;
/*!40101 SET character_set_client = @saved_cs_client */;

--
-- Dumping data for table `pruebas`
--

LOCK TABLES `pruebas` WRITE;
/*!40000 ALTER TABLE `pruebas` DISABLE KEYS */;
INSERT INTO `pruebas` VALUES 
(1,NULL,'-- Sin asignar --',1,NULL,NULL,NULL,'NO BORRAR: Prueba por defecto para jornadas huerfanas',0,0,1),
(2,NULL,'L\'Almozara Dog Festival - Jumping',2,'Campo de Futbol Municipal de Zuera','','','',0,0,0),
(3,NULL,'L\'Almozara Dog Festival - Teams',2,'Campo de Futbol municipal de Zuera','','','',0,0,0),
(4,NULL,'L\'Almozara Dog Festival - Individual',2,'Campo de Futbol Municipal de Zuera','','','',0,0,0),
(5,NULL,'Prueba de prueba',2,'Prueba NO PUBLICA: para experimento','','','',0,0,0);
/*!40000 ALTER TABLE `pruebas` ENABLE KEYS */;
UNLOCK TABLES;

--
-- Table structure for table `resultados`
--

DROP TABLE IF EXISTS `resultados`;
/*!40101 SET @saved_cs_client     = @@character_set_client */;
/*!40101 SET character_set_client = utf8 */;
CREATE TABLE `resultados` (
  `Prueba` int(4) NOT NULL,
  `Jornada` int(4) NOT NULL,
  `Manga` int(4) NOT NULL,
  `Dorsal` int(4) NOT NULL,
  `Perro` int(4) NOT NULL,
  `Equipo` int(4) NOT NULL DEFAULT '0',
  `Nombre` varchar(255) NOT NULL,
  `Raza` varchar(255) NOT NULL DEFAULT '',
  `Licencia` varchar(255) NOT NULL DEFAULT '--------',
  `Categoria` varchar(1) NOT NULL DEFAULT '-',
  `Grado` varchar(16) NOT NULL DEFAULT '-',
  `Celo` tinyint(1) NOT NULL DEFAULT '0',
  `NombreGuia` varchar(255) NOT NULL DEFAULT '-- Sin asignar --',
  `NombreClub` varchar(255) NOT NULL DEFAULT '-- Sin asignar --',
  `Entrada` timestamp NOT NULL DEFAULT '2014-01-01 00:00:00',
  `Comienzo` timestamp NOT NULL DEFAULT '2014-01-01 00:00:00',
  `Faltas` int(4) NOT NULL DEFAULT '0',
  `Rehuses` int(4) NOT NULL DEFAULT '0',
  `Tocados` int(4) NOT NULL DEFAULT '0',
  `Eliminado` tinyint(1) NOT NULL DEFAULT '0',
  `NoPresentado` tinyint(1) NOT NULL DEFAULT '0',
  `Tiempo` double NOT NULL DEFAULT '0',
  `Observaciones` varchar(255) NOT NULL DEFAULT '',
  `Pendiente` tinyint(1) NOT NULL DEFAULT '1',
  PRIMARY KEY (`Manga`,`Perro`),
  KEY `Resultados_Perro` (`Perro`),
  KEY `Resultados_Manga` (`Manga`),
  KEY `Resultados_Dorsal` (`Dorsal`),
  KEY `Resultados_Jornada` (`Jornada`),
  KEY `Resultados_Prueba` (`Prueba`),
  CONSTRAINT `Resultados_ibfk_1` FOREIGN KEY (`Perro`) REFERENCES `perros` (`ID`) ON DELETE CASCADE ON UPDATE CASCADE,
  CONSTRAINT `Resultados_ibfk_2` FOREIGN KEY (`Manga`) REFERENCES `mangas` (`ID`) ON DELETE CASCADE ON UPDATE CASCADE,
  CONSTRAINT `Resultados_ibfk_3` FOREIGN KEY (`Prueba`) REFERENCES `pruebas` (`ID`) ON DELETE CASCADE ON UPDATE CASCADE,
  CONSTRAINT `Resultados_ibfk_4` FOREIGN KEY (`Jornada`) REFERENCES `jornadas` (`ID`) ON DELETE CASCADE ON UPDATE CASCADE
) ENGINE=InnoDB DEFAULT CHARSET=utf8;
/*!40101 SET character_set_client = @saved_cs_client */;

--
-- Dumping data for table `resultados`
--

LOCK TABLES `resultados` WRITE;
/*!40000 ALTER TABLE `resultados` DISABLE KEYS */;
/*!40000 ALTER TABLE `resultados` ENABLE KEYS */;
UNLOCK TABLES;

--
-- Table structure for table `sesiones`
--

DROP TABLE IF EXISTS `sesiones`;
/*!40101 SET @saved_cs_client     = @@character_set_client */;
/*!40101 SET character_set_client = utf8 */;
CREATE TABLE `sesiones` (
  `ID` int(4) NOT NULL AUTO_INCREMENT,
  `Nombre` varchar(255) NOT NULL DEFAULT '-- Sin asignar --',
  `Comentario` varchar(255) DEFAULT NULL,
  `Operador` int(4) NOT NULL DEFAULT '1',
  `SessionKey` varchar(255) DEFAULT NULL,
  `Prueba` int(4) NOT NULL DEFAULT '0',
  `Jornada` int(4) NOT NULL DEFAULT '0',
  `Manga` int(4) NOT NULL DEFAULT '0',
  `Tanda` int(4) NOT NULL DEFAULT '0',
  `Background` varchar(255) NOT NULL DEFAULT '',
  `LiveStream` varchar(255) DEFAULT NULL,
  `LiveStream2` varchar(255) DEFAULT NULL,
  `LiveStream3` varchar(255) DEFAULT NULL,
  `LastModified` timestamp NOT NULL DEFAULT CURRENT_TIMESTAMP ON UPDATE CURRENT_TIMESTAMP,
  PRIMARY KEY (`ID`),
  KEY `Sesiones_Operador` (`Operador`),
  CONSTRAINT `Sesiones_ibfk_1` FOREIGN KEY (`Operador`) REFERENCES `usuarios` (`ID`) ON DELETE CASCADE ON UPDATE CASCADE
) ENGINE=InnoDB AUTO_INCREMENT=16 DEFAULT CHARSET=utf8;
/*!40101 SET character_set_client = @saved_cs_client */;

--
-- Dumping data for table `sesiones`
--

LOCK TABLES `sesiones` WRITE;
/*!40000 ALTER TABLE `sesiones` DISABLE KEYS */;
INSERT INTO `sesiones` VALUES 
(1,'-- Sin asignar --','Actividades fuera de ring',5,'qIHDXyhc54AZkfWT',2,9,1,153,'','/agility/videos/sample_video.mp4',NULL,NULL,'2015-05-13 12:07:44'),
(2,'Ring 1','Ring 1 / Ring de Honor',5,'JVYba0svX8wUrgNy',12,90,64,1368,'http://192.168.122.168/videostream.cgi','/agility/videos/sample_video.mp4','','','2015-06-11 09:04:03'),
(3,'Ring 2','Mangas a realizar en el segundo ring',5,'RfACb3MEl5ieNkgr',13,97,0,0,'',NULL,NULL,NULL,'2015-06-05 16:38:46'),
(4,'Ring 3','Mangas a realizar en el tercer ring',1,NULL,0,0,0,0,'',NULL,NULL,NULL,'2014-12-05 19:14:34'),
(5,'Ring 4','Mangas a realizar en el cuarto ring',1,NULL,0,0,0,0,'',NULL,NULL,NULL,'2014-12-05 19:14:34'),
(14,'Console','admin - Administrador de la aplicacion',3,'z2QwvKebyc95DZlP',0,0,0,0,'',NULL,NULL,NULL,'2015-06-24 22:38:54'),
(15,'Console','ring1 - Operador del ring 1',7,'nFBwit7YIgKl0vsP',0,0,0,0,'',NULL,NULL,NULL,'2015-06-24 22:43:55');
/*!40000 ALTER TABLE `sesiones` ENABLE KEYS */;
UNLOCK TABLES;

--
-- Table structure for table `tandas`
--

DROP TABLE IF EXISTS `tandas`;
/*!40101 SET @saved_cs_client     = @@character_set_client */;
/*!40101 SET character_set_client = utf8 */;
CREATE TABLE `tandas` (
  `ID` int(4) NOT NULL AUTO_INCREMENT,
  `Prueba` int(4) NOT NULL DEFAULT '1',
  `Jornada` int(4) NOT NULL,
  `Sesion` int(4) NOT NULL DEFAULT '1',
  `Orden` int(4) NOT NULL,
  `Nombre` varchar(255) NOT NULL,
  `Categoria` varchar(16) NOT NULL,
  `Grado` varchar(16) NOT NULL,
  `Horario` varchar(128) DEFAULT NULL,
  `Tipo` int(4) NOT NULL,
  `Comentario` varchar(255) DEFAULT NULL,
  PRIMARY KEY (`ID`),
  KEY `Tandas_Prueba` (`Prueba`),
  KEY `Tandas_Jornada` (`Jornada`),
  KEY `Tandas_Sesion` (`Sesion`),
  CONSTRAINT `Tandas_ibfk_1` FOREIGN KEY (`Prueba`) REFERENCES `pruebas` (`ID`) ON DELETE CASCADE ON UPDATE CASCADE,
  CONSTRAINT `Tandas_ibfk_2` FOREIGN KEY (`Jornada`) REFERENCES `jornadas` (`ID`) ON DELETE CASCADE ON UPDATE CASCADE,
  CONSTRAINT `Tandas_ibfk_3` FOREIGN KEY (`Sesion`) REFERENCES `sesiones` (`ID`) ON UPDATE CASCADE
) ENGINE=InnoDB AUTO_INCREMENT=27 DEFAULT CHARSET=utf8;
/*!40101 SET character_set_client = @saved_cs_client */;

--
-- Dumping data for table `tandas`
--

LOCK TABLES `tandas` WRITE;
/*!40000 ALTER TABLE `tandas` DISABLE KEYS */;
INSERT INTO `tandas` VALUES 
(1,2,9,2,4,'Manga Especial Large','L','-',NULL,38,NULL),
(2,2,9,2,5,'Manga Especial Medium','M','-',NULL,39,NULL),
(3,2,9,2,6,'Manga Especial Small','S','-',NULL,40,NULL),
(4,3,17,2,1,'Ag. Equipos 4 Large','L','-',NULL,21,NULL),
(5,3,17,2,2,'Ag. Equipos 4 Med/Small','MS','-',NULL,22,NULL),
(6,3,17,2,3,'Jp. Equipos 4 Large','L','-',NULL,35,NULL),
(7,3,17,2,4,'Jp. Equipos 4 Med/Small','MS','-',NULL,36,NULL),
(8,4,25,2,1,'Agility Open Large','L','-',NULL,15,NULL),
(9,4,25,2,2,'Agility Open Medium','M','-',NULL,16,NULL),
(10,4,25,2,3,'Agility Open Small','S','-',NULL,17,NULL),
(11,4,25,2,4,'Jumping Open Large','L','-',NULL,29,NULL),
(12,4,25,2,5,'Jumping Open Medium','M','-',NULL,30,NULL),
(13,4,25,2,6,'Jumping Open Small','S','-',NULL,31,NULL),
(14,5,33,2,1,'Manga Especial Large','L','-',NULL,38,NULL),
(15,5,33,2,2,'Manga Especial Medium','M','-',NULL,39,NULL),
(16,5,33,2,3,'Manga Especial Small','S','-',NULL,40,NULL),
(17,5,34,2,1,'Ag. Equipos 4 Large','L','-',NULL,21,NULL),
(18,5,34,2,2,'Ag. Equipos 4 Med/Small','MS','-',NULL,22,NULL),
(19,5,34,2,3,'Jp. Equipos 4 Large','L','-',NULL,35,NULL),
(20,5,34,2,4,'Jp. Equipos 4 Med/Small','MS','-',NULL,36,NULL),
(21,5,35,2,1,'Agility Open Large','L','-',NULL,15,NULL),
(22,5,35,2,2,'Agility Open Medium','M','-',NULL,16,NULL),
(23,5,35,2,3,'Agility Open Small','S','-',NULL,17,NULL),
(24,5,35,2,4,'Jumping Open Large','L','-',NULL,29,NULL),
(25,5,35,2,5,'Jumping Open Medium','M','-',NULL,30,NULL),
(26,5,35,2,6,'Jumping Open Small','S','-',NULL,31,NULL);
/*!40000 ALTER TABLE `tandas` ENABLE KEYS */;
UNLOCK TABLES;

--
-- Table structure for table `tipo_manga`
--

DROP TABLE IF EXISTS `tipo_manga`;
/*!40101 SET @saved_cs_client     = @@character_set_client */;
/*!40101 SET character_set_client = utf8 */;
CREATE TABLE `tipo_manga` (
  `ID` int(4) NOT NULL AUTO_INCREMENT,
  `Descripcion` varchar(255) DEFAULT NULL,
  `Grado` varchar(16) NOT NULL DEFAULT '-',
  PRIMARY KEY (`ID`),
  KEY `Descripcion` (`Descripcion`),
  KEY `Grado` (`Grado`),
  CONSTRAINT `Tipo_Manga_ibfk_1` FOREIGN KEY (`Grado`) REFERENCES `grados_perro` (`Grado`) ON DELETE CASCADE ON UPDATE CASCADE
) ENGINE=InnoDB AUTO_INCREMENT=17 DEFAULT CHARSET=utf8;
/*!40101 SET character_set_client = @saved_cs_client */;

--
-- Dumping data for table `tipo_manga`
--

LOCK TABLES `tipo_manga` WRITE;
/*!40000 ALTER TABLE `tipo_manga` DISABLE KEYS */;
INSERT INTO `tipo_manga` VALUES 
(1,'Pre-Agility Manga 1','P.A.'),
(2,'Pre-Agility Manga 2','P.A.'),
(3,'Agility Grado I Manga 1','GI'),
(4,'Agility Grado I Manga 2','GI'),
(5,'Agility Grado II','GII'),
(6,'Agility Grado III','GIII'),
(7,'Agility Abierta','-'),
(8,'Agility Equipos (3 mejores)','-'),
(9,'Agility Equipos (Conjunta)','-'),
(10,'Jumping Grado II','GII'),
(11,'Jumping Grado III','GIII'),
(12,'Jumping Abierta','-'),
(13,'Jumping Equipos (3 mejores)','-'),
(14,'Jumping Equipos (Conjunta)','-'),
(15,'Ronda K.O.','-'),
(16,'Manga Especial','-');
/*!40000 ALTER TABLE `tipo_manga` ENABLE KEYS */;
UNLOCK TABLES;

--
-- Table structure for table `usuarios`
--

DROP TABLE IF EXISTS `usuarios`;
/*!40101 SET @saved_cs_client     = @@character_set_client */;
/*!40101 SET character_set_client = utf8 */;
CREATE TABLE `usuarios` (
  `ID` int(4) NOT NULL AUTO_INCREMENT,
  `Login` varchar(255) NOT NULL,
  `Password` varchar(255) DEFAULT NULL,
  `Gecos` varchar(255) NOT NULL DEFAULT '',
  `Phone` varchar(255) NOT NULL DEFAULT '',
  `Email` varchar(255) NOT NULL DEFAULT '',
  `Perms` int(4) NOT NULL DEFAULT '5',
  PRIMARY KEY (`ID`),
  UNIQUE KEY `Login` (`Login`)
) ENGINE=InnoDB AUTO_INCREMENT=11 DEFAULT CHARSET=utf8;
/*!40101 SET character_set_client = @saved_cs_client */;

--
-- Dumping data for table `usuarios`
--

LOCK TABLES `usuarios` WRITE;
/*!40000 ALTER TABLE `usuarios` DISABLE KEYS */;
INSERT INTO `usuarios` VALUES 
(1,'-- Sin asignar --','--LOCKED--','NO BORRAR: Usuario por defecto para sesiones anonimas','','',5),
(2,'root','JDJ5JDEwJHc2Lm50WFhsQUYuWDl2Zm9JbnNVb09TVEVwcllGaHBCQjFQYk12Yk81VzlJWDd0cTNPRnd5','Usuario Root','','',0),
(3,'admin','JDJ5JDEwJFcwa3B4YUxDVkJ0OVd0NFZVNUhzcXVBTE1yN0x2WWhBTFo4RHQ5TWZZQzgzZGRnMDA1VlVD','Administrador de la aplicacion','','',1),
(4,'operator','JDJ5JDEwJHMyclNoQUtsMlJ0UU5pRG9yUXF3QXUwbEVRdWpUT0daSXJGZmJLR3B4MEVHRzRiOFNYSjdt','Operador de consola','','',2),
(5,'assistant','JDJ5JDEwJHRLL09tT2xJZ1lRRlovNVhsLksxRC52aXo4L1UxNTMub1EwRDRoZ3pCZDcxRHRnSmo0LmE2','Asistente del juez (tablet)','','',3),
(6,'guest','--NULL--','Usuario invitado (anonimo)','','',4),
(7,'ring1','JDJ5JDEwJFlLRThzaDFPd2liNXlPQWdjaUhtYy56NWdaVk53Y3N3aUR4Q0gxajFzRXQ4a1ZSZ2NSWEEu','Operador del ring 1','','',3),
(8,'ring2','JDJ5JDEwJEFXQ2NqMllYSVdoNTNYTkhLTGJUSmVTU1FoeEcvWDEzZW9lclgwZjJ6eHVaYWc2djVHcG1l','Operador del Ring 2','','',3),
(9,'ring3','JDJ5JDEwJFV2SGtRT0lsamdQc1UwdmhQbVZYck9RTG5ldVVqOVVDejdWdkZmWUdEMnZ3ckJUNEFLNGQu','Operador del Ring 3','','',3),
(10,'ring4','JDJ5JDEwJGJsTVQyS3Y4cTlUQjhtS2FGZFFRTGVUWGNveGdJYk5LRE1NVTFFeHozV3ZBNVhSMmVrOG4u','Operador del Ring 4','','',3);
/*!40000 ALTER TABLE `usuarios` ENABLE KEYS */;
UNLOCK TABLES;

--
-- Table structure for table `versionhistory`
--

DROP TABLE IF EXISTS `versionhistory`;
/*!40101 SET @saved_cs_client     = @@character_set_client */;
/*!40101 SET character_set_client = utf8 */;
CREATE TABLE `versionhistory` (
  `Version` varchar(16) NOT NULL DEFAULT '{MINVER}',
  `Updated` timestamp NOT NULL DEFAULT CURRENT_TIMESTAMP,
  PRIMARY KEY (`Version`)
) ENGINE=InnoDB DEFAULT CHARSET=utf8;
/*!40101 SET character_set_client = @saved_cs_client */;

--
-- Dumping data for table `versionhistory`
--

LOCK TABLES `versionhistory` WRITE;
/*!40000 ALTER TABLE `versionhistory` DISABLE KEYS */;
INSERT INTO `versionhistory` VALUES 
('20150609_1457','2015-06-10 12:19:56'),
('20150611_1445','2015-06-11 12:46:13'),
('20150612_1421','2015-06-17 00:56:52'),
('20150619_1843','2015-06-24 16:50:04');
/*!40000 ALTER TABLE `versionhistory` ENABLE KEYS */;
UNLOCK TABLES;

--
-- Dumping routines for database 'agility'
--

-- insufficient privileges to SHOW CREATE PROCEDURE `AddColumnUnlessExists`
-- does agility_operator have permissions on mysql.proc?

